"","Instrument","Company.Common.Name","Deal.Permid","Loan.Dates..Announcement.Date","Loan.Dates..Financial.Close.Date.of.Loan.Package","Maturity..Maturity.Date","Loan.Type","Use.of.Proceeds","Loan.Repayment..Type","Loans.Issuer.Borrower.Ultimate.Parent.Name.Full","Loan.Package.Amount","Number.of.all.Managers..inc..Int.l.Co.Managers","All.Managers..inc..Int.l.Co.Managers..Parent..Full.Name.","All.Managers..inc..Int.l.Co.Managers..Parent..Code.","All.Loans.Manager.Roles","Loan.Manager.Commitment.Amount"
"1",4296555324,"Cargill Inc",154083347001,"1988-05-05","1988-05-05",NA,"Term Loan","General Corporate Purpose","Amortizing","Cargill Inc",8.5e+08,4,"HSBC Holdings PLC","SAM-CAPEL-HSBC","Arranger",212500000
"2",4296555324,"Cargill Inc",154083347002,"1988-05-05","1988-05-05",NA,"Term Loan","General Corporate Purpose","Amortizing","Cargill Inc",8.5e+08,21,"NatWest","NATWEST-GRP","Participant",40476190.4761905
"3",4296555324,"Cargill Inc",154083370434,"1996-10-01","1997-06-27","2008-04-01","Project Financing","Non-Recourse Project Finance","Amortizing","Cargill Inc",1255859569.79953,38,"Barclays","BARCLAYS-CAP","Participant",33048936.0473561
"4",4296555324,"Cargill Inc",154083376593,"1991-05-01","1991-09-16","2008-09-16","Term Loan","Electricity","Amortizing","Cargill Inc",1381311464.0164,22,"BNP Paribas SA","BNP-PARIBAS","Participant",62786884.7280182
"5",4296555324,"Cargill Inc",154083376594,"1991-05-01","1991-09-16","2007-09-16","Term Loan","Refinancing","Amortizing","Cargill Inc",1381311464.0164,31,"BNP Paribas SA","BNP-PARIBAS","Participant",44558434.3231097
"6",4296555324,"Cargill Inc",154083377635,"1992-02-12","1992-02-12","2007-02-12","Term Loan","Project Finance","Amortizing","Cargill Inc",730500000,12,"CIBC World Markets Inc","CIBC-WORLD","Participant",60875000
"7",4296555324,"Cargill Inc",154083386056,"1996-02-28","1996-02-28","1999-03-01","Revolving Credit Facility","Energy","Bullet","Cargill Inc",5e+08,27,"Credit Agricole Corporate & Investment Bank","CREDIT-AGRI-CIB","Participant",18518518.5185185
"8",4296555324,"Cargill Inc",154083386057,"1996-02-28","1996-02-28","2001-03-02","Term Loan","Project Finance","Amortizing","Cargill Inc",5e+08,10,"UBS","UBS-BANK","Participant",5e+07
"9",4296555324,"Cargill Inc",154083389437,"1995-07-31","1995-07-31","2000-07-31","Revolving Credit Facility","Energy",NA,"Cargill Inc",1.5e+08,38,"Deutsche Bank","DEUTSCHE-BANK","Participant",3947368.42105263
"10",4296555324,"Cargill Inc",154083389878,"1996-10-11","1996-10-11",NA,"Revolving Credit Facility","Refinancing",NA,"Cargill Inc",5e+08,17,"Mizuho Financial Group","MIZUHO-FINAN","Participant",29411764.7058824
"11",4296555324,"Cargill Inc",154083389879,"1996-10-11","1996-10-11",NA,"Revolving Credit Facility","Acquisition Finance",NA,"Cargill Inc",5e+08,6,"Mizuho Financial Group","MIZUHO-FINAN","Participant",83333333.3333333
"12",4296555324,"Cargill Inc",154083389880,"1996-10-11","1996-10-11",NA,"Term Loan","Refinancing",NA,"Cargill Inc",5e+08,13,"Mitsubishi UFJ Financial Group","MITSUBISHI-UFJ","Participant",38461538.4615385
"13",4296555324,"Cargill Inc",154083391283,"1997-02-04","1997-02-04",NA,"Revolving Credit Facility","Refinancing",NA,"Cargill Inc",4.5e+07,38,"NatWest","NATWEST-GRP","Participant",1184210.52631579
"14",4296555324,"Cargill Inc",154083392153,"1995-08-01","1995-08-01",NA,"Letter Of Credit","General Corporate Purpose",NA,"Broken Hill Pty Co Ltd{BHP}",3.5e+08,17,"RBC Capital Markets","RBC-CAP-MKTS","Participant",20588235.2941176
"15",4296555324,"Cargill Inc",154083393455,"1997-05-13","1997-05-13","2000-05-13","Revolving Credit Facility","General Corporate Purpose",NA,"Cargill Inc",5e+08,31,"Mitsubishi UFJ Financial Group","MITSUBISHI-UFJ","Participant",16129032.2580645
"16",4296555324,"Cargill Inc",154083393456,"1997-05-13","1997-05-13","2000-05-13","Revolving Credit Facility","General Corporate Purpose",NA,"Cargill Inc",5e+08,22,"UBS","UBS-BANK","Participant",22727272.7272727
"17",4296555324,"Cargill Inc",154083393457,"1997-05-13","1997-05-13","2002-05-13","Term Loan","General Corporate Purpose",NA,"Cargill Inc",5e+08,41,"Societe Generale SA","SOC-GEN","Participant",12195121.9512195
"18",4296555324,"Cargill Inc",154083395875,"1997-12-15","1997-12-15","1998-12-14","Revolving Credit Facility","General Corporate Purpose","Bullet","Cargill Inc",1e+09,20,"UBS","UBS-BANK","Participant",5e+07
"19",4296555324,"Cargill Inc",154083395876,"1997-12-15","1997-12-15","2002-12-15","Revolving Credit Facility","General Corporate Purpose","Bullet","Cargill Inc",1e+09,40,"Westpac Banking Corp","WESTPAC","Participant",2.5e+07
"20",4296555324,"Cargill Inc",154083397252,"1998-04-01","1998-04-01","1999-03-31","Revolving Credit Facility","Refinancing","Bullet","Cargill Inc",1e+09,2,"HSBC Holdings PLC","SAM-CAPEL-HSBC","Arranger",5e+08
"21",4296555324,"Cargill Inc",154083400549,"1999-03-01","1999-03-01",NA,"Revolving Credit Facility","Refinancing","Bullet","Cargill Inc",2.5e+08,7,"NatWest","NATWEST-GRP","Participant",35714285.7142857
"22",4296555324,"Cargill Inc",154083400564,"1998-12-14","1998-12-14","1999-12-13","Revolving Credit Facility","Refinancing","Bullet","Cargill Inc",3.5e+08,22,"Barclays","BARCLAYS-CAP","Participant",15909090.9090909
"23",4296555324,"Cargill Inc",154083408589,"2000-05-18","2000-05-18","2005-05-18","Term Loan","Acquisition Finance",NA,"Cargill Inc",152100000,19,"BNP Paribas SA","BNP-PARIBAS","Participant",8005263.15789474
"24",4296555324,"Cargill Inc",154083408887,"2000-07-21","2000-07-21","2007-07-21","Revolving Credit Facility","Acquisition Finance",NA,"The Dow Chemical Co",2.6e+08,13,"BNP Paribas SA","BNP-PARIBAS","Participant",2e+07
"25",4296555324,"Cargill Inc",154083408888,"2000-07-21","2000-07-21","2007-07-21","Term Loan","Bridging Loan",NA,"The Dow Chemical Co",2.6e+08,6,"CIBC World Markets Inc","CIBC-WORLD","Participant",43333333.3333333
"26",4296555324,"Cargill Inc",154083409487,"1999-12-08","1999-12-08","2000-12-06","Revolving Credit Facility","Acquisition Finance",NA,"Cargill Inc",3.5e+08,22,"Credit Agricole Corporate & Investment Bank","CREDIT-AGRI-CIB","Participant",15909090.9090909
"27",4296555324,"Cargill Inc",154083411438,"1999-12-08","1999-12-08","2004-12-08","Revolving Credit Facility","Standby/CP Support","Bullet","Cargill Inc",6.5e+08,40,"UBS","UBS-BANK","Participant",16250000
"28",4296555324,"Cargill Inc",154083415363,"2000-09-29","2000-09-29","2001-09-28","Revolving Credit Facility","General Corporate Purpose",NA,"Cargill Inc",8e+08,25,"Deutsche Bank","DEUTSCHE-BANK","Participant",3.2e+07
"29",4296555324,"Cargill Inc",154083415364,"2000-09-29","2000-09-29","2002-12-15","Revolving Credit Facility","Refinancing","Bullet","Cargill Inc",8e+08,5,"Mizuho Financial Group","MIZUHO-FINAN","Participant",1.6e+08
"30",4296555324,"Cargill Inc",154083419478,"2001-05-17","2001-05-17","2006-05-17","Revolving Credit Facility","Future Acquisitions","Bullet","Cargill Inc",5e+08,10,"Mizuho Financial Group","MIZUHO-FINAN","Participant",5e+07
"31",4296555324,"Cargill Inc",154083419960,"2001-11-07",NA,NA,"Bridge Loan","General Corporate Purpose",NA,"Cargill Inc",1.85e+08,23,"Mitsubishi UFJ Financial Group","MITSUBISHI-UFJ","Participant",8043478.26086957
"32",4296555324,"Cargill Inc",154083420003,"2001-05-17","2001-05-17","2006-11-17","Term Loan","Project Finance","Amortizing","Cargill Inc",5e+08,20,"NatWest","NATWEST-GRP","Participant",2.5e+07
"33",4296555324,"Cargill Inc",154083422783,"2001-10-30","2001-10-30","2006-10-30","Term Loan","General Corporate Purpose","Amortizing","Cargill Inc",38437690.6131379,19,"RBC Capital Markets","RBC-CAP-MKTS","Participant",2023036.34805989
"34",4296555324,"Cargill Inc",154083422784,"2001-10-30","2001-10-30","2006-10-30","Revolving Credit Facility","Project Finance","Bullet","Cargill Inc",38437690.6131379,19,"Mitsubishi UFJ Financial Group","MITSUBISHI-UFJ","Participant",2023036.34805989
"35",4296555324,"Cargill Inc",154083424486,"2001-10-16","2001-11-28","2008-05-28","Revolving Credit Facility","General Corporate Purpose","Bullet","Cargill Inc",3.1e+08,15,"UBS","UBS-BANK","Participant",20666666.6666667
"36",4296555324,"Cargill Inc",154083426662,"2001-10-16","2001-11-28","2009-12-01","Term Loan","General Corporate Purpose","Amortizing","Cargill Inc",3.1e+08,34,"Societe Generale SA","SOC-GEN","Participant",9117647.05882353
"37",4296555324,"Cargill Inc",154083427668,"2002-06-05","2002-06-05","2009-06-05","Revolving Credit Facility","General Corporate Purpose",NA,"The Dow Chemical Co",5e+07,3,"UBS","UBS-BANK","Participant",16666666.6666667
"38",4296555324,"Cargill Inc",154083427977,"2002-06-14","2002-06-14","2007-06-14","Revolving Credit Facility","General Corporate Purpose",NA,"Cargill Inc",3.4e+07,5,"Westpac Banking Corp","WESTPAC","Participant",6800000
"39",4296555324,"Cargill Inc",154083427978,"2002-06-14","2002-06-14","2007-06-14","Term Loan","Future Acquisitions",NA,"Cargill Inc",3.4e+07,38,"Landesbank Hessen-Thueringen Girozentrale","HESSEN-T","Lead Manager",894736.842105263
"40",4296555324,"Cargill Inc",154083432173,"2003-02-21","2003-02-21","2006-05-17","Revolving Credit Facility","General Corporate Purpose","Bullet","Cargill Inc",471100000,10,"HSBC Holdings PLC","SAM-CAPEL-HSBC","Lead Manager",47110000
"41",4296555324,"Cargill Inc",154083432174,"2003-02-21","2003-02-21","2006-11-17","Term Loan","Pay Fees And Expenses","Amortizing","Cargill Inc",471100000,22,"Mizuho Financial Group","MIZUHO-FINAN","Lead Manager",21413636.3636364
"42",4296555324,"Cargill Inc",154083438017,"2003-10-01","2003-11-05","2004-11-03","Revolving Credit Facility","Working Capital",NA,"Cargill Inc",2.5e+09,17,"Mitsubishi UFJ Financial Group","MITSUBISHI-UFJ","Lead Manager",147058823.529412
"43",4296555324,"Cargill Inc",154083438018,"2003-10-01","2003-11-05","2008-11-08","Revolving Credit Facility","Refinancing",NA,"Cargill Inc",2.5e+09,34,"Leonia PLC","LEONPL","Lead Manager",73529411.7647059
"44",4296555324,"Cargill Inc",154083448755,"2004-05-14","2004-05-14","2007-07-14","Term Loan","Bridging Loan",NA,"The Dow Chemical Co",2.1e+08,12,"NatWest","NATWEST-GRP","Lead Manager",17500000
"45",4296555324,"Cargill Inc",154083449121,"2004-10-07","2004-11-05","2005-11-04","364 Day Revolver","General Corporate Purpose",NA,"Cargill Inc",3e+09,2,"Sumitomo Mitsui Financial Group Inc","SUM-MIT-FIN-GRP","Lead Manager",1.5e+09
"46",4296555324,"Cargill Inc",154083449122,"2004-10-07","2004-11-05","2008-11-05","Revolving Credit Facility","Pay Fees And Expenses",NA,"Cargill Inc",3e+09,6,"Mitsubishi UFJ Financial Group","MITSUBISHI-UFJ","Lead Manager",5e+08
"47",4296555324,"Cargill Inc",154083451774,"2004-10-22","2004-10-22","2005-01-20","Revolving Credit Facility","Working Capital",NA,"Cargill Inc",1.6e+08,25,"Sumitomo Mitsui Financial Group Inc","SUM-MIT-FIN-GRP","Lead Manager",6400000
"48",4296555324,"Cargill Inc",154083452497,"2005-01-21","2005-02-18","2010-02-18","Revolving Credit Facility","Refinancing","Bullet","Cargill Inc",8.5e+08,38,"TD Securities Inc","TD-SECURITIES","Lead Manager",22368421.0526316
"49",4296555324,"Cargill Inc",154083452498,"2005-01-21","2005-02-18","2010-02-18","Term Loan A","Leveraged Buyout","Amortizing","Cargill Inc",8.5e+08,2,"Portigon AG","PORTIGON","Lead Manager",4.25e+08
"50",4296555324,"Cargill Inc",154083452499,"2005-01-21","2005-02-18","2012-02-18","Term Loan B","Leveraged Buyout","Amortizing","Cargill Inc",8.5e+08,19,"Arab International Bank","ARAB-INTL","Manager",44736842.1052632
"51",4296555324,"Cargill Inc",154083464679,"2005-10-07","2005-11-04","2006-11-03","364 Day Revolver","Pay Fees And Expenses",NA,"Cargill Inc",3.5e+09,16,"ING","ING","Manager",218750000
"52",4296555324,"Cargill Inc",154083464680,"2005-10-07","2005-11-04","2010-11-04","Revolving Credit Facility","Acquisition Finance",NA,"Cargill Inc",3.5e+09,28,"Precision Capital SA","PRECISION-CAP","Manager",1.25e+08
"53",4296555324,"Cargill Inc",154083480644,"2006-11-02","2006-12-01","2011-12-01","Term Loan A","Refinancing","Amortizing","Cargill Inc",1.462e+09,21,"BMO Capital Markets","BMO-CAPITAL","Manager",69619047.6190476
"54",4296555324,"Cargill Inc",154083480645,"2006-11-02","2006-12-01","2013-12-01","Term Loan B","Pay Fees And Expenses","Amortizing","Cargill Inc",1.462e+09,1,"Lloyds Bank","LLOYDS-PLC","Manager",1.462e+09
"55",4296555324,"Cargill Inc",154083482740,"2006-11-03","2006-11-03","2007-11-02","364 Day Revolver","Acquisition Finance",NA,"Cargill Inc",4e+09,15,"Credit Agricole Corporate & Investment Bank","CREDIT-AGRI-CIB","Manager",266666666.666667
"56",4296555324,"Cargill Inc",154083482741,"2006-11-03","2006-11-03","2011-11-03","Revolving Credit Facility","Refinancing",NA,"Cargill Inc",4e+09,7,"KBC Group NV","KBC-GROUP","Manager",571428571.428571
"57",4296555324,"Cargill Inc",154083489266,"2011-09-20","2011-10-28","2012-10-28","Revolving Credit Facility","General Corporate Purpose","Bullet","Cargill Inc",5e+09,38,"Cooperatieve Rabobank UA","RABOBANK","Manager",131578947.368421
"58",4296555324,"Cargill Inc",154083489538,"2011-09-20","2011-10-28","2016-10-28","Revolving Credit Facility","Future Acquisitions","Bullet","Cargill Inc",5e+09,10,"Mitsubishi UFJ Financial Group","MITSUBISHI-UFJ","Manager",5e+08
"59",4296555324,"Cargill Inc",154083494550,"2010-09-29","2010-10-29","2011-10-28","364 Day Revolver","Future Acquisitions","Bullet","Cargill Inc",5e+09,6,"NatWest","NATWEST-GRP","Manager",833333333.333333
"60",4296555324,"Cargill Inc",154083494551,"2010-09-29","2010-10-29","2013-10-29","Revolving Credit Facility","Refinance/Retiring Bank Debt","Bullet","Cargill Inc",5e+09,25,"CIBC World Markets Inc","CIBC-WORLD","Sub-Underwriter",2e+08
"61",4296555324,"Cargill Inc",154083509331,"2007-04-12","2007-04-12","2012-04-12","Revolving Credit Facility","Refinance/Retiring Bank Debt",NA,"Cargill Inc",9.5e+07,3,"NatWest","NATWEST-GRP","Arranger",31666666.6666667
"62",4296555324,"Cargill Inc",154083509332,"2007-04-12","2007-04-12","2013-04-12","Term Loan B","General Corporate Purpose",NA,"Cargill Inc",9.5e+07,14,"Barclays","BARCLAYS-CAP","Arranger",6785714.28571429
"63",4296555324,"Cargill Inc",154083511961,"2008-10-31","2008-10-31","2009-10-31","Revolving Credit Facility","Standby/CP Support",NA,"Cargill Inc",1.5e+09,6,"Credit Agricole Corporate & Investment Bank","CREDIT-AGRI-CIB","Co-Arranger",2.5e+08
"64",4296555324,"Cargill Inc",154083514848,"2012-02-13","2012-03-22","2013-03-21","Revolving Credit Facility","General Corporate Purpose","Bullet","Cargill Inc",1.25e+09,25,"UBS","UBS-BANK","Co-Arranger",5e+07
"65",4296555324,"Cargill Inc",154083519587,"2011-02-26","2011-03-24","2012-03-22","364 Day Revolver","Standby/CP Support",NA,"Cargill Inc",7.28e+08,9,"Arab Bank PLC","ABL","Lead Manager",80888888.8888889
"66",4296555324,"Cargill Inc",154083525478,"2009-07-21","2009-07-21","2010-07-20","Revolving Credit Facility","General Corporate Purpose",NA,"Cargill Inc",7.5e+07,23,"ING","ING","Lead Manager",3260869.56521739
"67",4296555324,"Cargill Inc",154083526164,"2012-05-31","2012-05-31","2027-05-31","Term Loan A","Refinance/Retiring Bank Debt",NA,"Cargill Inc",19500000,10,"Oddo BHF SCA","ODDO-BHF-SCA","Lead Manager",1950000
"68",4296555324,"Cargill Inc",154083526165,"2012-05-31","2012-05-31","2022-05-31","Term Loan A","Standby/CP Support",NA,"Cargill Inc",19500000,2,"Hypo-bank","HYPO-BANK","Lead Manager",9750000
"69",4296555324,"Cargill Inc",154083526166,"2012-05-31","2012-05-31","2019-05-31","Term Loan A","Refinance/Retiring Bank Debt",NA,"Cargill Inc",19500000,7,"Bayerische Landesbank Girozentrale","BAYER-LANDES","Lead Manager",2785714.28571429
"70",4296555324,"Cargill Inc",154083527239,"2010-07-21","2010-07-21","2011-07-20","364 Day Revolver","Standby/CP Support",NA,"Cargill Inc",1.2e+08,12,"Scotiabank","SCOTIABANK","Lead Manager",1e+07
"71",4296555324,"Cargill Inc",154083528023,"2012-02-13","2012-03-22","2013-03-21","Revolving Credit Facility","General Corporate Purpose","Bullet","Cargill Inc",1.25e+09,34,"Mitsubishi UFJ Financial Group","MITSUBISHI-UFJ","Lead Manager",36764705.8823529
"72",4296555324,"Cargill Inc",154083533749,"2011-07-18","2011-07-18","2012-07-18","Term Loan","Working Capital",NA,"Cargill Inc",1.2e+08,6,"UniCredit","UNICREDIT-SPA","Lead Manager",2e+07
"73",4296555324,"Cargill Inc",154083533786,"2011-02-26","2011-03-24","2012-03-22","364 Day Revolver","Acquisition Finance",NA,"Cargill Inc",5.22e+08,10,"Nordea","NORDEA-BANK","Lead Manager",52200000
"74",4296555324,"Cargill Inc",154083534420,"2009-10-03","2009-10-30","2010-10-29","364 Day Revolver","Acquisition Finance","Bullet","Cargill Inc",1.725e+09,1,"Credit Agricole Corporate & Investment Bank","CREDIT-AGRI-CIB","Lead Manager",1.725e+09
"75",4296555324,"Cargill Inc",154083534587,"2007-11-02","2007-11-02","2008-10-31","364 Day Revolver","Acquisition Finance",NA,"Cargill Inc",1.5e+09,14,"Commerzbank AG","COMMERZBANK","Lead Manager",107142857.142857
"76",4296555324,"Cargill Inc",154083542243,"2009-07-23","2009-07-23","2012-07-23","Revolving Credit Facility","Refinancing",NA,"BlueScope Steel Ltd",7.5e+07,2,"Commerzbank AG","COMMERZBANK","Lead Manager",37500000
"77",4296555324,"Cargill Inc",154083544596,"2009-07-24","2009-07-29","2012-08-07","Revolving Credit Facility","Refinancing",NA,"Cargill Inc",5e+08,17,"Mizuho Financial Group","MIZUHO-FINAN","Lead Manager",29411764.7058824
"78",4296555324,"Cargill Inc",154083552000,"2011-04-26","2011-04-26","2016-04-26","Revolving Credit Facility","General Corporate Purpose","Bullet","Cargill Inc",7.5e+08,14,"NIBC NV","NIBC","Lead Manager",53571428.5714286
"79",4296555324,"Cargill Inc",154083555713,"2006-11-02","2006-12-01","2010-02-18","Revolving Credit Facility","Refinance/Retiring Fixed Income Debt","Bullet","Cargill Inc",1.462e+09,8,"Mizuho Financial Group","MIZUHO-FINAN","Lead Manager",182750000
"80",4296555324,"Cargill Inc",154083557250,"2013-01-15","2013-01-15","2018-01-15","Term Loan","Refinance/Retiring Acquisition Debt",NA,"Cargill Inc",1.2e+08,2,"NatWest","NATWEST-GRP","Arranger",6e+07
"81",4296555324,"Cargill Inc",154083558210,"2012-07-16","2012-07-16","2013-07-16","Revolving Credit Facility","Pay Fees And Expenses",NA,"Cargill Inc",2.5e+08,16,"Barclays","BARCLAYS-CAP","Arranger",15625000
"82",4296555324,"Cargill Inc",154083559040,"2012-09-29","2012-10-26","2013-10-25","364 Day Revolver","General Corporate Purpose",NA,"Cargill Inc",5e+09,4,"CIBC World Markets Inc","CIBC-WORLD","Arranger",1.25e+09
"83",4296555324,"Cargill Inc",154083559041,"2012-09-29","2012-10-26","2017-10-25","Revolving Credit Facility","Refinance/Retiring Fixed Income Debt",NA,"Cargill Inc",5e+09,22,"Credit Agricole Corporate & Investment Bank","CREDIT-AGRI-CIB","Arranger",227272727.272727
"84",4296555324,"Cargill Inc",154083570712,"2013-10-24","2013-10-24","2018-10-24","Revolving Credit Facility","Refinance/Retiring Acquisition Debt",NA,"Cargill Inc",5e+09,10,"Sumitomo Mitsui Financial Group Inc","SUM-MIT-FIN-GRP","Arranger",5e+08
"85",4296555324,"Cargill Inc",154083570713,"2013-10-24","2013-10-24","2014-10-23","364 Day Revolver","Pay Fees And Expenses",NA,"Cargill Inc",5e+09,1,"JP Morgan & Co Inc","JPM","Facility Agent",5e+09
"86",4296555324,"Cargill Inc",154083573020,"2013-02-07","2013-03-19","2014-03-19","Revolving Credit Facility","General Corporate Purpose","Bullet","Cargill Inc",1.25e+09,10,"Deutsche Bank","DEUTSCHE-BANK","Lead Manager",1.25e+08
"87",4296555324,"Cargill Inc",154083578008,"2013-02-07","2013-03-19","2014-03-19","Revolving Credit Facility","Refinance/Retiring Bank Debt","Bullet","Cargill Inc",1.25e+09,12,"Mizuho Financial Group","MIZUHO-FINAN","Lead Manager",104166666.666667
"88",4296555324,"Cargill Inc",154083585721,"2014-02-06","2014-03-18","2015-03-18","364 Day Revolver","General Corporate Purpose",NA,"Cargill Inc",1e+09,19,"Mizuho Financial Group","MIZUHO-FINAN","Lead Manager",52631578.9473684
"89",4296555324,"Cargill Inc",154083586234,"2014-02-06","2014-03-18","2015-03-18","364 Day Revolver","Refinance/Retiring Bank Debt",NA,"Cargill Inc",1e+09,3,"Credit Agricole Corporate & Investment Bank","CREDIT-AGRI-CIB","Lead Manager",333333333.333333
"90",4296555324,"Cargill Inc",154083587159,"2014-05-22","2014-05-22","2019-05-22","Revolving Credit Facility","General Corporate Purpose",NA,"CHS Inc",1.3e+09,6,"Mitsubishi UFJ Financial Group","MITSUBISHI-UFJ","Lead Manager",216666666.666667
"91",4296555324,"Cargill Inc",154083587160,"2014-05-22","2014-05-22","2019-05-22","Term Loan A","Refinancing",NA,"CHS Inc",1.3e+09,1,"NatWest","NATWEST-GRP","Lead Manager",1.3e+09
"92",4296555324,"Cargill Inc",154083587161,"2014-05-22","2014-05-22","2021-05-22","Term Loan A","General Corporate Purpose",NA,"CHS Inc",1.3e+09,10,"UBS","UBS-BANK","Lead Manager",1.3e+08
"93",4296555324,"Cargill Inc",154083587876,"2014-07-03","2014-07-03","2020-07-03","Term Loan B","Refinancing",NA,"Cargill Inc",229156856.073494,2,"UBS","UBS-BANK","Lead Manager",114578428.036747
"94",4296555324,"Cargill Inc",154083593242,"2015-03-17","2015-03-17","2016-03-17","Revolving Credit Facility","Refinancing","Bullet","Cargill Inc",1e+09,6,"UniCredit","UNICREDIT-SPA","Co-Lead Manager",166666666.666667
"95",4296555324,"Cargill Inc",154083595377,"2014-09-29","2014-10-24","2015-10-23","364 Day Revolver","Standby/CP Support",NA,"Cargill Inc",5e+09,22,"Westpac Banking Corp","WESTPAC","Co-Lead Manager",227272727.272727
"96",4296555324,"Cargill Inc",154083595378,"2014-09-29","2014-10-24","2019-10-24","Revolving Credit Facility","Refinancing",NA,"Cargill Inc",5e+09,10,"Sumitomo Mitsui Financial Group Inc","SUM-MIT-FIN-GRP","Manager",5e+08
"97",4296555324,"Cargill Inc",154083598339,"2014-07-03","2014-07-03","2019-07-03","Term Loan A","Standby/CP Support",NA,"Cargill Inc",229156856.073494,24,"Oddo BHF SCA","ODDO-BHF-SCA","Co-Manager",9548202.33639558
"98",4296555324,"Cargill Inc",154083598340,"2014-07-03","2014-07-03","2019-07-03","Revolving Credit Facility","General Corporate Purpose",NA,"Cargill Inc",229156856.073494,3,"UBS","UBS-BANK","Co-Manager",76385618.6911647
"99",4296555324,"Cargill Inc",154083598341,"2014-07-03","2014-07-03","2019-07-03","Capital Expenditure Facility","General Corporate Purpose",NA,"Cargill Inc",229156856.073494,5,"Landesbank Hessen-Thueringen Girozentrale","HESSEN-T","Co-Manager",45831371.2146988
"100",4296555324,"Cargill Inc",154083601892,"2015-05-25","2015-06-16","2022-06-16","Term Loan B","Refinance/Retiring Bank Debt","Bullet","Cargill Inc",244036841.690939,2,"SBI Holdings Inc","SBI-HOL","Co-Manager",122018420.84547
"101",4296555324,"Cargill Inc",154083601893,"2015-05-25","2015-06-16","2021-06-16","Term Loan A","General Corporate Purpose","Amortizing","Cargill Inc",244036841.690939,2,"Societe Generale SA","SOC-GEN","Co-Manager",122018420.84547
"102",4296555324,"Cargill Inc",154083602739,"2015-05-25","2015-06-16","2021-06-16","Revolving Credit Facility","Refinance/Retiring Bank Debt",NA,"Cargill Inc",244036841.690939,6,"Portigon AG","PORTIGON","Co-Manager",40672806.9484898
"103",4296555324,"Cargill Inc",154083602740,"2015-05-25","2015-06-16","2021-06-16","Capital Expenditure Facility","Working Capital","Amortizing","Cargill Inc",244036841.690939,2,"Bayerische Landesbank Girozentrale","BAYER-LANDES","Provider",122018420.84547
"104",4296555324,"Cargill Inc",154083602956,"2015-09-28","2015-10-23","2020-10-08","Revolving Credit Facility","General Corporate Purpose",NA,"Cargill Inc",5e+09,2,"BMO Capital Markets","BMO-CAPITAL","Provider",2.5e+09
"105",4296555324,"Cargill Inc",154083602957,"2015-09-28","2015-10-23","2016-10-22","364 Day Revolver","Working Capital",NA,"Cargill Inc",5e+09,9,"Nordea","NORDEA-BANK","Provider",555555555.555556
"106",4296555324,"Cargill Inc",154083604562,"2014-05-21","2014-05-21","2017-05-21","Revolving Credit Facility","Working Capital",NA,"Sugar Growers & Refiners Inc",163300000,6,"Mizuho Financial Group","MIZUHO-FINAN","Provider",27216666.6666667
"107",4296555324,"Cargill Inc",154083605381,"2014-09-12","2014-09-12","2017-09-12","Revolving Credit Facility","Refinancing","Bullet","Cargill Inc",121999710.8155,6,"European Investment Bank","EIB","Provider",20333285.1359167
"108",4296555324,"Cargill Inc",154083605382,"2014-09-12","2014-09-12","2017-09-12","Guarantee Facility","General Corporate Purpose","Bullet","Cargill Inc",121999710.8155,2,"Deutsche Bank","DEUTSCHE-BANK","Provider",60999855.40775
"109",4296555324,"Cargill Inc",154083605383,"2014-09-12","2014-09-12","2017-09-12","Term Loan","General Corporate Purpose","Bullet","Cargill Inc",121999710.8155,10,"Aozora Bank Ltd","AOZORA-BANK","Provider",12199971.08155
"110",4296555324,"Cargill Inc",154083619975,"2016-03-10","2016-03-10","2017-03-10","Revolving Credit Facility","General Corporate Purpose",NA,"Cargill Inc",1e+09,10,"ING","ING","Provider",1e+08
"111",4296555324,"Cargill Inc",154083622730,"2016-10-21","2016-10-21","2017-10-20","364 Day Revolver","General Corporate Purpose",NA,"Cargill Inc",5e+09,6,"Cooperatieve Rabobank UA","RABOBANK","Provider",833333333.333333
"112",4296555324,"Cargill Inc",154083622731,"2016-10-21","2016-10-21","2021-10-21","Revolving Credit Facility","General Corporate Purpose",NA,"Cargill Inc",5e+09,5,"Barclays","BARCLAYS-CAP","Underwriter",1e+09
"113",4296555324,"Cargill Inc",154083627230,"2016-03-10","2016-03-10","2017-03-10","Revolving Credit Facility","Refinance/Retiring Bank Debt",NA,"Cargill Inc",1e+09,6,"Goldman Sachs & Co","GS","Advisor To Borrower",166666666.666667
"114",4296555324,"Cargill Inc",154083636928,"2017-03-01","2017-03-01","2018-03-10","Revolving Credit Facility","Working Capital",NA,"Cargill Inc",1e+09,2,"European Investment Bank","EIB","Provider",5e+08
"115",4296555324,"Cargill Inc",154083639828,"2017-04-20",NA,"2027-04-20","Term Loan","General Corporate Purpose",NA,"Cargill Inc",7.4e+07,9,"Deutsche Bank","DEUTSCHE-BANK","Arranger",8222222.22222222
"116",4296555324,"Cargill Inc",154083649258,"2017-10-20","2017-10-20","2018-10-19","364 Day Revolver","General Corporate Purpose",NA,"Cargill Inc",1.25e+09,10,"JP Morgan & Co Inc","JPM","Arranger",1.25e+08
"117",4296555324,"Cargill Inc",154083663234,"2017-12-16","2017-12-22","2022-12-22","Revolving Credit Facility","Working Capital",NA,"PTT Global Chemical PCL",6.5e+07,9,"UBS","UBS-BANK","Arranger",7222222.22222222
"118",4296555324,"Cargill Inc",154083663235,"2017-12-16","2017-12-22","2022-12-22","Term Loan A","General Corporate Purpose",NA,"PTT Global Chemical PCL",6.5e+07,6,"Citi","CITI","Administration Agent",10833333.3333333
"119",4296555324,"Cargill Inc",154085062411,"2018-03-07","2018-03-07","2019-03-07","Revolving Credit Facility","Refinance/Retiring Bank Debt",NA,"Cargill Inc",1e+09,8,"BofA Securities Inc","BOFA-SEC-INC","Syndication Agent",1.25e+08
"120",4296555324,"Cargill Inc",154085166024,"2018-07-20","2018-07-20","2023-04-25","Term Loan","General Corporate Purpose",NA,"Cargill Inc",242558466.725067,1,"NatWest","NATWEST-GRP","Lender",242558466.725067
"121",4296555324,"Cargill Inc",154085251296,"2018-10-19","2018-10-19","2019-10-18","364 Day Revolver","Refinancing",NA,"Cargill Inc",1.25e+09,2,"NatWest","NATWEST-GRP","Lender",6.25e+08
"122",4296555324,"Cargill Inc",154085367222,"2019-03-06","2019-03-06","2020-03-06","Revolving Credit Facility","General Corporate Purpose",NA,"Cargill Inc",1e+09,4,"BMO Capital Markets","BMO-CAPITAL","Lender",2.5e+08
"123",4296555324,"Cargill Inc",154085602434,"2019-10-18","2019-10-18","2024-10-18","Revolving Credit Facility","General Corporate Purpose",NA,"Cargill Inc",5e+09,1,"Credit Agricole Corporate & Investment Bank","CREDIT-AGRI-CIB","Lender",5e+09
"124",4296555324,"Cargill Inc",154085602435,"2019-10-18","2019-10-18","2020-10-17","364 Day Revolver","Working Capital",NA,"Cargill Inc",5e+09,5,"Credit Agricole Corporate & Investment Bank","CREDIT-AGRI-CIB","Lender",1e+09
"125",4296555324,"Cargill Inc",154085653933,"2020-03-27","2020-03-27","2021-03-26","364 Day Revolver","Refinancing",NA,"Cargill Inc",1e+09,3,"Credit Agricole Corporate & Investment Bank","CREDIT-AGRI-CIB","Lender",333333333.333333
"126",4296555324,"Cargill Inc",154086957369,"2020-10-16","2020-10-16","2021-10-15","364 Day Revolver","General Corporate Purpose",NA,"Cargill Inc",1.25e+09,1,"Credit Agricole Corporate & Investment Bank","CREDIT-AGRI-CIB","Lender",1.25e+09
"127",4296555324,"Cargill Inc",154087113905,"2021-03-18","2021-03-26","2022-03-25","364 Day Revolver","General Corporate Purpose",NA,"Cargill Inc",1e+09,2,"Cooperatieve Rabobank UA","RABOBANK","Lender",5e+08
"128",4296555324,"Cargill Inc",154087307606,"2021-09-08","2022-07-22","2027-07-22","Term Loan A","Pay Fees And Expenses",NA,"Sycamore Buyer LLC",3.25e+09,3,"Piper Sandler & Co","PIPER-SANDLER","Lender",1083333333.33333
"129",4296555324,"Cargill Inc",154087307607,"2021-09-08","2022-07-22","2029-07-22","Term Loan A","Working Capital",NA,"Sycamore Buyer LLC",3.25e+09,3,"JP Morgan & Co Inc","JPM","Lender",1083333333.33333
"130",4296555324,"Cargill Inc",154087307608,"2021-09-08","2022-07-22","2027-07-22","Revolving Credit Facility","Capital Expenditures",NA,"Sycamore Buyer LLC",3.25e+09,3,"BofA Securities Inc","BOFA-SEC-INC","Lender",1083333333.33333
"131",4296555324,"Cargill Inc",154087307609,"2021-09-08","2022-07-22","2029-07-22","Term Loan B","General Corporate Purpose",NA,"Sycamore Buyer LLC",3.25e+09,11,"Northern Trust Corp","NORTHERN-T-CORP","Lender",295454545.454545
"132",4296555324,"Cargill Inc",154087318465,"2017-12-15","2017-12-15","2022-12-15","Revolving Credit Facility","Future Acquisitions",NA,"CHS Inc",8.5e+08,3,"PNC Financial Services Group Inc","PNC-FINANCIAL","Lender",283333333.333333
"133",4296555324,"Cargill Inc",154087318466,"2017-12-15","2017-12-15",NA,"Term Loan A","General Corporate Purpose",NA,"CHS Inc",8.5e+08,1,"RBC Capital Markets","RBC-CAP-MKTS","Lender",8.5e+08
"134",4296555324,"Cargill Inc",154087318500,"2021-09-17","2021-09-17","2026-09-17","Revolving Credit Facility","Refinancing",NA,"CHS Inc",6e+08,3,"Citi","CITI","Administration Agent",2e+08
"135",4296555324,"Cargill Inc",154087364064,"2021-10-15","2021-10-15","2026-10-26","Revolving Credit Facility","General Corporate Purpose",NA,"Cargill Inc",6e+09,2,"BofA Securities Inc","BOFA-SEC-INC","Syndication Agent",3e+09
"136",4296555324,"Cargill Inc",154087364065,"2021-10-15","2021-10-15","2022-10-14","364 Day Revolver","Refinancing",NA,"Cargill Inc",6e+09,2,"NatWest","NATWEST-GRP","Lender",3e+09
"137",4296555324,"Cargill Inc",154087374102,"2021-10-20","2021-10-20","2026-10-20","Revolving Credit Facility","General Corporate Purpose",NA,"PTT Global Chemical PCL",3.5e+08,3,"NatWest","NATWEST-GRP","Lender",116666666.666667
"138",4296555324,"Cargill Inc",154087821091,"2022-10-14","2022-10-14","2023-10-05","364 Day Revolver","General Corporate Purpose",NA,"Cargill Inc",1.5e+09,2,"BMO Capital Markets","BMO-CAPITAL","Lender",7.5e+08
"139",4296555324,"Cargill Inc",154087864355,"2022-12-28","2022-12-30","2026-09-17","Revolving Credit Facility","General Corporate Purpose",NA,"CHS Inc",6e+08,5,"Credit Agricole Corporate & Investment Bank","CREDIT-AGRI-CIB","Lender",1.2e+08
"140",4296555324,"Cargill Inc",154088071785,"2023-05-15","2023-05-15","2024-05-13","364 Day Revolver","Refinance/Retiring Bank Debt",NA,"Cargill Inc",1.5e+08,5,"Credit Agricole Corporate & Investment Bank","CREDIT-AGRI-CIB","Lender",3e+07
"141",4296555324,"Cargill Inc",154088270503,"2023-10-13","2023-10-13","2024-10-12","364 Day Revolver","General Corporate Purpose",NA,"Cargill Inc",6e+09,2,"Credit Agricole Corporate & Investment Bank","CREDIT-AGRI-CIB","Lender",3e+09
"142",4296555324,"Cargill Inc",154088270504,"2023-10-13","2023-10-13","2028-10-13","Revolving Credit Facility","Refinance/Retiring Bank Debt",NA,"Cargill Inc",6e+09,2,"Credit Agricole Corporate & Investment Bank","CREDIT-AGRI-CIB","Lender",3e+09
"143",4296555324,"Cargill Inc",154088678165,"2024-10-23","2024-10-23","2029-10-23","Revolving Credit Facility","General Corporate Purpose",NA,"CHS Inc",8.5e+08,2,"Cooperatieve Rabobank UA","RABOBANK","Lender",4.25e+08
"144",4296555324,"Cargill Inc",154088700800,"2024-10-23","2024-10-23","2031-10-23","Term Loan A","General Corporate Purpose",NA,"CHS Inc",8.5e+08,2,"Piper Sandler & Co","PIPER-SANDLER","Lender",4.25e+08
"145",4296555324,"Cargill Inc",154088732154,"2024-10-11","2024-10-11","2025-10-10","364 Day Revolver","General Corporate Purpose",NA,"Cargill Inc",1.5e+09,4,"JP Morgan & Co Inc","JPM","Lender",3.75e+08
"146",4296555324,"Cargill Inc",154088901812,"2025-05-13","2025-05-21","2032-05-16","Term Loan B","General Corporate Purpose",NA,"Sycamore Buyer LLC",3.3e+09,2,"BofA Securities Inc","BOFA-SEC-INC","Lender",1.65e+09
"147",4296555324,"Cargill Inc",154088912754,"2025-05-13","2025-05-21","2030-05-12","Term Loan A","General Corporate Purpose",NA,"Sycamore Buyer LLC",3.3e+09,2,"Northern Trust Corp","NORTHERN-T-CORP","Lender",1.65e+09
"148",4296555324,"Cargill Inc",154088912755,"2025-05-13","2025-05-21","2032-05-12","Term Loan A","General Corporate Purpose",NA,"Sycamore Buyer LLC",3.3e+09,3,"PNC Financial Services Group Inc","PNC-FINANCIAL","Lender",1.1e+09
"149",4296555324,"Cargill Inc",154088912756,"2025-05-13","2025-05-21","2030-05-12","Revolving Credit Facility","General Corporate Purpose",NA,"Sycamore Buyer LLC",3.3e+09,1,"RBC Capital Markets","RBC-CAP-MKTS","Lender",3.3e+09
"150",4296555324,"Cargill Inc",154088933417,"2025-05-13","2025-05-13","2026-05-12","364 Day Revolver","General Corporate Purpose",NA,"Cargill Inc",1.5e+08,2,"Citi","CITI","Administration Agent",7.5e+07
"151",4296555324,"Cargill Inc",154089141713,"2025-10-27","2025-11-21","2032-05-21","Term Loan B","General Corporate Purpose",NA,"Sycamore Buyer LLC",4.99e+08,2,"BofA Securities Inc","BOFA-SEC-INC","Co-Agent",3.5e+07
"152",4296555324,"Cargill Inc",154089169974,"2025-10-30","2025-10-30","2026-10-29","364 Day Revolver","General Corporate Purpose",NA,"Cargill Inc",6e+09,1,"Citi","CITI","Administration Agent",6e+09
"153",4296555324,"Cargill Inc",154089169995,"2025-10-30","2025-10-30","2030-10-30","Revolving Credit Facility","General Corporate Purpose",NA,"Cargill Inc",6e+09,1,"BofA Securities Inc","BOFA-SEC-INC","Syndication Agent",6e+09
"1764",5000029409,"COFCO Corp",154083352321,"1998-09-01","1998-09-09","1999-09-08","Letter Of Credit","Refinancing","Bullet","Peoples Republic Of China",2e+08,8,"BofA Securities Inc","BOFA-SEC-INC","Arranger",2e+07
"1765",5000029409,"COFCO Corp",154083354450,"1999-04-01","1999-09-01","2000-08-30","Letter Of Credit","Standby/CP Support","Bullet","Peoples Republic Of China",2e+08,21,"Monte dei Paschi di Siena","MONTE","Co-Arranger",2e+07
"1766",5000029409,"COFCO Corp",154083359487,"2000-09-14","2000-09-14","2001-09-01","Letter Of Credit","Finance Linked-Trade","Bullet","Peoples Republic Of China",2e+08,17,"Bank of China Ltd","BK-CHINA-LTD","Co-Arranger",2e+07
"1767",5000029409,"COFCO Corp",154083360868,"1997-05-22","1997-05-22","2000-05-01","Transferable Loan Facility","General Corporate Purpose","Amortizing","Peoples Republic Of China",1.2e+08,11,"Cooperatieve Rabobank UA","RABOBANK","Co-Arranger",2e+07
"1768",5000029409,"COFCO Corp",154083367355,"1995-06-22","1995-06-22","1996-06-22","Term Loan","Refinancing",NA,"Peoples Republic Of China",17800000,13,"IMI - Intesa Sanpaolo","INTESA-SAN","Lead Manager",1.2e+07
"1769",5000029409,"COFCO Corp",154083367827,"1996-02-08","1996-02-08","1999-02-08","Term Loan","Refinancing","Amortizing","Peoples Republic Of China",7e+07,17,"ING","ING","Lead Manager",1e+07
"1770",5000029409,"COFCO Corp",154083368662,"1996-07-18","1996-07-18","1999-07-18","Term Loan","General Corporate Purpose","Amortizing","Peoples Republic Of China",4.2e+07,24,"Mitsubishi UFJ Financial Group","MITSUBISHI-UFJ","Lead Manager",1e+07
"1771",5000029409,"COFCO Corp",154083368781,"1996-03-12","1996-03-12","1999-03-12","Transferable Loan Facility","General Corporate Purpose","Bullet","Grand Silver Trading Co Ltd",5e+07,24,"BNP Paribas SA","BNP-PARIBAS","Lead Manager",1e+07
"1772",5000029409,"COFCO Corp",154083368782,"1996-03-12","1996-03-12","1999-03-12","Transferable Loan Facility","General Corporate Purpose","Bullet","Grand Silver Trading Co Ltd",5e+07,19,"Mizuho Financial Group","MIZUHO-FINAN","Lead Manager",1e+07
"1773",5000029409,"COFCO Corp",154083368966,"1996-04-24","1996-04-24","1999-04-24","Term Loan","General Corporate Purpose","Bullet","Peoples Republic Of China",1e+07,24,"Commerzbank AG","COMMERZBANK","Lead Manager",1e+07
"1774",5000029409,"COFCO Corp",154083374161,"1994-03-02","1994-03-02","1996-01-01","Term Loan","General Corporate Purpose","Amortizing","Peoples Republic Of China",4.6e+07,8,"KBC Group NV","KBC-GROUP","Lead Manager",1e+07
"1775",5000029409,"COFCO Corp",154083374253,"1994-03-01","1994-03-01","2000-01-01","Term Loan","General Corporate Purpose","Amortizing","Hong Kong Pang Thai Limited",1.8e+07,19,"Standard Chartered PLC","SCPLC","Lead Manager",1e+07
"1776",5000029409,"COFCO Corp",154083385909,"1997-11-28","1997-11-28","2002-01-01","Term Loan","General Corporate Purpose","Amortizing","Peoples Republic Of China",129369453.28469,8,"CITIC","CITIC-GRP-CORP","Lead Manager",5e+06
"1777",5000029409,"COFCO Corp",154083388512,"1995-08-28","1995-08-28","1996-08-28","Letter Of Credit","Working Capital",NA,"Peoples Republic Of China",5e+07,14,"Bank of Communications {BoCOMM}","BK-COMM-SHANG","Manager",5e+06
"1778",5000029409,"COFCO Corp",154083404577,"1999-09-01","1999-09-01","2000-09-01","Letter Of Credit","Construction","Bullet","Peoples Republic Of China",2e+08,11,"CoBank ACB","COBANK","Manager",5e+06
"1779",5000029409,"COFCO Corp",154083408459,"2000-05-18","2000-05-01","2003-01-01","Term Loan","General Corporate Purpose","Amortizing","Peoples Republic Of China",7e+07,17,"Comerica Inc,Detroit,Michigan","COMERICA-INC","Manager",5e+06
"1780",5000029409,"COFCO Corp",154083415873,"2001-05-31","2001-07-05","2006-07-01","Transferable Loan Facility","General Corporate Purpose","Bullet","Peoples Republic Of China",1.6e+08,11,"DBS Group Holdings","DBSGR","Manager",5e+06
"1781",5000029409,"COFCO Corp",154083421209,"2001-08-22","2001-08-22","2002-08-22","Standby Letter Of Credit","Standby/CP Support","Bullet","Peoples Republic Of China",1.2e+08,22,"JP Morgan & Co Inc","JPM","Manager",5e+06
"1782",5000029409,"COFCO Corp",154083429166,"2002-10-21","2002-12-09","2007-12-09","Transferable Loan Facility","General Corporate Purpose","Bullet","Peoples Republic Of China",2e+08,19,"HSBC Holdings PLC","SAM-CAPEL-HSBC","Manager",5e+06
"1783",5000029409,"COFCO Corp",154083430183,"2002-06-17","2002-09-13","2005-09-01","Letter Of Credit","Working Capital","Bullet","Peoples Republic Of China",1.5e+08,24,"Natixis","NATIXIS","Manager",3e+06
"1784",5000029409,"COFCO Corp",154083433844,"2003-05-03","2003-09-08","2011-08-11","Term Loan","Refinancing","Amortizing","Peoples Republic Of China",1.35e+08,22,"KBC Group NV","KBC-GROUP","Co-Arranger",1e+07
"1785",5000029409,"COFCO Corp",154083461433,"2005-08-18",NA,"2008-08-18","Term Loan","Working Capital","Bullet","Peoples Republic Of China",1.5e+08,13,"HSBC Holdings PLC","SAM-CAPEL-HSBC","Co-Arranger",1e+07
"1786",5000029409,"COFCO Corp",154083466765,"2005-09-01","2005-10-18","2008-10-18","Letter Of Credit","Refinancing","Bullet","Peoples Republic Of China",1.5e+08,6,"ING","ING","Arranger",13500000
"1787",5000029409,"COFCO Corp",154083486321,"2010-10-12",NA,NA,"Term Loan","Refinancing",NA,"COFCO Ltd",5e+08,12,"Monte dei Paschi di Siena","MONTE","Arranger",18500000
"1788",5000029409,"COFCO Corp",154083486471,"2009-10-01","2009-11-16","2014-11-16","Term Loan","Standby/CP Support","Amortizing","COFCO Ltd",2.5e+08,11,"Standard Chartered PLC","SCPLC","Arranger",18500000
"1789",5000029409,"COFCO Corp",154083488937,"2011-08-31","2011-10-20","2014-10-20","Letter Of Credit","Ship Financing",NA,"COFCO Corp",1.5e+08,2,"IMI - Intesa Sanpaolo","INTESA-SAN","Arranger",18500000
"1790",5000029409,"COFCO Corp",154083544953,"2008-09-06","2008-10-20","2011-10-20","Letter Of Credit","Refinancing","Bullet","COFCO Ltd",1.5e+08,15,"BofA Securities Inc","BOFA-SEC-INC","Arranger",18500000
"1791",5000029409,"COFCO Corp",154083581263,"2013-09-11","2013-09-11","2016-09-11","Term Loan","Refinancing",NA,"COFCO Corp",141860435.124644,4,"Cooperatieve Rabobank UA","RABOBANK","Arranger",18500000
"1792",5000029409,"COFCO Corp",154083587437,"2014-09-04","2014-09-29","2015-09-29","Revolving Credit Facility","Acquisition Finance","Bullet","COFCO Corp",2.55e+09,6,"JP Morgan & Co Inc","JPM","Arranger",18500000
"1793",5000029409,"COFCO Corp",154083587957,"2014-05-18","2014-07-04","2015-07-04","Term Loan","Working Capital","Bullet","COFCO Corp",3.2e+09,8,"DBS Group Holdings","DBSGR","Arranger",13500000
"1794",5000029409,"COFCO Corp",154083588664,"2014-08-19","2014-08-19","2018-02-19","Term Loan","Capital Expenditures","Bullet","COFCO Corp",2.1e+08,6,"BNP Paribas SA","BNP-PARIBAS","Arranger",18500000
"1795",5000029409,"COFCO Corp",154083593694,"2015-03-12","2015-03-12","2017-03-12","Term Loan","Investment / Loan",NA,"COFCO Corp",61502219.9508097,19,"Bank of China Ltd","BK-CHINA-LTD","Arranger",18500000
"1796",5000029409,"COFCO Corp",154083594883,"2014-05-18","2014-07-04","2019-07-04","Term Loan","Refinance/Retiring Bank Debt","Bullet","COFCO Corp",3.2e+09,12,"Comerica Inc,Detroit,Michigan","COMERICA-INC","Manager",5e+06
"1797",5000029409,"COFCO Corp",154083598574,"2015-07-13","2015-07-13","2018-07-13","Term Loan","General Corporate Purpose",NA,"COFCO Corp",3.5e+08,13,"BofA Securities Inc","BOFA-SEC-INC","Arranger",1.9e+07
"1798",5000029409,"COFCO Corp",154083603126,"2015-03-12","2015-03-12","2017-03-12","Term Loan","Refinance/Retiring Bank Debt",NA,"COFCO Corp",184958635.448941,17,"IMI - Intesa Sanpaolo","INTESA-SAN","Arranger",1.7e+07
"1799",5000029409,"COFCO Corp",154083603294,"2015-01-21","2015-04-24","2018-04-24","Revolving Credit Facility","General Corporate Purpose",NA,"COFCO Corp",9e+08,1,"Monte dei Paschi di Siena","MONTE","Arranger",1.7e+07
"1800",5000029409,"COFCO Corp",154083603295,"2015-01-21","2015-04-24","2016-05-28","Revolving Credit Facility","General Corporate Purpose",NA,"COFCO Corp",9e+08,12,"ING","ING","Arranger",1.7e+07
"1801",5000029409,"COFCO Corp",154083603445,"2015-09-29","2015-09-29","2016-09-29","Revolving Credit Facility","Acquisition Finance","Bullet","COFCO Corp",1706100000,28,"JP Morgan & Co Inc","JPM","Arranger",1.7e+07
"1802",5000029409,"COFCO Corp",154083608593,"2014-09-04","2014-09-29","2016-09-29","Revolving Credit Facility","Refinancing","Bullet","COFCO Corp",2.55e+09,5,"BNP Paribas SA","BNP-PARIBAS","Arranger",1.7e+07
"1803",5000029409,"COFCO Corp",154083609133,"2015-03-12","2015-03-12","2023-03-12","Term Loan","General Corporate Purpose",NA,"COFCO Corp",169658542.8179,7,"Commerzbank AG","COMMERZBANK","Arranger",1.7e+07
"1804",5000029409,"COFCO Corp",154083612913,"2015-03-12","2015-03-12","2017-03-12","Term Loan","Real Estate/Property Acquisition",NA,"COFCO Corp",213287763.120069,7,"KBC Group NV","KBC-GROUP","Arranger",1.7e+07
"1805",5000029409,"COFCO Corp",154083614712,"2016-07-26","2016-09-20","2019-09-20","Revolving Credit Facility","Acquisition Finance","Bullet","COFCO Corp",2.6e+09,4,"Standard Chartered PLC","SCPLC","Arranger",1.7e+07
"1806",5000029409,"COFCO Corp",154083614713,"2016-07-26","2016-09-20","2017-09-20","364 Day Revolver","Refinancing","Bullet","COFCO Corp",2.6e+09,20,"Bank of China Ltd","BK-CHINA-LTD","Arranger",1.7e+07
"1807",5000029409,"COFCO Corp",154083618326,"2016-12-20","2016-12-20","2019-12-20","Revolving Credit Facility","General Corporate Purpose","Bullet","Pentag Commodities Pty Ltd",94367015.0987224,1,"Banca di Napoli Credito Agrari","BANCA","Co-Arranger",9e+06
"1808",5000029409,"COFCO Corp",154083618582,"2016-07-26","2016-09-20","2019-09-20","Term Loan","Real Estate/Property Acquisition","Bullet","COFCO Corp",2.6e+09,7,"HSBC Holdings PLC","SAM-CAPEL-HSBC","Co-Arranger",9e+06
"1809",5000029409,"COFCO Corp",154083618860,"2016-01-27",NA,"2024-01-27","Term Loan","General Corporate Purpose",NA,"CHS Inc",32500000,5,"Comerica Inc,Detroit,Michigan","COMERICA-INC","Manager",5e+06
"1810",5000029409,"COFCO Corp",154083621514,"2016-02-26","2016-02-26","2021-02-26","Term Loan","General Corporate Purpose",NA,"COFCO Corp",1.1e+08,5,"Mitsubishi UFJ Financial Group","MITSUBISHI-UFJ","Manager",5e+06
"1811",5000029409,"COFCO Corp",154083623977,"2016-01-27",NA,"2021-01-27","Term Loan","General Corporate Purpose",NA,"CHS Inc",32500000,24,"Korea Development Bank","KDB","Co-Arranger",9e+06
"1812",5000029409,"COFCO Corp",154083627359,"2016-03-24","2016-05-19","2019-05-19","Term Loan","General Corporate Purpose",NA,"COFCO Corp",3e+08,4,"Export-Import Bank of Korea","KEXIM","Co-Arranger",9e+06
"1813",5000029409,"COFCO Corp",154083630700,"2016-03-15","2016-04-20","2017-04-19","364 Day Revolver","Real Estate/Property Acquisition",NA,"COFCO Corp",9e+08,20,"Korean French Banking Corp","KOREAN-FRENCH","Co-Arranger",7250000
"1814",5000029409,"COFCO Corp",154083630701,"2016-03-15","2016-04-20","2019-04-20","Revolving Credit Facility","Real Estate/Property Acquisition",NA,"COFCO Corp",9e+08,3,"Oversea-Chinese Banking Corp Ltd","OCBC","Co-Arranger",9e+06
"1815",5000029409,"COFCO Corp",154083630762,"2016-02-22","2016-02-22","2021-02-22","Term Loan","General Corporate Purpose",NA,"COFCO Corp",4e+08,8,"Bank of East Asia Ltd","BK-EASIA","Co-Lead Manager",7e+06
"1816",5000029409,"COFCO Corp",154083632114,"2015-12-18","2015-12-18","2018-12-18","Term Loan","General Corporate Purpose",NA,"COFCO Corp",6e+08,2,"Rothschild & Co","ROTHSCH","Co-Lead Manager",7500000
"1817",5000029409,"COFCO Corp",154083639049,"2017-04-21","2017-04-21","2018-04-20","364 Day Revolver","General Corporate Purpose",NA,"COFCO Corp",5e+08,2,"Absa Group Ltd","ABSA-GRP","Senior Manager",5e+06
"1818",5000029409,"COFCO Corp",154083639127,"2017-09-14","2017-09-14","2018-09-13","364 Day Revolver","General Corporate Purpose",NA,"COFCO Corp",9e+08,4,"Natixis","NATIXIS","Senior Manager",5e+06
"1819",5000029409,"COFCO Corp",154083644413,"2017-04-21","2017-04-21","2018-04-20","364 Day Revolver","Project Finance","Bullet","COFCO Corp",5e+08,12,"Pacific Century Financial Corp","PACIFIC-CENT","Senior Manager",5e+06
"1820",5000029409,"COFCO Corp",154083644873,"2017-01-18","2017-01-18","2022-01-18","Term Loan","General Corporate Purpose",NA,"Maoling Ltd",2.82e+08,2,"Korea Long Term Credit Bank","KLB","Senior Manager",5e+06
"1821",5000029409,"COFCO Corp",154085203158,"2018-09-24","2018-09-24","2021-09-24","Term Loan","Project Finance",NA,"COFCO Corp",3.5e+08,2,"China Merchants Bank","CMG","Senior Manager",5e+06
"1822",5000029409,"COFCO Corp",154085425824,"2019-06-27","2019-06-27","2024-06-27","Term Loan","Export/Import Financing",NA,"Maoling Ltd",1.45e+09,11,"Bank of Communications {BoCOMM}","BK-COMM-SHANG","Manager",3e+06
"1823",5000029409,"COFCO Corp",154086851940,"2020-07-07","2020-07-07","2021-07-16","Term Loan","General Corporate Purpose","Bullet","COFCO International (HK) Ltd",1.5e+09,3,"Shanghai Associated Finance","SHANAF","Manager",3e+06
"1824",5000029409,"COFCO Corp",154087241753,"2021-07-06","2021-07-06","2022-07-05","Revolving Credit Facility","Working Capital","Bullet","COFCO International (HK) Ltd",1.5e+09,4,"Societe Generale SA","SOC-GEN","Arranger",9e+06
"1825",5000029409,"COFCO Corp",154087319899,"2021-09-23","2021-09-23","2024-09-23","Term Loan","General Corporate Purpose",NA,"COFCO Corp",7e+08,4,"United Overseas Bank Ltd","UTD-OVER-SG","Arranger",1.5e+07
"1826",5000029409,"COFCO Corp",154088402015,"2024-02-20","2024-02-20","2025-02-18","364 Day Revolver","Acquisition Finance",NA,"Maoling Ltd",1.45e+09,4,"ING","ING","Co-Arranger",7250000
"1827",5000029409,"COFCO Corp",154088402016,"2024-02-20","2024-02-20","2025-02-18","364 Day Revolver","Acquisition Finance",NA,"Maoling Ltd",1.45e+09,1,"AXA","AX","Co-Arranger",9e+06
"1828",5000029409,"COFCO Corp",154088816628,"2025-02-19","2025-02-19","2026-02-18","364 Day Revolver","General Corporate Purpose",NA,"COFCO Corp",1.45e+09,1,"JP Morgan & Co Inc","JPM","Arranger",1.45e+09
"1829",5000029409,"COFCO Corp",154088816629,"2025-02-19","2025-02-19","2026-02-18","Term Loan","General Corporate Purpose",NA,"COFCO Corp",1.45e+09,1,"Mizuho Financial Group","MIZUHO-FINAN","Co-Lead Manager",5e+06
"2475",5086635324,"Bunge Global SA",154083355704,"1999-06-29","1999-06-29","2008-06-29","Term Loan","Project Finance",NA,"Bunge Ltd",6.5e+07,24,"International Finance Corp","IFC","Agent",2e+07
"2476",5086635324,"Bunge Global SA",154083355705,"1999-06-29","1999-06-29","2007-06-29","Term Loan","Construction",NA,"Bunge Ltd",6.5e+07,35,"International Finance Corp","IFC","Agent",1857142.85714286
"2477",5086635324,"Bunge Global SA",154083376284,"1992-01-01","1992-01-01",NA,"Letter Of Credit","Project Finance",NA,"Bunge Ltd",7e+07,42,"UBS","UBS-BANK","Arranger",1666666.66666667
"2478",5086635324,"Bunge Global SA",154083392275,"1996-12-20","1996-12-20","1997-12-19","Revolving Credit Facility","Construction",NA,"Bunge Ltd",7.5e+07,1,"UBS","UBS-BANK","Administration Agent",7.5e+07
"2479",5086635324,"Bunge Global SA",154083410843,"2000-08-25","2000-08-30","2001-08-29","Revolving Credit Facility","General Corporate Purpose",NA,"Bunge Ltd",7e+08,13,"NatWest","NATWEST-GRP","Lender",53846153.8461538
"2480",5086635324,"Bunge Global SA",154083410879,"2009-05-02","2009-06-03","2012-06-03","Revolving Credit Facility","General Corporate Purpose","Bullet","Bunge Ltd",1.645e+09,44,"BNP Paribas SA","BNP-PARIBAS","Lender",37386363.6363636
"2481",5086635324,"Bunge Global SA",154083411140,"2009-05-02","2009-06-03","2010-06-02","Revolving Credit Facility","General Corporate Purpose","Bullet","Bunge Ltd",1.645e+09,30,"JP Morgan & Co Inc","JPM","Lender",54833333.3333333
"2482",5086635324,"Bunge Global SA",154083413314,"2000-04-07","2000-04-07",NA,"Revolving Credit Facility","General Corporate Purpose",NA,"Bunge Ltd",1.5e+08,18,"Citi","CITI","Lender",8333333.33333333
"2483",5086635324,"Bunge Global SA",154083419864,"2001-07-12","2001-07-12",NA,"Revolving Credit Facility","Refinance/Retiring Bank Debt",NA,"Bunge Ltd",7.5e+08,8,"Credit Agricole Corporate & Investment Bank","CREDIT-AGRI-CIB","Lender",93750000
"2484",5086635324,"Bunge Global SA",154083423775,"2002-02-04","2002-02-26",NA,"Revolving Credit Facility","General Corporate Purpose",NA,"Bunge Ltd",1.8e+08,19,"UBS","UBS-BANK","Lender",9473684.21052632
"2485",5086635324,"Bunge Global SA",154083426863,"2002-03-01","2002-03-01","2005-03-01","Revolving Credit Facility","Refinance/Retiring Bank Debt",NA,"Bunge Ltd",4.2e+08,40,"Deutsche Bank","DEUTSCHE-BANK","Lender",10500000
"2486",5086635324,"Bunge Global SA",154083427526,"2002-10-10","2002-10-15","2003-12-01","Revolving Credit Facility","General Corporate Purpose","Bullet","Italenergia Bis SpA",588962836.44502,24,"Cooperatieve Rabobank UA","RABOBANK","Lender",24540118.1852092
"2487",5086635324,"Bunge Global SA",154083428032,"2002-09-27",NA,NA,"Revolving Credit Facility","Acquisition Finance",NA,"Bunge Ltd",8e+08,14,"UBS","UBS-BANK","Lender",57142857.1428571
"2488",5086635324,"Bunge Global SA",154083430901,"2002-07-11","2002-07-11","2003-07-10","Revolving Credit Facility","General Corporate Purpose",NA,"Bunge Ltd",6e+08,36,"JP Morgan & Co Inc","JPM","Agent",16666666.6666667
"2489",5086635324,"Bunge Global SA",154083430902,"2002-07-11","2002-07-11","2005-07-11","Revolving Credit Facility","Other",NA,"Bunge Ltd",6e+08,13,"Credit Agricole Corporate & Investment Bank","CREDIT-AGRI-CIB","Syndication Agent",46153846.1538462
"2490",5086635324,"Bunge Global SA",154083431448,"2003-04-04","2003-05-12","2004-01-01","Revolving Credit Facility","General Corporate Purpose","Bullet","Bunge Ltd",6.5e+08,37,"Citi","CITI","Syndication Agent",17567567.5675676
"2491",5086635324,"Bunge Global SA",154083435418,"2003-04-04","2003-05-12","2006-01-01","Revolving Credit Facility","Refinancing","Bullet","Bunge Ltd",6.5e+08,26,"BofA Securities Inc","BOFA-SEC-INC","Managing Agent",2.5e+07
"2492",5086635324,"Bunge Global SA",154083436055,"2003-07-03","2003-07-03","2004-07-02","Revolving Credit Facility","Acquisition Finance",NA,"Bunge Ltd",6e+08,26,"JP Morgan & Co Inc","JPM","Administration Agent",5.8e+07
"2493",5086635324,"Bunge Global SA",154083436056,"2003-07-03","2003-07-03","2008-07-03","Revolving Credit Facility","Standby/CP Support",NA,"Bunge Ltd",6e+08,14,"Citi","CITI","Syndication Agent",5.8e+07
"2494",5086635324,"Bunge Global SA",154083437183,"2003-07-02","2003-07-02","2009-02-10","Revolving Credit Facility","Standby/CP Support","Bullet","Prolea SA",173040318.394186,32,"CoBank ACB","COBANK","Documentation Agent",1.93e+08
"2495",5086635324,"Bunge Global SA",154083438986,"2003-07-02","2003-07-02","2008-08-10","Term Loan","Refinance/Retiring Bank Debt","Amortizing","Prolea SA",173040318.394186,39,"BNP Paribas SA","BNP-PARIBAS","Documentation Agent",5.8e+07
"2496",5086635324,"Bunge Global SA",154083439256,"2003-07-02","2003-07-02","2009-02-10","Term Loan","Refinancing","Bullet","Prolea SA",173040318.394186,32,"Credit Agricole Corporate & Investment Bank","CREDIT-AGRI-CIB","Documentation Agent",5.8e+07
"2497",5086635324,"Bunge Global SA",154083439257,"2003-07-02","2003-07-02","2009-02-10","Revolving Credit Facility","Refinance/Retiring Bank Debt","Bullet","Prolea SA",173040318.394186,38,"HSBC Holdings PLC","SAM-CAPEL-HSBC","Participant",4e+07
"2498",5086635324,"Bunge Global SA",154083439258,"2003-07-02","2003-07-02","2008-08-10","Term Loan","Refinancing","Amortizing","Prolea SA",173040318.394186,37,"Societe Generale SA","SOC-GEN","Participant",7e+07
"2499",5086635324,"Bunge Global SA",154083439259,"2003-07-02","2003-07-02","2009-02-10","Term Loan","Standby/CP Support","Bullet","Prolea SA",173040318.394186,17,"Standard Chartered PLC","SCPLC","Participant",5e+07
"2500",5086635324,"Bunge Global SA",154083446638,"2004-06-09","2004-06-28","2009-06-29","Revolving Credit Facility","Standby/CP Support","Bullet","Bunge Ltd",8.5e+08,26,"ING","ING","Participant",5e+07
"2501",5086635324,"Bunge Global SA",154083446865,"2004-06-28","2004-06-28","2007-06-28","Revolving Credit Facility","Acquisition Finance",NA,"Bunge Ltd",6e+08,25,"Cooperatieve Rabobank UA","RABOBANK","Participant",42500000
"2502",5086635324,"Bunge Global SA",154083448494,"2004-04-28","2004-05-24","2005-05-23","364 Day Revolver","Refinancing",NA,"Bunge Ltd",4.55e+08,21,"DBS Group Holdings","DBSGR","Participant",6e+07
"2503",5086635324,"Bunge Global SA",154083449491,"2004-09-29","2004-09-29","2005-09-29","Term Loan","Acquisition Finance",NA,"Prolea SA",67809148.0705215,30,"NatWest","NATWEST-GRP","Participant",5e+07
"2504",5086635324,"Bunge Global SA",154083454731,"2005-02-03","2005-02-03","2010-02-03","Term Loan","Acquisition Finance",NA,"Prolea SA",155664232.251035,12,"Mitsubishi UFJ Financial Group","MITSUBISHI-UFJ","Participant",3e+07
"2505",5086635324,"Bunge Global SA",154083456520,"2005-02-03","2005-02-03","2010-02-03","Term Loan","Acquisition Finance",NA,"Prolea SA",155664232.251035,26,"Banco Bilbao Vizcaya Argentaria SA","BBVA","Participant",5987085.85580904
"2506",5086635324,"Bunge Global SA",154083478552,"2005-11-15","2005-11-15","2009-06-29","Revolving Credit Facility","Acquisition Finance","Bullet","Bunge Ltd",8.5e+08,23,"UBS","UBS-BANK","Participant",2e+07
"2507",5086635324,"Bunge Global SA",154083478553,"2006-11-22","2006-12-20","2009-12-20","Revolving Credit Facility","Refinancing","Bullet","Bunge Ltd",6e+08,13,"Morgan Stanley","MORGAN-STANLEY","Participant",5e+07
"2508",5086635324,"Bunge Global SA",154083491946,"2011-11-17","2011-11-17","2016-11-17","Revolving Credit Facility","Acquisition Finance",NA,"Bunge Global SA",1.6e+09,8,"Sumitomo Mitsui Financial Group Inc","SUM-MIT-FIN-GRP","Participant",27500000
"2509",5086635324,"Bunge Global SA",154083491947,"2011-11-17","2011-11-17","2016-11-17","Revolving Credit Facility","Refinancing",NA,"Bunge Global SA",1.6e+09,8,"Natixis","NATIXIS","Participant",3e+07
"2510",5086635324,"Bunge Global SA",154083508326,"2007-06-06","2007-06-06","2012-06-06","Revolving Credit Facility","General Corporate Purpose",NA,"Bunge Ltd",6e+08,2,"Scotiabank","SCOTIABANK","Participant",3e+08
"2511",5086635324,"Bunge Global SA",154083519211,"2011-02-10","2011-03-23","2014-03-23","Revolving Credit Facility","General Corporate Purpose","Bullet","Bunge Global SA",1.75e+09,1,"CIBC World Markets Inc","CIBC-WORLD","Participant",3e+07
"2512",5086635324,"Bunge Global SA",154083525141,"2004-02-01","2004-02-01","2005-02-01","Revolving Credit Facility","General Corporate Purpose",NA,"Bunge Ltd",3.5e+07,14,"TD Securities Inc","TD-SECURITIES","Participant",2500000
"2513",5086635324,"Bunge Global SA",154083525758,"2009-10-15","2009-11-24","2011-04-16","Revolving Credit Facility","Refinance/Retiring Bank Debt","Bullet","Bunge Ltd",6e+08,40,"Santander Corporate & Investment Banking","SANTANDER-GBM","Participant",2e+07
"2514",5086635324,"Bunge Global SA",154083534857,"2007-10-05","2007-10-05","2012-10-05","Revolving Credit Facility","Refinancing",NA,"Bunge Ltd",6e+08,33,"Australia & New Zealand Banking Group Ltd","ANZ","Participant",18181818.1818182
"2515",5086635324,"Bunge Global SA",154083537041,"2007-11-19","2007-11-19","2008-11-17","364 Day Revolver","General Corporate Purpose",NA,"Bunge Ltd",1e+09,26,"UniCredit","UNICREDIT-SPA","Participant",5e+06
"2516",5086635324,"Bunge Global SA",154083539519,"2008-02-15","2008-03-27","2011-03-27","Revolving Credit Facility","Refinancing","Bullet","Bunge Ltd",6.5e+08,31,"JP Morgan & Co Inc","JPM","Administration Agent",4.2e+07
"2517",5086635324,"Bunge Global SA",154083539860,"2008-09-30","2008-10-07","2009-12-18","Term Loan","Refinancing",NA,"Bunge Ltd",1.69e+08,5,"Citi","CITI","Syndication Agent",4.2e+07
"2518",5086635324,"Bunge Global SA",154083540340,"2008-11-18","2008-11-18","2009-11-17","364 Day Revolver","General Corporate Purpose","Bullet","Bunge Ltd",8.5e+08,10,"CoBank ACB","COBANK","Documentation Agent",3.5e+07
"2519",5086635324,"Bunge Global SA",154083546362,"2008-09-01","2008-09-30","2011-10-06","Term Loan","General Corporate Purpose",NA,"Bunge Ltd",94312930.3027445,11,"BNP Paribas SA","BNP-PARIBAS","Documentation Agent",4.2e+07
"2520",5086635324,"Bunge Global SA",154083553900,"2007-02-27","2007-02-27","2012-08-27","Term Loan","General Corporate Purpose","Amortizing","Prolea SA",264798951.396152,1,"Credit Agricole Corporate & Investment Bank","CREDIT-AGRI-CIB","Documentation Agent",4.2e+07
"2521",5086635324,"Bunge Global SA",154083553901,"2007-02-27","2007-02-27","2010-02-27","Term Loan","General Corporate Purpose","Amortizing","Prolea SA",264798951.396152,7,"HSBC Holdings PLC","SAM-CAPEL-HSBC","Participant",6e+07
"2522",5086635324,"Bunge Global SA",154083553902,"2007-02-27","2007-02-27","2014-08-27","Term Loan","Refinancing","Amortizing","Prolea SA",264798951.396152,17,"Societe Generale SA","SOC-GEN","Participant",3e+07
"2523",5086635324,"Bunge Global SA",154083553903,"2007-02-27","2007-02-27","2012-02-27","Term Loan","General Corporate Purpose","Bullet","Prolea SA",264798951.396152,41,"Standard Chartered PLC","SCPLC","Participant",5e+07
"2524",5086635324,"Bunge Global SA",154083568190,"2014-02-11","2014-03-20","2017-03-20","Revolving Credit Facility","General Corporate Purpose",NA,"Bunge Global SA",1.75e+09,3,"ING","ING","Participant",4e+07
"2525",5086635324,"Bunge Global SA",154083588943,"2014-11-20","2014-11-20","2019-11-20","Revolving Credit Facility","Refinance/Retiring Bank Debt",NA,"Bunge Global SA",1.1e+09,9,"Cooperatieve Rabobank UA","RABOBANK","Participant",4.2e+07
"2526",5086635324,"Bunge Global SA",154083591312,"2014-11-20","2014-11-20","2019-11-20","Revolving Credit Facility","Working Capital",NA,"Bunge Global SA",6e+08,8,"DBS Group Holdings","DBSGR","Participant",7.5e+07
"2527",5086635324,"Bunge Global SA",154083591414,"2014-11-28","2014-12-12","2019-12-12","Term Loan","Finance Linked-Trade",NA,"Bunge Global SA",375477393.281132,1,"NatWest","NATWEST-GRP","Participant",1e+07
"2528",5086635324,"Bunge Global SA",154083591415,"2014-11-28","2014-12-12","2019-12-12","Term Loan","Refinance/Retiring Bank Debt",NA,"Bunge Global SA",375477393.281132,10,"Mitsubishi UFJ Financial Group","MITSUBISHI-UFJ","Participant",2e+07
"2529",5086635324,"Bunge Global SA",154083592809,"2015-08-10","2015-08-10","2018-08-10","Revolving Credit Facility","General Corporate Purpose",NA,"Bunge Global SA",1.75e+09,13,"Banco Bilbao Vizcaya Argentaria SA","BBVA","Participant",5e+07
"2530",5086635324,"Bunge Global SA",154083596683,"2015-07-17","2015-07-17","2018-06-17","Revolving Credit Facility","General Corporate Purpose",NA,"Bunge Global SA",142636854.279106,30,"UBS","UBS-BANK","Participant",3e+07
"2531",5086635324,"Bunge Global SA",154083613217,"2014-11-28","2014-12-12","2019-12-12","Term Loan","General Corporate Purpose",NA,"Bunge Global SA",375477393.281132,30,"Morgan Stanley","MORGAN-STANLEY","Participant",12515913.1093711
"2532",5086635324,"Bunge Global SA",154083635780,"2017-07-10","2017-07-10","2020-07-17","Revolving Credit Facility","Pay Fees And Expenses",NA,"Bunge Global SA",143544382.371198,1,"Sumitomo Mitsui Financial Group Inc","SUM-MIT-FIN-GRP","Participant",2e+07
"2533",5086635324,"Bunge Global SA",154083635781,"2017-07-10","2017-07-10","2020-07-17","Term Loan","Refinancing",NA,"Bunge Global SA",143544382.371198,32,"Natixis","NATIXIS","Participant",1e+07
"2534",5086635324,"Bunge Global SA",154083645251,"2017-09-13","2017-09-13","2020-09-13","Delayed Draw Term Loan","General Corporate Purpose",NA,"Bunge Global SA",9e+08,18,"Scotiabank","SCOTIABANK","Participant",3e+07
"2535",5086635324,"Bunge Global SA",154083645726,"2015-07-17","2015-07-17","2018-06-17","Term Loan","General Corporate Purpose",NA,"Bunge Global SA",142636854.279106,9,"CIBC World Markets Inc","CIBC-WORLD","Participant",15848539.3643451
"2536",5086635324,"Bunge Global SA",154083646060,"2017-07-28","2017-07-28","2020-07-28","Revolving Credit Facility","Refinance/Retiring Bank Debt",NA,"Bunge Global SA",120656370.656371,20,"TD Securities Inc","TD-SECURITIES","Participant",2.5e+07
"2537",5086635324,"Bunge Global SA",154083648987,"2017-11-07","2017-12-12","2020-12-12","Revolving Credit Facility","Pay Fees And Expenses",NA,"Bunge Global SA",1.75e+09,2,"Santander Corporate & Investment Banking","SANTANDER-GBM","Participant",8.75e+08
"2538",5086635324,"Bunge Global SA",154085102097,"2018-05-01","2018-05-01","2023-05-01","Revolving Credit Facility","Operating Fund / Cash Reserve",NA,"Bunge Global SA",7e+08,21,"Australia & New Zealand Banking Group Ltd","ANZ","Participant",1.5e+07
"2539",5086635324,"Bunge Global SA",154085240811,"2018-07-30","2018-07-30","2023-07-30","Revolving Credit Facility","Refinancing",NA,"Bunge Global SA",690554745.645669,4,"UniCredit","UNICREDIT-SPA","Participant",1e+07
"2540",5086635324,"Bunge Global SA",154085259183,"2018-12-14","2018-12-14","2023-12-14","Revolving Credit Facility","Refinancing",NA,"Bunge Global SA",1.1e+09,13,"JP Morgan & Co Inc","JPM","Administration Agent",84615384.6153846
"2541",5086635324,"Bunge Global SA",154085259379,"2018-12-14","2018-12-14","2023-12-14","Revolving Credit Facility","Debtor In Possesion",NA,"Bunge Global SA",6e+08,30,"Citi","CITI","Syndication Agent",2e+07
"2542",5086635324,"Bunge Global SA",154085392546,"2019-05-16","2019-05-16","2022-07-18","Revolving Credit Facility","General Corporate Purpose",NA,"Bunge Global SA",159768150.404994,8,"Credit Agricole Corporate & Investment Bank","CREDIT-AGRI-CIB","Syndication Agent",37500000
"2543",5086635324,"Bunge Global SA",154085392547,"2019-05-16","2019-05-16","2022-07-18","Term Loan","General Corporate Purpose",NA,"Bunge Global SA",159768150.404994,1,"Deutsche Bank","DEUTSCHE-BANK","Agent",159768150.404994
"2544",5086635324,"Bunge Global SA",154085407662,"2019-06-17","2019-07-01","2024-07-01","Term Loan","General Corporate Purpose",NA,"Bunge Global SA",373131974.54579,21,"JP Morgan & Co Inc","JPM","Administration Agent",17768189.2640852
"2545",5086635324,"Bunge Global SA",154085407663,"2019-06-17","2019-07-01","2024-07-01","Term Loan","General Corporate Purpose",NA,"Bunge Global SA",373131974.54579,18,"Citi","CITI","Syndication Agent",20729554.1414328
"2546",5086635324,"Bunge Global SA",154085567195,"2019-12-16","2019-12-16","2022-12-16","Revolving Credit Facility","Working Capital",NA,"Bunge Global SA",1.75e+09,1,"Credit Agricole Corporate & Investment Bank","CREDIT-AGRI-CIB","Syndication Agent",1.75e+09
"2547",5086635324,"Bunge Global SA",154085770889,"2020-05-28","2020-05-28","2021-07-16","Revolving Credit Facility","Working Capital",NA,"Bunge Global SA",1e+08,10,"Deutsche Bank","DEUTSCHE-BANK","Syndication Agent",1e+07
"2548",5086635324,"Bunge Global SA",154086951670,"2020-10-22","2020-10-22","2021-10-21","364 Day Revolver","General Corporate Purpose",NA,"Bunge Global SA",1.25e+09,10,"UBS","UBS-BANK","Managing Agent",1.25e+08
"2549",5086635324,"Bunge Global SA",154086951671,"2020-10-22","2020-10-22","2021-10-21","364 Day Revolver","General Corporate Purpose",NA,"Bunge Global SA",1.25e+09,18,"BNP Paribas SA","BNP-PARIBAS","Managing Agent",69444444.4444444
"2550",5086635324,"Bunge Global SA",154087222854,"2021-06-23","2021-06-23",NA,"Revolving Credit or Term Loan","Working Capital",NA,"Bunge Global SA",2.5e+07,13,"Commerzbank AG","COMMERZBANK","Managing Agent",1923076.92307692
"2551",5086635324,"Bunge Global SA",154087247907,"2021-07-16","2021-07-16","2026-07-16","Revolving Credit Facility","General Corporate Purpose",NA,"Bunge Global SA",6e+08,24,"BofA Securities Inc","BOFA-SEC-INC","Managing Agent",2.5e+07
"2552",5086635324,"Bunge Global SA",154087247925,"2021-07-16","2021-07-16","2026-07-16","Revolving Credit Facility","General Corporate Purpose",NA,"Bunge Global SA",1.95e+09,3,"BNP Paribas SA","BNP-PARIBAS","Managing Agent",6.5e+08
"2553",5086635324,"Bunge Global SA",154087247942,"2021-07-16","2021-07-16","2022-07-15","364 Day Revolver","Acquisition Finance",NA,"Bunge Global SA",1e+09,3,"Scotiabank","SCOTIABANK","Managing Agent",333333333.333333
"2554",5086635324,"Bunge Global SA",154087293565,"2021-07-09","2021-07-09","2025-06-01","Revolving Credit Facility","General Corporate Purpose",NA,"Bunge Global SA",434017354.973485,13,"Portigon AG","PORTIGON","Managing Agent",33385950.3825758
"2555",5086635324,"Bunge Global SA",154087293566,"2021-07-09","2021-07-09","2025-06-01","Revolving Credit Facility","General Corporate Purpose",NA,"Bunge Global SA",434017354.973485,7,"Bank of New York Mellon Corp","BNY-MELLON","Participant",62002479.2819264
"2556",5086635324,"Bunge Global SA",154087357364,"2021-10-29","2021-10-29","2026-10-29","Revolving Credit Facility","General Corporate Purpose",NA,"Bunge Global SA",1.115e+09,4,"JP Morgan & Co Inc","JPM","Administration Agent",278750000
"2557",5086635324,"Bunge Global SA",154087357365,"2021-10-29","2021-10-29","2028-10-29","Delayed Draw Term Loan","Spinoff",NA,"Bunge Global SA",1.115e+09,13,"Citi","CITI","Syndication Agent",85769230.7692308
"2558",5086635324,"Bunge Global SA",154087417844,"2021-12-16","2021-12-16","2024-12-16","Revolving Credit Facility","General Corporate Purpose",NA,"Bunge Global SA",1.75e+09,6,"Standard Chartered PLC","SCPLC","Participant",291666666.666667
"2559",5086635324,"Bunge Global SA",154087647230,"2022-07-15","2022-07-15","2023-07-14","364 Day Revolver","General Corporate Purpose",NA,"Bunge Global SA",1.1e+09,3,"Banco Bilbao Vizcaya Argentaria SA","BBVA","Participant",366666666.666667
"2560",5086635324,"Bunge Global SA",154087655233,"2022-07-26","2022-07-26","2025-07-26","Delayed Draw Term Loan","General Corporate Purpose",NA,"Bunge Global SA",7.5e+08,3,"BNP Paribas SA","BNP-PARIBAS","Participant",2.5e+08
"2561",5086635324,"Bunge Global SA",154087671655,"2022-08-05","2022-08-05","2026-10-29","Revolving Credit Facility","General Corporate Purpose",NA,"Bunge Global SA",1.365e+09,3,"JP Morgan & Co Inc","JPM","Administration Agent",4.55e+08
"2562",5086635324,"Bunge Global SA",154087671656,"2022-08-05","2022-08-05","2028-10-29","Delayed Draw Term Loan","General Corporate Purpose",NA,"Bunge Global SA",1.365e+09,1,"Credit Agricole Corporate & Investment Bank","CREDIT-AGRI-CIB","Syndication Agent",1.365e+09
"2563",5086635324,"Bunge Global SA",154087671657,"2022-08-05","2022-08-05","2027-08-05","Delayed Draw Term Loan","General Corporate Purpose",NA,"Bunge Global SA",1.365e+09,8,"Cooperatieve Rabobank UA","RABOBANK","Syndication Agent",170625000
"2564",5086635324,"Bunge Global SA",154088069925,"2023-06-13",NA,NA,"Term Loan","General Corporate Purpose",NA,"Bunge Global SA",7e+09,1,"Citi","CITI","Managing Agent",7e+09
"2565",5086635324,"Bunge Global SA",154088085495,"2023-06-21","2023-06-21","2024-06-19","364 Day Revolver","General Corporate Purpose",NA,"Bunge Global SA",1.1e+09,1,"UBS","UBS-BANK","Managing Agent",1.1e+09
"2566",5086635324,"Bunge Global SA",154088085580,"2021-07-16","2021-07-16","2026-07-16","Revolving Credit Facility","General Corporate Purpose",NA,"Bunge Global SA",1.95e+09,2,"BNP Paribas SA","BNP-PARIBAS","Managing Agent",9.75e+08
"2567",5086635324,"Bunge Global SA",154088101286,"2023-07-07","2023-07-07","2027-08-05","Term Loan","General Corporate Purpose",NA,"Bunge Global SA",1.665e+09,2,"ING","ING","Co-Agent",832500000
"2568",5086635324,"Bunge Global SA",154088101287,"2023-07-07","2023-07-07","2028-10-29","Term Loan","General Corporate Purpose",NA,"Bunge Global SA",1.665e+09,3,"Portigon AG","PORTIGON","Co-Agent",5.55e+08
"2569",5086635324,"Bunge Global SA",154088101288,"2023-07-07","2023-07-07","2028-07-07","Delayed Draw Term Loan","General Corporate Purpose",NA,"Bunge Global SA",1.665e+09,2,"BNP Paribas SA","BNP-PARIBAS","Facility Agent",832500000
"2570",5086635324,"Bunge Global SA",154088101289,"2023-07-07","2023-07-07","2026-10-29","Revolving Credit Facility","General Corporate Purpose",NA,"Bunge Global SA",1.665e+09,1,"HSBC Holdings PLC","SAM-CAPEL-HSBC","Arranger",1.665e+09
"2571",5086635324,"Bunge Global SA",154088114660,"2023-07-07","2023-07-07","2025-07-07","Term Loan","General Corporate Purpose",NA,"Bunge Global SA",7.7e+09,1,"Societe Generale SA","SOC-GEN","Arranger",7.7e+09
"2572",5086635324,"Bunge Global SA",154088114662,"2023-07-07","2023-07-07","2024-07-05","Term Loan","General Corporate Purpose",NA,"Bunge Global SA",7.7e+09,1,"Morgan Stanley","MORGAN-STANLEY","Arranger",7.7e+09
"2573",5086635324,"Bunge Global SA",154088114663,"2023-07-07","2023-07-07","2026-07-07","Term Loan","General Corporate Purpose",NA,"Bunge Global SA",7.7e+09,7,"Barclays","BARCLAYS-CAP","Arranger",1.1e+09
"2574",5086635324,"Bunge Global SA",154088237470,"2023-10-06","2023-10-06","2026-10-06","Revolving Credit Facility","General Corporate Purpose",NA,"Bunge Global SA",1.75e+09,3,"NatWest","NATWEST-GRP","Arranger",583333333.333333
"2575",5086635324,"Bunge Global SA",154088409386,"2024-03-01","2024-03-01","2027-03-01","Revolving Credit Facility","General Corporate Purpose",NA,"Bunge Global SA",3.5e+09,2,"Natixis","NATIXIS","Arranger",1.75e+09
"2576",5086635324,"Bunge Global SA",154088417293,"2024-03-01","2024-03-01","2029-03-01","Revolving Credit Facility","General Corporate Purpose",NA,"Bunge Global SA",3.2e+09,2,"UniCredit","UNICREDIT-SPA","Arranger",1.6e+09
"2577",5086635324,"Bunge Global SA",154088461326,"2024-04-12","2024-04-12","2025-04-11","364 Day Revolver","General Corporate Purpose",NA,"Bunge Global SA",1.1e+09,8,"ING","ING","Arranger",137500000
"2578",5086635324,"Bunge Global SA",154088524038,"2024-06-17",NA,"2027-06-28","Delayed Draw Term Loan","General Corporate Purpose",NA,"Bunge Global SA",2.2e+09,1,"Natixis","NATIXIS","Arranger",2.2e+09
"2579",5086635324,"Bunge Global SA",154088727720,"2024-12-13",NA,"2025-12-31","Bridge Loan","Working Capital",NA,"Bunge Global SA",5.7e+09,1,"Portigon AG","PORTIGON","Arranger",5.7e+09
"2580",5086635324,"Bunge Global SA",154088814375,"2025-02-21","2025-02-21","2026-02-20","364 Day Revolver","General Corporate Purpose",NA,"Bunge Global SA",1.1e+09,1,"ABN AMRO Bank","ABN-AMRO-BK","Co-Arranger",1.1e+09
"2581",5086635324,"Bunge Global SA",154088995252,"2025-06-30","2025-06-30","2028-06-01","Term Loan","General Corporate Purpose",NA,"Bunge Global SA",2e+09,1,"UniCredit","UNICREDIT-SPA","Co-Arranger",2e+09
"2582",5086635324,"Bunge Global SA",154089093095,"2025-08-27","2025-08-27","2026-08-27","Revolving Credit Facility","General Corporate Purpose",NA,"Bunge Global SA",520318434.882148,1,"Bank fuer Arbeit und Wirtschaft AG","BK-WIRT","Co-Arranger",520318434.882148
"2583",5086635324,"Bunge Global SA",154089114226,"2025-10-03","2025-10-03","2026-10-02","364 Day Revolver","Acquisition Finance",NA,"Bunge Global SA",5.3e+09,4,"Banco Bilbao Vizcaya Argentaria SA","BBVA","Co-Arranger",1.325e+09
"2584",5086635324,"Bunge Global SA",154089114228,"2025-10-03","2025-10-03","2030-10-03","Revolving Credit Facility","General Corporate Purpose",NA,"Bunge Global SA",5.3e+09,1,"BNP Paribas SA","BNP-PARIBAS","Co-Arranger",5.3e+09
"2585",5086635324,"Bunge Global SA",154089120563,"2025-10-03","2025-10-03","2030-10-03","Revolving Credit Facility","General Corporate Purpose",NA,"Bunge Global SA",8.65e+08,1,"Groupe BPCE","BPCE","Co-Arranger",8.65e+08
"2586",5086635324,"Bunge Global SA",154089125265,"2025-10-03","2025-10-03","2028-10-03","Revolving Credit Facility","General Corporate Purpose",NA,"Bunge Global SA",3.5e+09,1,"Deutsche Postbank AG","DPAG","Co-Arranger",3.5e+09
"2587",5086635324,"Bunge Global SA",154089221594,"2024-12-13",NA,"2026-12-31","Bridge Loan","General Corporate Purpose",NA,"Bunge Global SA",5.7e+09,1,"Landesbank Rheinland Pfalz Girozentrale","RHEINLAND","Co-Arranger",5.7e+09
"2588",5086635324,"Bunge Global SA",154089221595,"2024-12-13",NA,"2027-12-31","Delayed Draw Term Loan","General Corporate Purpose",NA,"Bunge Global SA",5.7e+09,3,"Raiffeisen Bank International AG{RBI}","RAIFFEISEN-BI","Co-Arranger",1.9e+09
"2589",5086635324,"Bunge Global SA",154089319011,"2026-03-27","2026-03-27","2031-03-27","Term Loan","General Corporate Purpose",NA,"Bunge Global SA",433039000,1,"Scotiabank","SCOTIABANK","Co-Arranger",433039000
"4063",4295903463,"Archer-Daniels-Midland Co",154083368781,"1996-03-12","1996-03-12","1999-03-12","Transferable Loan Facility","General Corporate Purpose","Bullet","Grand Silver Trading Co Ltd",5e+07,27,"BofA Securities Inc","BOFA-SEC-INC","Arranger",1851851.85185185
"4064",4295903463,"Archer-Daniels-Midland Co",154083368782,"1996-03-12","1996-03-12","1999-03-12","Transferable Loan Facility","General Corporate Purpose","Bullet","Grand Silver Trading Co Ltd",5e+07,24,"Caisse Federale de Credit Mutuel SA","FED-CRED-MUTUEL","Co-Arranger",2083333.33333333
"4065",4295903463,"Archer-Daniels-Midland Co",154083403602,"1999-03-31","1999-03-31","2000-03-28","Revolving Credit Facility","Standby/CP Support",NA,"Archer Daniels Midland Co",1.75e+09,10,"BNP Paribas SA","BNP-PARIBAS","Lead Manager",1.75e+08
"4066",4295903463,"Archer-Daniels-Midland Co",154083403604,"1999-03-31","1999-03-31","2004-03-31","Revolving Credit Facility","Standby/CP Support",NA,"Archer Daniels Midland Co",1.75e+09,29,"ING","ING","Lead Manager",60344827.5862069
"4067",4295903463,"Archer-Daniels-Midland Co",154083406676,"2000-03-29","2000-03-29","2001-03-26","Revolving Credit Facility","General Corporate Purpose",NA,"Archer Daniels Midland Co",1.25e+09,27,"Oversea-Chinese Banking Corp Ltd","OCBC","Lead Manager",46296296.2962963
"4068",4295903463,"Archer-Daniels-Midland Co",154083419417,"2001-03-28","2001-03-28","2002-03-27","Revolving Credit Facility","Standby/CP Support",NA,"Archer Daniels Midland Co",1.15e+09,29,"Agricultural Bank of China","ABCHIN","Co-Lead Manager",39655172.4137931
"4069",4295903463,"Archer-Daniels-Midland Co",154083423527,"2002-03-01","2002-03-22","2003-03-21","Revolving Credit Facility","Standby/CP Support",NA,"Archer Daniels Midland Co",9e+08,29,"NatWest","NATWEST-GRP","Co-Lead Manager",31034482.7586207
"4070",4295903463,"Archer-Daniels-Midland Co",154083427353,"2002-04-17",NA,NA,"Term Loan","General Corporate Purpose",NA,"Archer Daniels Midland Co",8e+07,27,"KBC Group NV","KBC-GROUP","Co-Lead Manager",2962962.96296296
"4071",4295903463,"Archer-Daniels-Midland Co",154083427354,"2002-04-17",NA,NA,"Term Loan","Export/Import Financing",NA,"Archer Daniels Midland Co",8e+07,29,"BofA Securities Inc","BOFA-SEC-INC","Arranger",2758620.68965517
"4072",4295903463,"Archer-Daniels-Midland Co",154083432662,"2003-03-18","2003-03-26","2004-03-25","Revolving Credit Facility","General Corporate Purpose",NA,"Archer Daniels Midland Co",1.75e+09,27,"Caisse Federale de Credit Mutuel SA","FED-CRED-MUTUEL","Co-Arranger",64814814.8148148
"4073",4295903463,"Archer-Daniels-Midland Co",154083432663,"2003-03-18","2003-03-26","2008-03-26","Revolving Credit Facility","Export/Import Financing",NA,"Archer Daniels Midland Co",1.75e+09,31,"BNP Paribas SA","BNP-PARIBAS","Lead Manager",56451612.9032258
"4074",4295903463,"Archer-Daniels-Midland Co",154083440335,"2004-01-29","2004-01-29","2004-04-28","Revolving Credit Facility","Standby/CP Support",NA,"Archer Daniels Midland Co",4.4e+08,4,"ING","ING","Lead Manager",1.1e+08
"4075",4295903463,"Archer-Daniels-Midland Co",154083442795,"2004-03-04","2004-03-24","2005-03-23","364 Day Revolver","Standby/CP Support",NA,"Archer Daniels Midland Co",2166667000,29,"Oversea-Chinese Banking Corp Ltd","OCBC","Lead Manager",74712655.1724138
"4076",4295903463,"Archer-Daniels-Midland Co",154083442796,"2004-03-04","2004-03-24","2008-03-24","Revolving Credit Facility","Standby/CP Support",NA,"Archer Daniels Midland Co",2166667000,28,"Agricultural Bank of China","ABCHIN","Co-Lead Manager",77380964.2857143
"4077",4295903463,"Archer-Daniels-Midland Co",154083443717,"2003-11-06","2003-11-06","2004-02-04","Revolving Credit Facility","Standby/CP Support",NA,"Archer Daniels Midland Co",3e+08,8,"NatWest","NATWEST-GRP","Co-Lead Manager",37500000
"4078",4295903463,"Archer-Daniels-Midland Co",154083457991,"2005-03-03","2005-03-23","2010-03-23","Revolving Credit Facility","Standby/CP Support",NA,"Archer Daniels Midland Co",2.25e+09,7,"KBC Group NV","KBC-GROUP","Co-Lead Manager",321428571.428571
"4079",4295903463,"Archer-Daniels-Midland Co",154083458376,"2005-03-03","2005-03-23","2010-03-23","Revolving Credit Facility","Standby/CP Support",NA,"Archer Daniels Midland Co",2.25e+09,27,"JP Morgan & Co Inc","JPM","Administration Agent",83333333.3333333
"4080",4295903463,"Archer-Daniels-Midland Co",154083468758,"2006-03-07","2006-03-23","2011-03-23","Revolving Credit Facility","Refinancing",NA,"Archer Daniels Midland Co",2.25e+09,30,"Citi","CITI","Syndication Agent",7.5e+07
"4081",4295903463,"Archer-Daniels-Midland Co",154083486219,"2010-12-10","2010-12-10","2011-06-08","Revolving Credit Facility","Refinancing",NA,"Archer Daniels Midland Co",1.9e+09,30,"BofA Securities Inc","BOFA-SEC-INC","Documentation Agent",63333333.3333333
"4082",4295903463,"Archer-Daniels-Midland Co",154083492330,"2012-04-19","2012-04-19","2015-04-19","Revolving Credit Facility","General Corporate Purpose",NA,"Wittington Investments Ltd",1.6e+08,11,"JP Morgan & Co Inc","JPM","Documentation Agent",14545454.5454545
"4083",4295903463,"Archer-Daniels-Midland Co",154083508931,"2007-03-23","2007-03-23","2012-03-23","Revolving Credit Facility","Refinancing",NA,"Archer Daniels Midland Co",2.5e+09,29,"Commerzbank AG","COMMERZBANK","Managing Agent",86206896.5517241
"4084",4295903463,"Archer-Daniels-Midland Co",154083511960,"2008-10-31","2008-10-31","2009-11-05","Revolving Credit Facility","Standby/CP Support",NA,"Archer Daniels Midland Co",1.6e+09,28,"JP Morgan & Co Inc","JPM","Administration Agent",57142857.1428571
"4085",4295903463,"Archer-Daniels-Midland Co",154083512166,"2008-06-30","2008-07-30","2013-07-30","Revolving Credit Facility","General Corporate Purpose",NA,"Archer Daniels Midland Co",3e+08,5,"Citi","CITI","Syndication Agent",6e+07
"4086",4295903463,"Archer-Daniels-Midland Co",154083512167,"2008-06-30","2008-07-30","2013-07-30","Term Loan","Standby/CP Support",NA,"Archer Daniels Midland Co",3e+08,27,"BofA Securities Inc","BOFA-SEC-INC","Documentation Agent",11111111.1111111
"4087",4295903463,"Archer-Daniels-Midland Co",154083513151,"2009-10-30","2009-10-30","2010-10-30","Revolving Credit Facility","General Corporate Purpose","Bullet","Archer Daniels Midland Co",1.6e+09,10,"JP Morgan & Co Inc","JPM","Documentation Agent",1.6e+08
"4088",4295903463,"Archer-Daniels-Midland Co",154083525742,"2008-06-26","2008-06-26","2008-10-24","Revolving Credit Facility","General Corporate Purpose",NA,"Archer Daniels Midland Co",1.5e+09,7,"Commerzbank AG","COMMERZBANK","Managing Agent",214285714.285714
"4089",4295903463,"Archer-Daniels-Midland Co",154083533601,"2011-10-28","2011-10-28","2016-10-28","Revolving Credit Facility","General Corporate Purpose",NA,"Archer Daniels Midland Co",2e+09,8,"JP Morgan & Co Inc","JPM","Administration Agent",2.5e+08
"4090",4295903463,"Archer-Daniels-Midland Co",154083535477,"2007-10-31","2007-11-02","2008-10-31","364 Day Revolver","General Corporate Purpose",NA,"Archer Daniels Midland Co",1e+09,29,"Citi","CITI","Administration Agent",34482758.6206897
"4091",4295903463,"Archer-Daniels-Midland Co",154083539879,"2007-12-27","2007-12-27","2008-06-24","Revolving Credit Facility","General Corporate Purpose",NA,"Archer Daniels Midland Co",1.2e+09,10,"BofA Securities Inc","BOFA-SEC-INC","Documentation Agent",1.2e+08
"4092",4295903463,"Archer-Daniels-Midland Co",154083540292,"2008-02-28","2008-02-28","2008-08-26","Revolving Credit Facility","General Corporate Purpose",NA,"Archer Daniels Midland Co",3e+08,6,"JP Morgan & Co Inc","JPM","Documentation Agent",5e+07
"4093",4295903463,"Archer-Daniels-Midland Co",154083540853,"2010-10-29","2010-10-29","2011-10-28","364 Day Revolver","General Corporate Purpose",NA,"Archer Daniels Midland Co",2e+09,31,"Commerzbank AG","COMMERZBANK","Managing Agent",64516129.0322581
"4094",4295903463,"Archer-Daniels-Midland Co",154083550701,"2008-03-19","2008-03-21","2013-03-21","Revolving Credit Facility","Refinancing",NA,"Archer Daniels Midland Co",2.5e+09,4,"Credit Agricole Corporate & Investment Bank","CREDIT-AGRI-CIB","Managing Agent",6.25e+08
"4095",4295903463,"Archer-Daniels-Midland Co",154083550702,"2008-03-19","2008-03-21","2013-03-21","Revolving Credit Facility","General Corporate Purpose",NA,"Archer Daniels Midland Co",2.5e+09,30,"Truist Financial Corp","TRUIST-FIN","Managing Agent",83333333.3333333
"4096",4295903463,"Archer-Daniels-Midland Co",154083570503,"2013-12-10","2013-12-13","2018-12-14","Revolving Credit Facility","Refinance/Retiring Bank Debt",NA,"Archer Daniels Midland Co",2.5e+09,27,"Deutsche GenossenschaftsZentralbank {DZ Bank}","DZ-BK","Managing Agent",92592592.5925926
"4097",4295903463,"Archer-Daniels-Midland Co",154083570504,"2013-12-10","2013-12-13","2014-12-12","364 Day Revolver","General Corporate Purpose",NA,"Archer Daniels Midland Co",2.5e+09,23,"Piper Sandler & Co","PIPER-SANDLER","Managing Agent",108695652.173913
"4098",4295903463,"Archer-Daniels-Midland Co",154083573462,"2012-08-09","2012-08-09","2013-06-28","Revolving Credit Facility","General Corporate Purpose",NA,"Archer Daniels Midland Co",2e+09,7,"Cooperatieve Rabobank UA","RABOBANK","Managing Agent",285714285.714286
"4099",4295903463,"Archer-Daniels-Midland Co",154083579429,"2012-12-14","2012-12-14","2017-12-14","Revolving Credit Facility","Bridging Loan",NA,"Archer Daniels Midland Co",4e+09,28,"Truist Financial Corp","TRUIST-FIN","Co-Agent",142857142.857143
"4100",4295903463,"Archer-Daniels-Midland Co",154083579430,"2012-12-14","2012-12-14","2013-12-13","364 Day Revolver","Standby/CP Support",NA,"Archer Daniels Midland Co",4e+09,6,"JP Morgan & Co Inc","JPM","Administration Agent",666666666.666667
"4101",4295903463,"Archer-Daniels-Midland Co",154083585523,"2013-12-13","2013-12-17","2018-10-28","Revolving Credit Facility","General Corporate Purpose",NA,"Archer Daniels Midland Co",1.5e+09,10,"Citi","CITI","Syndication Agent",1.5e+08
"4102",4295903463,"Archer-Daniels-Midland Co",154083592046,"2015-11-13","2015-12-11","2020-12-11","Revolving Credit Facility","Refinance/Retiring Bank Debt",NA,"Archer Daniels Midland Co",4e+09,27,"BofA Securities Inc","BOFA-SEC-INC","Documentation Agent",148148148.148148
"4103",4295903463,"Archer-Daniels-Midland Co",154083592047,"2015-11-13","2015-12-11","2020-12-11","Revolving Credit Facility","General Corporate Purpose",NA,"Archer Daniels Midland Co",4e+09,3,"Commerzbank AG","COMMERZBANK","Documentation Agent",1333333333.33333
"4104",4295903463,"Archer-Daniels-Midland Co",154083592048,"2015-11-13","2015-12-11","2016-12-11","364 Day Revolver","Standby/CP Support",NA,"Archer Daniels Midland Co",4e+09,7,"HSBC Holdings PLC","SAM-CAPEL-HSBC","Documentation Agent",571428571.428571
"4105",4295903463,"Archer-Daniels-Midland Co",154083604029,"2014-11-18","2014-12-12","2019-10-28","Revolving Credit Facility","Refinance/Retiring Bank Debt",NA,"Archer Daniels Midland Co",1.5e+09,21,"BNP Paribas SA","BNP-PARIBAS","Co-Agent",71428571.4285714
"4106",4295903463,"Archer-Daniels-Midland Co",154083610936,"2014-11-18","2014-12-12","2015-12-11","364 Day Revolver","Refinance/Retiring Bank Debt",NA,"Archer Daniels Midland Co",2.5e+09,25,"NatWest","NATWEST-GRP","Co-Agent",1e+08
"4107",4295903463,"Archer-Daniels-Midland Co",154083610943,"2014-11-18","2014-12-12","2019-12-12","Revolving Credit Facility","General Corporate Purpose",NA,"Archer Daniels Midland Co",2.5e+09,5,"JP Morgan & Co Inc","JPM","Administration Agent",5e+08
"4108",4295903463,"Archer-Daniels-Midland Co",154083619631,"2016-11-17","2016-12-09","2017-12-08","364 Day Revolver","General Corporate Purpose",NA,"Archer Daniels Midland Co",4e+09,5,"Citi","CITI","Syndication Agent",8e+08
"4109",4295903463,"Archer-Daniels-Midland Co",154083625016,"2016-11-17","2016-12-09","2021-10-09","Revolving Credit Facility","General Corporate Purpose",NA,"Archer Daniels Midland Co",4e+09,8,"BofA Securities Inc","BOFA-SEC-INC","Documentation Agent",5e+08
"4110",4295903463,"Archer-Daniels-Midland Co",154083625017,"2016-11-17","2016-12-09","2021-12-09","Revolving Credit Facility","Backup Facility",NA,"Archer Daniels Midland Co",4e+09,10,"HSBC Holdings PLC","SAM-CAPEL-HSBC","Documentation Agent",4e+08
"4111",4295903463,"Archer-Daniels-Midland Co",154083663181,"2017-12-08","2017-12-08","2020-12-08","Revolving Credit Facility","General Corporate Purpose",NA,"Archer Daniels Midland Co",5e+09,5,"NatWest","NATWEST-GRP","Co-Agent",1e+09
"4112",4295903463,"Archer-Daniels-Midland Co",154083663182,"2017-12-08","2017-12-08","2022-12-08","Revolving Credit Facility","Refinancing",NA,"Archer Daniels Midland Co",5e+09,2,"Societe Generale SA","SOC-GEN","Co-Agent",2.5e+09
"4113",4295903463,"Archer-Daniels-Midland Co",154083663183,"2017-12-08","2017-12-08","2018-12-07","364 Day Revolver","General Corporate Purpose",NA,"Archer Daniels Midland Co",5e+09,10,"European Bank for Reconstruction and Development {EBRD}","EBR","Facility Agent",5e+08
"4114",4295903463,"Archer-Daniels-Midland Co",154085257568,"2018-12-07","2018-12-07","2021-12-08","Revolving Credit Facility","Refinancing",NA,"Archer Daniels Midland Co",4.991e+09,21,"Hamburg Commercial Bank AG","HAMBURG-COMM","Arranger",237666666.666667
"4115",4295903463,"Archer-Daniels-Midland Co",154085257569,"2018-12-07","2018-12-07","2023-12-08","Revolving Credit Facility","General Corporate Purpose",NA,"Archer Daniels Midland Co",4.991e+09,7,"Cooperatieve Rabobank UA","RABOBANK","Arranger",7.13e+08
"4116",4295903463,"Archer-Daniels-Midland Co",154085257570,"2018-12-07","2018-12-07","2019-12-06","364 Day Revolver","General Corporate Purpose",NA,"Archer Daniels Midland Co",4.991e+09,5,"UniCredit","UNICREDIT-SPA","Arranger",998200000
"4117",4295903463,"Archer-Daniels-Midland Co",154085555329,"2019-12-06","2019-12-06","2022-12-06","Revolving Credit Facility","General Corporate Purpose",NA,"Archer Daniels Midland Co",4.991e+09,10,"Raiffeisen Bank International AG{RBI}","RAIFFEISEN-BI","Arranger",499100000
"4118",4295903463,"Archer-Daniels-Midland Co",154085555330,"2019-12-06","2019-12-06","2024-12-06","Revolving Credit Facility","General Corporate Purpose",NA,"Archer Daniels Midland Co",4.991e+09,5,"JP Morgan & Co Inc","JPM","Administration Agent",91667000
"4119",4295903463,"Archer-Daniels-Midland Co",154085555331,"2019-12-06","2019-12-06","2020-12-04","364 Day Revolver","General Corporate Purpose",NA,"Archer Daniels Midland Co",4.991e+09,11,"Citi","CITI","Syndication Agent",91667000
"4120",4295903463,"Archer-Daniels-Midland Co",154086999926,"2020-12-04","2020-12-04","2021-12-03","364 Day Revolver","General Corporate Purpose",NA,"Archer Daniels Midland Co",1.5e+09,8,"BofA Securities Inc","BOFA-SEC-INC","Documentation Agent",76667000
"4121",4295903463,"Archer-Daniels-Midland Co",154087053316,"2021-01-29","2021-01-29","2021-07-29","Revolving Credit Facility","General Corporate Purpose",NA,"Archer Daniels Midland Co",1.5e+09,6,"CoBank ACB","COBANK","Documentation Agent",76667000
"4122",4295903463,"Archer-Daniels-Midland Co",154087363991,"2021-07-28","2021-07-28","2021-12-31","Revolving Credit Facility","General Corporate Purpose",NA,"Archer Daniels Midland Co",1.5e+09,5,"HSBC Holdings PLC","SAM-CAPEL-HSBC","Documentation Agent",76667000
"4123",4295903463,"Archer-Daniels-Midland Co",154087407127,"2021-12-03","2021-12-03","2024-12-03","Revolving Credit Facility","General Corporate Purpose",NA,"Archer Daniels Midland Co",5e+09,10,"Deutsche Bank","DEUTSCHE-BANK","Managing Agent",66667000
"4124",4295903463,"Archer-Daniels-Midland Co",154087407128,"2021-12-03","2021-12-03","2026-12-03","Revolving Credit Facility","General Corporate Purpose",NA,"Archer Daniels Midland Co",5e+09,6,"Cooperatieve Rabobank UA","RABOBANK","Managing Agent",66667000
"4125",4295903463,"Archer-Daniels-Midland Co",154087407129,"2021-12-03","2021-12-03","2022-12-02","364 Day Revolver","General Corporate Purpose",NA,"Archer Daniels Midland Co",5e+09,5,"Piper Sandler & Co","PIPER-SANDLER","Managing Agent",53333000
"4126",4295903463,"Archer-Daniels-Midland Co",154087512041,"2022-03-20","2022-03-30","2022-09-30","Revolving Credit Facility","General Corporate Purpose",NA,"Archer Daniels Midland Co",1.5e+09,19,"NatWest","NATWEST-GRP","Managing Agent",5e+07
"4127",4295903463,"Archer-Daniels-Midland Co",154087839549,"2022-12-02","2022-12-02","2025-12-02","Revolving Credit Facility","General Corporate Purpose",NA,"Archer Daniels Midland Co",5e+09,8,"BofA Securities Inc","BOFA-SEC-INC","Managing Agent",5e+07
"4128",4295903463,"Archer-Daniels-Midland Co",154087839550,"2022-12-02","2022-12-02","2027-12-02","Revolving Credit Facility","General Corporate Purpose",NA,"Archer Daniels Midland Co",5e+09,4,"Truist Financial Corp","TRUIST-FIN","Managing Agent",5e+07
"4129",4295903463,"Archer-Daniels-Midland Co",154087839551,"2022-12-02","2022-12-02","2023-12-01","364 Day Revolver","General Corporate Purpose",NA,"Archer Daniels Midland Co",5e+09,7,"Mitsubishi UFJ Financial Group","MITSUBISHI-UFJ","Managing Agent",5e+07
"4130",4295903463,"Archer-Daniels-Midland Co",154088290867,"2023-12-01","2023-12-01","2026-12-03","Revolving Credit Facility","General Corporate Purpose",NA,"Archer Daniels Midland Co",5e+09,6,"Northern Trust Corp","NORTHERN-T-CORP","Managing Agent",4e+07
"4131",4295903463,"Archer-Daniels-Midland Co",154088290868,"2023-12-01","2023-12-01","2028-12-01","Revolving Credit Facility","General Corporate Purpose",NA,"Archer Daniels Midland Co",5e+09,5,"JP Morgan & Co Inc","JPM","Lender",33333000
"4132",4295903463,"Archer-Daniels-Midland Co",154088290869,"2023-12-01","2023-12-01","2024-11-29","364 Day Revolver","General Corporate Purpose",NA,"Archer Daniels Midland Co",5e+09,4,"BNP Paribas SA","BNP-PARIBAS","Lender",33333000
"4133",4295903463,"Archer-Daniels-Midland Co",154088720540,"2024-11-29","2024-11-29","2027-11-29","Revolving Credit Facility","General Corporate Purpose",NA,"Archer Daniels Midland Co",5.14e+09,1,"Societe Generale SA","SOC-GEN","Lender",33333000
"4134",4295903463,"Archer-Daniels-Midland Co",154088720541,"2024-11-29","2024-11-29","2029-11-29","Revolving Credit Facility","General Corporate Purpose",NA,"Archer Daniels Midland Co",5.14e+09,4,"US Bancorp","USBANC","Lender",33333000
"4135",4295903463,"Archer-Daniels-Midland Co",154088720542,"2024-11-29","2024-11-29","2025-11-28","364 Day Revolver","General Corporate Purpose",NA,"Archer Daniels Midland Co",5.14e+09,6,"Regions Financial Corp","REGIONS-FINL","Lender",33333000
"4136",4295903463,"Archer-Daniels-Midland Co",154088787017,"2025-01-28","2025-01-28","2030-01-28","Revolving Credit Facility","General Corporate Purpose",NA,"Garfield Weston Foundation",1.8e+08,2,"Credit Agricole Corporate & Investment Bank","CREDIT-AGRI-CIB","Lender",3e+07
"4137",4295903463,"Archer-Daniels-Midland Co",154089191656,"2025-11-28","2025-11-28","2026-11-27","364 Day Revolver","General Corporate Purpose",NA,"Archer Daniels Midland Co",1.5e+09,1,"Bank of New York Mellon Corp","BNY-MELLON","Lender",2e+07
"4138",4295903463,"Archer-Daniels-Midland Co",154089191670,"2025-11-28","2025-11-28","2028-11-28","Revolving Credit Facility","General Corporate Purpose",NA,"Archer Daniels Midland Co",3.64e+09,5,"IMI - Intesa Sanpaolo","INTESA-SAN","Lender",16667000
"4139",4295903463,"Archer-Daniels-Midland Co",154089191671,"2025-11-28","2025-11-28","2030-11-28","Revolving Credit Facility","General Corporate Purpose",NA,"Archer Daniels Midland Co",3.64e+09,2,"BNP Paribas SA","BNP-PARIBAS","Lender",16667000
"5152",4295887677,"Wilmar International Ltd",154083451155,"2004-08-01","2004-08-17","2005-08-17","Revolving Credit Facility","General Corporate Purpose","Bullet","Ezyhealth Asia Pacific Ltd",7.3e+07,30,"Standard Chartered PLC","SCPLC","Arranger",2e+07
"5153",4295887677,"Wilmar International Ltd",154083501548,"2011-10-01","2011-10-28","2012-11-08","Term Loan","Refinance/Retiring Bank Debt",NA,"Wilmar International Ltd",5e+08,24,"Kuwait Finance House","KUWFH","Lender",2e+07
"5154",4295887677,"Wilmar International Ltd",154083512094,"2008-09-01","2008-09-08","2009-09-08","Term Loan","Working Capital",NA,"Wilmar International Ltd",3.8e+08,31,"Emirates NBD PJSC","EMIRATES-NBD","Lender",1e+07
"5155",4295887677,"Wilmar International Ltd",154083516063,"2011-03-25","2011-04-12","2012-06-22","Revolving Credit Facility","General Corporate Purpose",NA,"Wilmar International Ltd",1.614e+09,41,"Dubai Islamic Bank PJSC","DUBAI-ISLAMIC","Lender",1e+07
"5156",4295887677,"Wilmar International Ltd",154083516064,"2011-03-25","2011-04-12","2013-06-22","Revolving Credit Facility","Working Capital",NA,"Wilmar International Ltd",1.614e+09,30,"National Bank of Pakistan","NBPAK","Lender",8e+06
"5157",4295887677,"Wilmar International Ltd",154083516065,"2011-03-25","2011-04-12","2014-06-22","Revolving Credit Facility","General Corporate Purpose",NA,"Wilmar International Ltd",1.614e+09,6,"Amlak Finance Plc","AMLAK-FINANCE","Lender",5e+06
"5158",4295887677,"Wilmar International Ltd",154083526097,"2010-06-01","2010-06-24","2011-06-24","Revolving Credit Facility","Working Capital",NA,"Wilmar International Ltd",4e+08,24,"HSBC Holdings PLC","SAM-CAPEL-HSBC","Arranger",16666666.6666667
"5159",4295887677,"Wilmar International Ltd",154083526609,"2008-04-01","2008-04-15","2011-04-15","Revolving Credit Facility","General Corporate Purpose",NA,"Wilmar International Ltd",4e+08,11,"Australia & New Zealand Banking Group Ltd","ANZ","Lender",36363636.3636364
"5160",4295887677,"Wilmar International Ltd",154083527706,"2012-03-05","2012-03-28","2013-03-28","Revolving Credit Facility","Working Capital",NA,"Wilmar International Ltd",6.57e+08,29,"Barclays","BARCLAYS-CAP","Lender",22655172.4137931
"5161",4295887677,"Wilmar International Ltd",154083538334,"2010-07-31","2010-11-08","2011-11-08","Term Loan","Working Capital","Amortizing","Wilmar International Ltd",1907798048.96826,37,"BNP Paribas SA","BNP-PARIBAS","Lender",51562109.4315746
"5162",4295887677,"Wilmar International Ltd",154083540433,"2010-07-31","2010-11-08","2012-11-08","Term Loan","Refinancing","Amortizing","Wilmar International Ltd",1907798048.96826,37,"Mitsubishi UFJ Financial Group","MITSUBISHI-UFJ","Lender",51562109.4315746
"5163",4295887677,"Wilmar International Ltd",154083540434,"2010-07-31","2010-11-08","2013-11-08","Term Loan","General Corporate Purpose","Amortizing","Wilmar International Ltd",1907798048.96826,30,"Commonwealth Bank of Australia","COMM-BK-AUST","Lender",63593268.298942
"5164",4295887677,"Wilmar International Ltd",154083540435,"2010-07-31","2010-11-08","2015-11-08","Term Loan","Refinance/Retiring Bank Debt","Amortizing","Wilmar International Ltd",1907798048.96826,12,"CIMB Group Holdings Bhd","CIMB-GROUP-BHD","Lender",158983170.747355
"5165",4295887677,"Wilmar International Ltd",154083540436,"2010-07-31","2010-11-08","2011-11-08","Working Capital Facility","Acquisition Finance","Amortizing","Wilmar International Ltd",1907798048.96826,25,"National Australia Bank Ltd","NATL-AUST-BK","Lender",76311921.9587304
"5166",4295887677,"Wilmar International Ltd",154083540437,"2010-07-31","2010-11-08","2012-11-08","Working Capital Facility","Acquisition Finance","Amortizing","Wilmar International Ltd",1907798048.96826,12,"Oversea-Chinese Banking Corp Ltd","OCBC","Lender",158983170.747355
"5167",4295887677,"Wilmar International Ltd",154083540438,"2010-07-31","2010-11-08","2013-11-08","Working Capital Facility","Acquisition Finance","Amortizing","Wilmar International Ltd",1907798048.96826,41,"Cooperatieve Rabobank UA","RABOBANK","Lender",46531659.7309332
"5168",4295887677,"Wilmar International Ltd",154083557847,"2012-10-02","2012-10-02","2013-10-02","Term Loan","Acquisition Finance","Bullet","Wilmar International Ltd",837300868.422674,29,"Sumitomo Mitsui Financial Group Inc","SUM-MIT-FIN-GRP","Lender",28872443.7387129
"5169",4295887677,"Wilmar International Ltd",154083557848,"2012-10-02","2012-10-02","2013-10-02","Revolving Credit Facility","General Corporate Purpose","Bullet","Wilmar International Ltd",837300868.422674,30,"United Overseas Bank Ltd","UTD-OVER-SG","Lender",27910028.9474225
"5170",4295887677,"Wilmar International Ltd",154083581268,"2013-07-10","2013-09-25","2016-09-25","Term Loan","Working Capital","Bullet","Wilmar International Ltd",2.065e+09,47,"Sumitomo Mitsui Financial Group Inc","SUM-MIT-FIN-GRP","Arranger",43936170.212766
"5171",4295887677,"Wilmar International Ltd",154083581269,"2013-07-10","2013-09-25","2018-09-25","Term Loan","Acquisition Finance","Bullet","Wilmar International Ltd",2.065e+09,4,"Mitsubishi UFJ Financial Group","MITSUBISHI-UFJ","Arranger",516250000
"5172",4295887677,"Wilmar International Ltd",154083581528,"2013-03-21","2013-03-25","2014-03-25","Revolving Credit Facility","General Corporate Purpose",NA,"Wilmar International Ltd",917170000,31,"Standard Chartered PLC","SCPLC","Arranger",29586129.0322581
"5173",4295887677,"Wilmar International Ltd",154083585911,"2014-01-16","2014-03-14","2019-03-14","Revolving Credit Facility","Working Capital","Bullet","Wilmar International Ltd",2.49e+09,1,"Mizuho Financial Group","MIZUHO-FINAN","Arranger",2.49e+09
"5174",4295887677,"Wilmar International Ltd",154083586806,"2014-01-16","2014-03-14","2017-03-14","Revolving Credit Facility","Acquisition Finance","Bullet","Wilmar International Ltd",2.49e+09,12,"BNP Paribas SA","BNP-PARIBAS","Arranger",4.6e+07
"5175",4295887677,"Wilmar International Ltd",154083643832,"2017-04-05","2017-04-05","2018-10-05","Term Loan","General Corporate Purpose","Bullet","Wilmar International Ltd",1.445e+09,24,"Citi","CITI","Arranger",4.6e+07
"5176",4295887677,"Wilmar International Ltd",154083659420,"2017-06-22","2017-06-22","2018-10-10","Revolving Credit Facility","Working Capital",NA,"Wilmar International Ltd",2.49e+09,11,"DBS Group Holdings","DBSGR","Arranger",4.6e+07
"5177",4295887677,"Wilmar International Ltd",154083659421,"2017-06-22","2017-06-22","2018-10-10","Revolving Credit Facility","Acquisition Finance",NA,"Wilmar International Ltd",2.49e+09,12,"HSBC Holdings PLC","SAM-CAPEL-HSBC","Arranger",4.6e+07
"5178",4295887677,"Wilmar International Ltd",154085111734,"2018-05-22","2018-07-31","2021-08-01","Revolving Credit Facility","Refinance/Retiring Bank Debt","Bullet","Wilmar International Ltd",1.8e+09,12,"Oversea-Chinese Banking Corp Ltd","OCBC","Arranger",4.6e+07
"5179",4295887677,"Wilmar International Ltd",154085111735,"2018-05-22","2018-07-31","2023-08-01","Term Loan","Refinance/Retiring Bank Debt","Bullet","Wilmar International Ltd",1.8e+09,4,"Sumitomo Mitsui Financial Group Inc","SUM-MIT-FIN-GRP","Arranger",4.6e+07
"5180",4295887677,"Wilmar International Ltd",154085172486,"2018-08-15","2018-08-15","2020-08-15","Revolving Credit Facility","General Corporate Purpose",NA,"Wilmar International Ltd",1e+08,12,"Mitsubishi UFJ Financial Group","MITSUBISHI-UFJ","Arranger",5e+07
"5181",4295887677,"Wilmar International Ltd",154086885137,"2020-08-27","2020-08-27",NA,"Revolving Credit or Term Loan","Working Capital",NA,"Wilmar International Ltd",146455770.357352,18,"Mizuho Financial Group","MIZUHO-FINAN","Arranger",5e+07
"5182",4295887677,"Wilmar International Ltd",154086904343,"2020-09-15","2020-09-15","2022-09-15","Revolving Credit or Term Loan","Refinancing",NA,"Wilmar International Ltd",2e+08,12,"Westpac Banking Corp","WESTPAC","Arranger",2.5e+07
"5183",4295887677,"Wilmar International Ltd",154087137082,"2021-04-01","2021-04-01","2024-04-01","Revolving Credit or Term Loan","General Corporate Purpose",NA,"Wilmar International Ltd",1.5e+08,12,"Commonwealth Bank of Australia","COMM-BK-AUST","Arranger",5e+07
"5184",4295887677,"Wilmar International Ltd",154087137134,"2021-04-09","2021-07-15","2026-07-01","Revolving Credit Facility","Working Capital","Bullet","Wilmar International Ltd",1.5e+09,46,"Credit Agricole Corporate & Investment Bank","CREDIT-AGRI-CIB","Arranger",5e+07
"5185",4295887677,"Wilmar International Ltd",154087137135,"2021-04-09","2021-07-15","2026-07-01","Term Loan","Refinancing","Bullet","Wilmar International Ltd",1.5e+09,18,"Deutsche Bank","DEUTSCHE-BANK","Arranger",16668000
"5186",4295887677,"Wilmar International Ltd",154087152022,"2021-04-22","2021-04-22","2023-04-21","Revolving Credit or Term Loan","Refinance/Retiring Bank Debt",NA,"Wilmar International Ltd",1e+08,1,"Bangkok Bank PCL","BANGKOK-BK","Lead Manager",1e+07
"5187",4295887677,"Wilmar International Ltd",154087347606,"2021-06-07","2021-06-07","2026-06-07","Term Loan","General Corporate Purpose",NA,"Wilmar International Ltd",32973374.0004946,1,"KBC Group NV","KBC-GROUP","Lead Manager",3e+07
"5188",4295887677,"Wilmar International Ltd",154087575115,"2022-05-11","2022-05-11","2027-05-11","Revolving Credit or Term Loan","Working Capital",NA,"Wilmar International Ltd",22606898.3335486,1,"Santander Corporate & Investment Banking","SANTANDER-GBM","Lead Manager",2.5e+07
"5189",4295887677,"Wilmar International Ltd",154087776230,"2018-07-09","2018-07-09",NA,"Revolving Credit or Term Loan","General Corporate Purpose",NA,"Wilmar International Ltd",2e+08,4,"RHB","RHB","Manager",8e+06
"5190",4295887677,"Wilmar International Ltd",154087853923,"2022-10-10","2022-10-10","2025-10-10","Revolving Credit Facility","Working Capital",NA,"Wilmar International Ltd",1e+08,1,"First Financial Holding Co Ltd","FIRST-FINAN-HLD","Manager",5e+06
"5191",4295887677,"Wilmar International Ltd",154087879162,"2023-01-16","2023-01-16",NA,"Revolving Credit or Term Loan","General Corporate Purpose",NA,"Wilmar International Ltd",2e+08,1,"Chang Hwa Commercial Bank","CHANG","Manager",2e+08
"5192",4295887677,"Wilmar International Ltd",154087964325,"2023-04-13","2023-06-30","2028-06-30","Revolving Credit Facility","General Corporate Purpose",NA,"Wilmar International Ltd",1.7e+09,1,"TS Financial Holding Co Ltd","TS-FINANCIAL","Manager",3333000
"5193",4295887677,"Wilmar International Ltd",154087964326,"2023-04-13","2023-06-30","2028-06-30","Term Loan","General Corporate Purpose",NA,"Wilmar International Ltd",1.7e+09,1,"Bank of Kaohsiung","BKAOH","Manager",3333000
"5194",4295887677,"Wilmar International Ltd",154088332227,"2023-11-30","2023-11-30","2025-11-24","Term Loan","General Corporate Purpose",NA,"Wilmar International Ltd",2e+08,1,"Hua Nan Financial Holdings Co Ltd","HUANAN-FIN-HLDG","Manager",3333000
"5195",4295887677,"Wilmar International Ltd",154088332228,"2023-11-30","2023-11-30","2025-11-24","Revolving Credit Facility","Working Capital",NA,"Wilmar International Ltd",2e+08,1,"Taiwan Business Bank","TAIWBB","Manager",3333000
"5196",4295887677,"Wilmar International Ltd",154088426603,"2024-03-19","2024-03-19","2026-03-19","Revolving Credit or Term Loan","General Corporate Purpose",NA,"Wilmar International Ltd",1e+08,1,"Taiwan Cooperative Financial Holding Co Ltd","TW-COOP-FIN","Manager",3333000
"5197",4295887677,"Wilmar International Ltd",154088478675,"2024-05-09","2024-05-09","2027-05-09","Revolving Credit or Term Loan","Working Capital",NA,"Wilmar International Ltd",1e+08,1,"Chiba Bank Ltd","CHIBA-BANK-LTD","Manager",1667000
"5198",4295887677,"Wilmar International Ltd",154088747635,"2024-10-28","2024-10-28",NA,"Revolving Credit Facility","General Corporate Purpose",NA,"Wilmar International Ltd",1e+08,1,"BNP Paribas SA","BNP-PARIBAS","Arranger",52834000
"5199",4295887677,"Wilmar International Ltd",154089323326,"2026-04-01","2026-05-29","2031-05-29","Revolving Credit Facility","General Corporate Purpose","Bullet","Wilmar International Ltd",1.8e+09,1,"Citi","CITI","Arranger",52834000
"5200",4295887677,"Wilmar International Ltd",154089323327,"2026-04-01","2026-05-29","2031-05-29","Term Loan","General Corporate Purpose","Bullet","Wilmar International Ltd",1.8e+09,1,"DBS Group Holdings","DBSGR","Arranger",52833000
"5925",4298451869,"Louis Dreyfus Co BV",154083487249,"2008-09-17","2008-09-17","2013-09-17","Term Loan","General Corporate Purpose",NA,"Akira Holding Foundation",1.25e+08,38,"Standard Chartered PLC","SCPLC","Agent",3289473.68421053
"5926",4298451869,"Louis Dreyfus Co BV",154083491791,"2011-05-23","2011-09-01","2014-09-01","Term Loan","General Corporate Purpose","Bullet","Akira Holding Foundation",4e+08,29,"Banco Latino","BANCO-LATINO","Agent",13793103.4482759
"5927",4298451869,"Louis Dreyfus Co BV",154083491792,"2011-05-23","2011-09-01","2014-09-01","Revolving Credit Facility","General Corporate Purpose","Bullet","Akira Holding Foundation",4e+08,6,"Itau Unibanco","ITAU-UNIBANCO","Co-Arranger",66666666.6666667
"5928",4298451869,"Louis Dreyfus Co BV",154083491793,"2011-05-23","2011-09-01","2016-09-01","Term Loan","General Corporate Purpose","Bullet","Akira Holding Foundation",4e+08,22,"Mitsubishi UFJ Financial Group","MITSUBISHI-UFJ","Co-Agent",18181818.1818182
"5929",4298451869,"Louis Dreyfus Co BV",154083498683,"2012-05-12","2012-06-22","2014-06-22","Term Loan","General Corporate Purpose",NA,"Akira Holding Foundation",419359744.074685,37,"Australia & New Zealand Banking Group Ltd","ANZ","Arranger",13417000
"5930",4298451869,"Louis Dreyfus Co BV",154083498684,"2012-05-12","2012-06-22","2014-06-22","Term Loan","Refinance/Retiring Bank Debt","Bullet","Akira Holding Foundation",419359744.074685,40,"BNP Paribas SA","BNP-PARIBAS","Arranger",13416000
"5931",4298451869,"Louis Dreyfus Co BV",154083498685,"2012-05-12","2012-06-22","2014-06-22","Revolving Credit Facility","General Corporate Purpose",NA,"Akira Holding Foundation",419359744.074685,38,"HSBC Holdings PLC","SAM-CAPEL-HSBC","Arranger",13417000
"5932",4298451869,"Louis Dreyfus Co BV",154083498686,"2012-05-12","2012-06-22","2014-06-22","Revolving Credit Facility","Refinance/Retiring Bank Debt","Bullet","Akira Holding Foundation",419359744.074685,21,"Morgan Stanley","MORGAN-STANLEY","Arranger",2.1e+07
"5933",4298451869,"Louis Dreyfus Co BV",154083505603,"2011-06-16","2011-06-16","2014-06-16","Term Loan","General Corporate Purpose",NA,"Akira Holding Foundation",1.72e+08,31,"National Australia Bank Ltd","NATL-AUST-BK","Arranger",2.1e+07
"5934",4298451869,"Louis Dreyfus Co BV",154083511795,"2009-11-01","2010-03-26","2013-03-30","Term Loan A","Refinance/Retiring Bank Debt","Bullet","Akira Holding Foundation",400233856.388748,38,"Westpac Banking Corp","WESTPAC","Arranger",2.1e+07
"5935",4298451869,"Louis Dreyfus Co BV",154083511796,"2009-11-01","2010-03-26","2013-03-30","Term Loan B","General Corporate Purpose","Bullet","Akira Holding Foundation",400233856.388748,38,"Bank of East Asia Ltd","BK-EASIA","Arranger",1.4e+07
"5936",4298451869,"Louis Dreyfus Co BV",154083513508,"2009-06-15","2009-06-15","2012-06-15","Term Loan","Refinance/Retiring Bank Debt",NA,"Akira Holding Foundation",8e+07,20,"Commerzbank AG","COMMERZBANK","Arranger",10500000
"5937",4298451869,"Louis Dreyfus Co BV",154083514787,"2009-11-01","2010-03-26","2013-03-30","Revolving Credit Facility","General Corporate Purpose","Bullet","Akira Holding Foundation",400233856.388748,40,"Caisse Federale de Credit Mutuel SA","FED-CRED-MUTUEL","Arranger",1.4e+07
"5938",4298451869,"Louis Dreyfus Co BV",154083514788,"2009-11-01","2010-03-26","2013-03-30","Revolving Credit Facility","General Corporate Purpose","Bullet","Akira Holding Foundation",400233856.388748,41,"Oversea-Chinese Banking Corp Ltd","OCBC","Arranger",1.4e+07
"5939",4298451869,"Louis Dreyfus Co BV",154083528322,"2012-06-23",NA,"2015-06-23","Term Loan","Working Capital",NA,"Akira Holding Foundation",2.25e+08,3,"Cooperatieve Rabobank UA","RABOBANK","Arranger",1.4e+07
"5940",4298451869,"Louis Dreyfus Co BV",154083563542,"2013-02-08","2013-02-08","2016-05-09","Term Loan","Capital Expenditures",NA,"Akira Holding Foundation",2.25e+08,18,"Bank Mandiri","BMANRI","Arranger",10500000
"5941",4298451869,"Louis Dreyfus Co BV",154083571481,"2013-10-08","2013-10-08","2016-10-08","Revolving Credit Facility","Refinancing",NA,"Akira Holding Foundation",6.5e+08,37,"Cathay Financial Hldg Co Ltd","CATHAY-FIN-HLDG","Arranger",7e+06
"5942",4298451869,"Louis Dreyfus Co BV",154083572340,"2013-10-21",NA,"2016-10-21","Term Loan","General Corporate Purpose",NA,"Akira Holding Foundation",4e+08,26,"Chang Hwa Commercial Bank","CHANG","Arranger",7e+06
"5943",4298451869,"Louis Dreyfus Co BV",154083573222,"2013-10-31","2013-12-16","2016-12-16","Revolving Credit Facility","Working Capital","Bullet","Akira Holding Foundation",4e+08,20,"CTBC Financial Holding Co Ltd","CTBC-FIN","Arranger",7e+06
"5944",4298451869,"Louis Dreyfus Co BV",154083573697,"2012-06-23","2012-06-28","2014-12-27","Term Loan","Capital Expenditures",NA,"Akira Holding Foundation",2.1e+08,41,"DBS Group Holdings","DBSGR","Arranger",7e+06
"5945",4298451869,"Louis Dreyfus Co BV",154083575051,"2014-04-28","2014-05-19","2017-05-19","Revolving Credit Facility","Refinancing",NA,"Akira Holding Foundation",1e+09,29,"Emirates NBD PJSC","EMIRATES-NBD","Arranger",7e+06
"5946",4298451869,"Louis Dreyfus Co BV",154083587373,"2014-06-20","2014-06-25","2017-06-25","Revolving Credit Facility","General Corporate Purpose",NA,"Akira Holding Foundation",4.4e+08,5,"Mega Financial Holding Co","MEGA-FINANCIAL","Arranger",7e+06
"5947",4298451869,"Louis Dreyfus Co BV",154083590061,"2015-06-05","2015-06-05","2018-06-05","Revolving Credit Facility","General Corporate Purpose",NA,"Akira Holding Foundation",8e+08,3,"State Bank of India","SB-INDIA","Arranger",7e+06
"5948",4298451869,"Louis Dreyfus Co BV",154083591681,"2014-09-23","2015-01-09","2018-04-19","Term Loan A","Working Capital","Amortizing","Akira Holding Foundation",3.18e+08,37,"Bank Negara Indonesia PT","NEGARA-ID","Arranger",5250000
"5949",4298451869,"Louis Dreyfus Co BV",154083603666,"2015-11-17","2015-11-17","2017-11-17","Revolving Credit Facility","Capital Expenditures",NA,"Akira Holding Foundation",8e+08,17,"First Financial Holding Co Ltd","FIRST-FINAN-HLD","Arranger",3500000
"5950",4298451869,"Louis Dreyfus Co BV",154083603667,"2015-11-17","2015-11-17","2018-11-17","Revolving Credit Facility","Refinancing",NA,"Akira Holding Foundation",8e+08,18,"Hua Nan Financial Holdings Co Ltd","HUANAN-FIN-HLDG","Arranger",3500000
"5951",4298451869,"Louis Dreyfus Co BV",154083605023,"2014-07-21","2014-07-21","2015-03-09","Term Loan","General Corporate Purpose",NA,"Rajawali Corpora PT",2.35e+08,42,"Australia & New Zealand Banking Group Ltd","ANZ","Arranger",5750000
"5952",4298451869,"Louis Dreyfus Co BV",154083606129,"2014-07-24","2014-08-04","2017-08-04","Revolving Credit Facility","Working Capital","Bullet","Akira Holding Foundation",5e+08,20,"BNP Paribas SA","BNP-PARIBAS","Arranger",5750000
"5953",4298451869,"Louis Dreyfus Co BV",154083607641,"2014-10-27","2014-12-03","2016-12-03","Revolving Credit Facility","Capital Expenditures","Bullet","Akira Holding Foundation",8e+08,38,"HSBC Holdings PLC","SAM-CAPEL-HSBC","Arranger",5750000
"5954",4298451869,"Louis Dreyfus Co BV",154083607642,"2014-10-27","2014-12-03","2017-12-03","Revolving Credit Facility","Refinancing","Bullet","Akira Holding Foundation",8e+08,43,"Morgan Stanley","MORGAN-STANLEY","Arranger",9e+06
"5955",4298451869,"Louis Dreyfus Co BV",154083613499,"2015-06-15","2015-07-31","2018-07-31","Revolving Credit Facility","Export/Import Financing","Bullet","Akira Holding Foundation",4e+08,25,"National Australia Bank Ltd","NATL-AUST-BK","Arranger",9e+06
"5956",4298451869,"Louis Dreyfus Co BV",154083617587,"2016-08-11","2016-08-11","2019-08-11","Revolving Credit Facility","Finance Linked-Trade",NA,"Akira Holding Foundation",4.9e+08,24,"Westpac Banking Corp","WESTPAC","Arranger",9e+06
"5957",4298451869,"Louis Dreyfus Co BV",154083625883,"2016-05-02","2016-05-26","2019-05-26","Revolving Credit Facility","General Corporate Purpose",NA,"Akira Holding Foundation",8e+08,20,"Bank of East Asia Ltd","BK-EASIA","Arranger",6e+06
"5958",4298451869,"Louis Dreyfus Co BV",154083630267,"2016-12-13","2016-12-13","2018-12-17","Revolving Credit Facility","General Corporate Purpose",NA,"Akira Holding Foundation",1e+09,44,"Commerzbank AG","COMMERZBANK","Arranger",4500000
"5959",4298451869,"Louis Dreyfus Co BV",154083630268,"2016-12-13","2016-12-13","2019-12-17","Revolving Credit Facility","General Corporate Purpose",NA,"Akira Holding Foundation",1e+09,20,"Caisse Federale de Credit Mutuel SA","FED-CRED-MUTUEL","Arranger",6e+06
"5960",4298451869,"Louis Dreyfus Co BV",154083630771,"2016-04-09","2016-08-02","2019-08-02","Revolving Credit Facility","General Corporate Purpose","Bullet","Akira Holding Foundation",6.43e+08,20,"Oversea-Chinese Banking Corp Ltd","OCBC","Arranger",6e+06
"5961",4298451869,"Louis Dreyfus Co BV",154083644232,"2017-06-27","2017-08-10","2020-08-10","Revolving Credit Facility","Export/Import Financing","Bullet","Akira Holding Foundation",5e+08,22,"Cooperatieve Rabobank UA","RABOBANK","Arranger",6e+06
"5962",4298451869,"Louis Dreyfus Co BV",154083647286,"2017-05-17","2017-05-17","2020-04-30","Term Loan","Finance Linked-Trade",NA,"Akira Holding Foundation",176649000,1,"Bank Mandiri","BMANRI","Arranger",4500000
"5963",4298451869,"Louis Dreyfus Co BV",154083647501,"2017-03-17","2017-03-17",NA,"Term Loan","General Corporate Purpose",NA,"Akira Holding Foundation",1e+08,21,"Cathay Financial Hldg Co Ltd","CATHAY-FIN-HLDG","Arranger",3e+06
"5964",4298451869,"Louis Dreyfus Co BV",154083647526,"2017-05-16",NA,NA,"Term Loan","Finance Linked-Trade",NA,"Akira Holding Foundation",4e+08,38,"Chang Hwa Commercial Bank","CHANG","Arranger",3e+06
"5965",4298451869,"Louis Dreyfus Co BV",154083658873,"2017-12-06","2017-12-06","2019-12-17","Revolving Credit Facility","General Corporate Purpose",NA,"Akira Holding Foundation",8e+08,20,"CTBC Financial Holding Co Ltd","CTBC-FIN","Arranger",3e+06
"5966",4298451869,"Louis Dreyfus Co BV",154083658874,"2017-12-06","2017-12-06","2020-12-17","Revolving Credit Facility","Export/Import Financing",NA,"Akira Holding Foundation",8e+08,20,"DBS Group Holdings","DBSGR","Arranger",3e+06
"5967",4298451869,"Louis Dreyfus Co BV",154085129710,"2018-06-13","2018-08-06","2021-08-06","Revolving Credit Facility","General Corporate Purpose",NA,"Akira Holding Foundation",6e+08,11,"Emirates NBD PJSC","EMIRATES-NBD","Arranger",3e+06
"5968",4298451869,"Louis Dreyfus Co BV",154085130355,"2018-05-22","2018-05-22","2021-05-22","Revolving Credit Facility","General Corporate Purpose",NA,"Akira Holding Foundation",6e+08,28,"Mega Financial Holding Co","MEGA-FINANCIAL","Arranger",3e+06
"5969",4298451869,"Louis Dreyfus Co BV",154085135672,"2018-06-01","2018-06-01","2023-06-01","Term Loan","Acquisition Finance",NA,"Akira Holding Foundation",219800000,22,"State Bank of India","SB-INDIA","Arranger",3e+06
"5970",4298451869,"Louis Dreyfus Co BV",154085189188,"2018-06-01","2018-06-01","2023-06-01","Revolving Credit Facility","General Corporate Purpose",NA,"Akira Holding Foundation",510200000,20,"Bank Negara Indonesia PT","NEGARA-ID","Arranger",2250000
"5971",4298451869,"Louis Dreyfus Co BV",154085252225,"2018-11-30","2018-11-30","2020-12-17","Revolving Credit Facility","General Corporate Purpose",NA,"Akira Holding Foundation",8e+08,25,"First Financial Holding Co Ltd","FIRST-FINAN-HLD","Arranger",1500000
"5972",4298451869,"Louis Dreyfus Co BV",154085252226,"2018-11-30","2018-11-30","2021-12-17","Revolving Credit Facility","General Corporate Purpose",NA,"Akira Holding Foundation",8e+08,20,"Hua Nan Financial Holdings Co Ltd","HUANAN-FIN-HLDG","Arranger",1500000
"5973",4298451869,"Louis Dreyfus Co BV",154085407628,"2019-06-17","2019-06-17","2022-07-01","Term Loan","General Corporate Purpose",NA,"Akira Holding Foundation",315983417.779825,6,"Australia & New Zealand Banking Group Ltd","ANZ","Arranger",16667000
"5974",4298451869,"Louis Dreyfus Co BV",154085418857,"2019-06-27","2019-08-22","2022-08-22","Revolving Credit Facility","General Corporate Purpose","Amortizing","Akira Holding Foundation",6.5e+08,4,"BNP Paribas SA","BNP-PARIBAS","Arranger",16667000
"5975",4298451869,"Louis Dreyfus Co BV",154085553362,"2019-12-06","2019-12-06","2024-12-06","Revolving Credit or Term Loan","General Corporate Purpose",NA,"Akira Holding Foundation",1.8e+08,18,"HSBC Holdings PLC","SAM-CAPEL-HSBC","Arranger",16666000
"5976",4298451869,"Louis Dreyfus Co BV",154085556325,"2019-11-29","2019-11-29","2021-11-29","Revolving Credit Facility","General Corporate Purpose",NA,"Akira Holding Foundation",8e+08,26,"Morgan Stanley","MORGAN-STANLEY","Arranger",30769230.7692308
"5977",4298451869,"Louis Dreyfus Co BV",154085556326,"2019-11-29","2019-11-29","2022-11-29","Revolving Credit Facility","Working Capital",NA,"Akira Holding Foundation",8e+08,2,"National Australia Bank Ltd","NATL-AUST-BK","Arranger",4e+08
"5978",4298451869,"Louis Dreyfus Co BV",154086942200,"2020-10-20","2020-12-29","2023-12-29","Revolving Credit Facility","General Corporate Purpose",NA,"Akira Holding Foundation",6e+08,6,"Westpac Banking Corp","WESTPAC","Arranger",1e+08
"5979",4298451869,"Louis Dreyfus Co BV",154086991402,"2020-12-01","2020-12-01","2022-12-16","Revolving Credit Facility","Working Capital",NA,"Akira Holding Foundation",8.15e+08,1,"Bank of East Asia Ltd","BK-EASIA","Arranger",8.15e+08
"5980",4298451869,"Louis Dreyfus Co BV",154086991403,"2020-12-01","2020-12-01","2023-12-16","Revolving Credit Facility","General Corporate Purpose",NA,"Akira Holding Foundation",8.15e+08,2,"Commerzbank AG","COMMERZBANK","Arranger",5e+06
"5981",4298451869,"Louis Dreyfus Co BV",154087144185,"2021-04-16","2021-06-23","2024-07-06","Term Loan","General Corporate Purpose",NA,"Akira Holding Foundation",585000901.388138,4,"Caisse Federale de Credit Mutuel SA","FED-CRED-MUTUEL","Arranger",146250225.347035
"5982",4298451869,"Louis Dreyfus Co BV",154087180318,"2021-04-16","2021-06-23","2026-07-06","Term Loan","Export/Import Financing",NA,"Akira Holding Foundation",585000901.388138,8,"Oversea-Chinese Banking Corp Ltd","OCBC","Arranger",73125112.6735173
"5983",4298451869,"Louis Dreyfus Co BV",154087187748,"2021-05-20","2021-05-20","2024-05-20","Revolving Credit Facility","Working Capital",NA,"Akira Holding Foundation",6.5e+08,10,"Cooperatieve Rabobank UA","RABOBANK","Arranger",6.5e+07
"5984",4298451869,"Louis Dreyfus Co BV",154087222850,"2021-06-28","2021-09-10","2024-09-10","Revolving Credit Facility","General Corporate Purpose","Bullet","Akira Holding Foundation",5.5e+08,4,"Bank Mandiri","BMANRI","Arranger",137500000
"5985",4298451869,"Louis Dreyfus Co BV",154087532316,"2022-04-07","2022-04-07",NA,"Revolving Credit or Term Loan","General Corporate Purpose",NA,"Akira Holding Foundation",1e+08,6,"Cathay Financial Hldg Co Ltd","CATHAY-FIN-HLDG","Arranger",16666666.6666667
"5986",4298451869,"Louis Dreyfus Co BV",154087636370,"2022-07-07","2022-08-15","2025-08-15","Revolving Credit Facility","General Corporate Purpose","Bullet","Akira Holding Foundation",6e+08,17,"Chang Hwa Commercial Bank","CHANG","Arranger",35294117.6470588
"5987",4298451869,"Louis Dreyfus Co BV",154088013724,"2023-06-01","2023-06-26","2026-07-06","Term Loan","General Corporate Purpose",NA,"Akira Holding Foundation",705923344.947735,1,"CTBC Financial Holding Co Ltd","CTBC-FIN","Arranger",705923344.947735
"5988",4298451869,"Louis Dreyfus Co BV",154088013725,"2023-06-01","2023-06-26","2028-07-06","Term Loan","Working Capital",NA,"Akira Holding Foundation",705923344.947735,8,"DBS Group Holdings","DBSGR","Arranger",88240418.1184669
"5989",4298451869,"Louis Dreyfus Co BV",154088018678,"2023-05-30","2023-05-30","2026-05-30","Revolving Credit Facility","Capital Expenditures",NA,"Akira Holding Foundation",7e+08,4,"Emirates NBD PJSC","EMIRATES-NBD","Arranger",1.75e+08
"5990",4298451869,"Louis Dreyfus Co BV",154088097863,"2023-07-12","2023-08-25","2026-08-25","Revolving Credit Facility","General Corporate Purpose","Bullet","Akira Holding Foundation",7.3e+08,7,"Mega Financial Holding Co","MEGA-FINANCIAL","Arranger",104285714.285714
"5991",4298451869,"Louis Dreyfus Co BV",154088336628,"2023-11-30","2023-11-30","2026-11-30","Term Loan","Working Capital",NA,"Akira Holding Foundation",4e+08,1,"State Bank of India","SB-INDIA","Arranger",4e+08
"5992",4298451869,"Louis Dreyfus Co BV",154088517020,"2024-04-03","2024-04-03","2026-07-06","Term Loan","General Corporate Purpose",NA,"Akira Holding Foundation",667853375.527426,1,"Bank Negara Indonesia PT","NEGARA-ID","Arranger",667853375.527426
"5993",4298451869,"Louis Dreyfus Co BV",154088517021,"2024-04-03","2024-04-03","2028-07-06","Term Loan","Working Capital",NA,"Akira Holding Foundation",667853375.527426,1,"First Financial Holding Co Ltd","FIRST-FINAN-HLD","Arranger",667853375.527426
"5994",4298451869,"Louis Dreyfus Co BV",154088553770,"2024-07-16","2024-08-21","2027-08-21","Revolving Credit Facility","General Corporate Purpose",NA,"Akira Holding Foundation",6.6e+08,1,"Hua Nan Financial Holdings Co Ltd","HUANAN-FIN-HLDG","Arranger",6.6e+08
"5995",4298451869,"Louis Dreyfus Co BV",154088720151,"2024-11-26","2024-11-26","2027-11-26","Revolving Credit Facility","General Corporate Purpose","Bullet","Louis Dreyfus Co Suisse SA",6.6e+08,1,"Australia & New Zealand Banking Group Ltd","ANZ","Arranger",6.6e+08
"5996",4298451869,"Louis Dreyfus Co BV",154088926291,"2025-05-30","2025-06-25","2030-06-25","Term Loan","Working Capital",NA,"Akira Holding Foundation",1002409638.55422,1,"BNP Paribas SA","BNP-PARIBAS","Agent",1002409638.55422
"5997",4298451869,"Louis Dreyfus Co BV",154088994300,"2025-07-07","2025-09-01","2028-09-01","Revolving Credit Facility","General Corporate Purpose","Bullet","Akira Holding Foundation",8e+08,1,"HSBC Holdings PLC","SAM-CAPEL-HSBC","Arranger",8e+08
"7304",4295880516,"Itochu Corp",154083343494,"1991-04-01",NA,NA,"Term Loan","General Corporate Purpose","Amortizing","Suzuki Motor Corp",29913251.5704457,3,"International Finance Corp","IFC","Arranger",9971083.85681523
"7305",4295880516,"Itochu Corp",154083346203,"2001-09-17","2001-12-21","2017-12-20","Term Loan","Project Finance","Bullet","Government Of Oman",1.364e+09,7,"Budapest Bank Rt","BUDBK","Agent",194857142.857143
"7306",4295880516,"Itochu Corp",154083347993,"1988-07-04","1988-07-04","1993-07-04","Revolving Credit Facility","Refinancing","Amortizing","C Itoh & Co Ltd",1e+08,11,"Gulf International Bank","GULF","Arranger",58400000
"7307",4295880516,"Itochu Corp",154083353160,"2001-12-18","2001-12-18","2002-11-01","Term Loan","General Corporate Purpose","Bullet","Itochu Corp",195756009.709498,3,"Arab Banking Corporation (ABC) Capital Markets Group","ABC","Arranger",58400000
"7308",4295880516,"Itochu Corp",154083353419,"2001-09-17","2001-12-21","2017-12-20","Letter Of Credit","Refinancing","Bullet","Government Of Oman",1.364e+09,2,"Australia & New Zealand Banking Group Ltd","ANZ","Arranger",58400000
"7309",4295880516,"Itochu Corp",154083354575,"1998-08-01","1998-08-31","1998-12-30","Bridge Loan","Project Finance","Bullet","Sahabiriya Steel Industry Co",35906642.7289048,4,"UniCredit","UNICREDIT-SPA","Arranger",58400000
"7310",4295880516,"Itochu Corp",154083355083,"1999-12-09","2000-01-20","2012-10-01","Term Loan","Refinancing","Amortizing","Itochu Corp",140420462.788577,5,"Credit Agricole Corporate & Investment Bank","CREDIT-AGRI-CIB","Arranger",58400000
"7311",4295880516,"Itochu Corp",154083355911,"1999-05-01","1999-05-31","2000-05-31","Revolving Credit Facility","Bridging Loan","Bullet","Itochu Corp",3457074656.35032,14,"Sumitomo Mitsui Financial Group Inc","SUM-MIT-FIN-GRP","Arranger",58400000
"7312",4295880516,"Itochu Corp",154083356190,"1999-11-05","1999-11-05","2000-11-01","Revolving Credit Facility","Working Capital","Bullet","Itochu Corp",56664561.9829359,7,"Credit Agricole Corporate & Investment Bank","CREDIT-AGRI-CIB","Arranger",58400000
"7313",4295880516,"Itochu Corp",154083358969,"2000-05-31","2000-05-31","2001-05-30","Revolving Credit Facility","Future Acquisitions","Bullet","Itochu Corp",3512684694.73097,24,"HSBC Holdings PLC","SAM-CAPEL-HSBC","Arranger",58400000
"7314",4295880516,"Itochu Corp",154083359320,"1996-07-01","1996-10-01",NA,"Letter Of Credit","General Corporate Purpose",NA,"Telstra Corp Ltd",1e+08,7,"Mizuho Financial Group","MIZUHO-FINAN","Arranger",58400000
"7315",4295880516,"Itochu Corp",154083359321,"1996-07-01","1996-10-01",NA,"Letter Of Credit","General Corporate Purpose",NA,"Telstra Corp Ltd",1e+08,6,"NatWest","NATWEST-GRP","Arranger",58400000
"7316",4295880516,"Itochu Corp",154083359327,"2001-05-25","2001-05-25",NA,"Project Financing","General Corporate Purpose",NA,"People's Democratic Republic of Algeria",257048092.868988,2,"Arab Petroleum Investment Corp","ARAB-PETROLEUM","Arranger",58400000
"7317",4295880516,"Itochu Corp",154083359502,"2001-11-01","2001-11-01",NA,"Project Financing","Limited Recourse Project Finance",NA,"Eregli Demir & Celik Fabrikalari TAS",73600000,8,"Mitsubishi UFJ Financial Group","MITSUBISHI-UFJ","Facility Agent",58400000
"7318",4295880516,"Itochu Corp",154083359503,"2001-11-01","2001-11-01",NA,"Project Financing","Telecommunications",NA,"Eregli Demir & Celik Fabrikalari TAS",73600000,25,"Santander Corporate & Investment Banking","SANTANDER-GBM","Participant",55100000
"7319",4295880516,"Itochu Corp",154083359505,"2001-11-01","2001-11-01",NA,"Project Financing","Project Finance",NA,"Eregli Demir & Celik Fabrikalari TAS",73600000,2,"Emirates NBD PJSC","EMIRATES-NBD","Participant",5.8e+07
"7320",4295880516,"Itochu Corp",154083360553,"1996-09-24","1996-09-24",NA,"Term Loan","Telecommunications",NA,"Telstra Corp Ltd",3.8e+08,3,"ING","ING","Participant",55100000
"7321",4295880516,"Itochu Corp",154083362341,"2001-07-26","2001-07-26","2030-05-15","Term Loan","Gas","Bullet","Itochu Corp",23500000,4,"Emirates NBD PJSC","EMIRATES-NBD","Participant",5e+07
"7322",4295880516,"Itochu Corp",154083363761,"1997-11-15","1997-11-15","2008-11-01","Project Financing","General Corporate Purpose",NA,"Government Of Oman",2e+09,4,"Arab Bank PLC","ABL","Participant",4.5e+07
"7323",4295880516,"Itochu Corp",154083364623,"1997-11-02","1997-11-02","1998-02-01","Project Financing","General Corporate Purpose","Bullet","Government Of Oman",1e+08,3,"KBC Group NV","KBC-GROUP","Participant",4.5e+07
"7324",4295880516,"Itochu Corp",154083367502,"1995-09-22","1995-09-22","2000-09-22","Term Loan","General Corporate Purpose","Amortizing","Peoples Republic Of China",2.1e+07,12,"Bayerische Landesbank Girozentrale","BAYER-LANDES","Participant",3.8e+07
"7325",4295880516,"Itochu Corp",154083368213,"1996-01-26","1996-01-26","1996-07-26","Guarantee Facility","Limited Recourse Project Finance",NA,"Telstra Corp Ltd",71425735.0501964,5,"MashreqBank PSC","MASHREQ","Participant",4e+07
"7326",4295880516,"Itochu Corp",154083368435,"1995-11-01","1996-01-19","2001-01-19","Transferable Loan Facility","Telecommunications","Bullet","Hong Leong Group",295192578.015181,13,"Bank of Bahrain & Kuwait BSC","BK-BAHRAIN-KU","Participant",2.5e+07
"7327",4295880516,"Itochu Corp",154083375411,"1994-08-01","1994-08-01",NA,"Revolving Credit Facility","Limited Recourse Project Finance","Bullet","Itochu Corp",2e+08,9,"Oman International Bank SAOG","OMAN-INTL","Participant",2.5e+07
"7328",4295880516,"Itochu Corp",154083381318,"1989-03-22","1989-03-22","1999-03-22","Term Loan","Project Finance","Amortizing","Beijing New Century Hotel Co Ltd",72800000,8,"Arab National Bank","ARNB","Participant",2e+07
"7329",4295880516,"Itochu Corp",154083381666,"1990-06-22",NA,NA,"Term Loan","Project Finance","Amortizing","Shell Transport & Trading Co PLC",5.75e+08,2,"Al-Ahli United Bank","AHLI-UNITED","Participant",1.5e+07
"7330",4295880516,"Itochu Corp",154083381667,"1990-06-22",NA,NA,"Co Financing","Construction","Amortizing","Shell Transport & Trading Co PLC",5.75e+08,4,"British Arab Commercial Bank Ltd","BRACB","Participant",1.5e+07
"7331",4295880516,"Itochu Corp",154083386513,"1996-03-01","1996-03-01",NA,"Revolving Credit Facility","Gas",NA,"Itochu Corp",1.75e+08,2,"Landesbank Rheinland Pfalz Girozentrale","RHEINLAND","Participant",14500000
"7332",4295880516,"Itochu Corp",154083387848,"1996-09-01",NA,NA,"Revolving Credit Facility","Project Finance",NA,"Itochu Corp",1.5e+08,2,"First Abu Dhabi Bank PJSC","FIRST-ABU-DHABI","Participant",1.5e+07
"7333",4295880516,"Itochu Corp",154083391984,"1996-09-01","1996-09-01",NA,"Revolving Credit Facility","Energy",NA,"Itochu Corp",9e+07,9,"Oman Arab Bank SAO","OAB","Participant",1.5e+07
"7334",4295880516,"Itochu Corp",154083393371,"1997-01-03","1997-01-03",NA,"Revolving Credit Facility","Construction",NA,"Itochu Corp",7e+07,5,"First Abu Dhabi Bank PJSC","FIRST-ABU-DHABI","Participant",1e+07
"7335",4295880516,"Itochu Corp",154083400974,"1998-03-10","1998-03-10",NA,"Revolving Credit Facility","General Corporate Purpose",NA,"Itochu Corp",7.5e+08,11,"Bank Dhofar SAOG","BANK-DHOFAR","Participant",1e+07
"7336",4295880516,"Itochu Corp",154083402495,"1998-10-23","1998-10-23",NA,"Revolving Credit Facility","Construction",NA,"Itochu Corp",7e+07,9,"Bank Muscat Al Ahli Al Omani","BMAAAO","Participant",1e+07
"7337",4295880516,"Itochu Corp",154083405515,"2000-02-29","2000-02-29","2001-02-27","Revolving Credit Facility","Working Capital",NA,"Itochu Corp",5e+07,5,"The Commercial Bank (PSQC)","PSQC","Participant",1e+07
"7338",4295880516,"Itochu Corp",154083406643,"2000-03-30","2000-03-30","2011-09-30","Term Loan","Refinancing",NA,"Atlantic Richfield Co",1.25e+08,3,"Dexia SA","DEXIA","Participant",9500000
"7339",4295880516,"Itochu Corp",154083408265,"2000-05-01","2000-05-19","2001-05-18","Committed Credit Facility","Construction","Bullet","News Corp Inc",186950831.931202,12,"Hamburg Commercial Bank AG","HAMBURG-COMM","Participant",9500000
"7340",4295880516,"Itochu Corp",154083409883,"2001-04-26","2001-04-26","2002-01-01","Term Loan","General Corporate Purpose","Bullet","NKK Corp",170426878.753449,9,"IMI - Intesa Sanpaolo","INTESA-SAN","Participant",9500000
"7341",4295880516,"Itochu Corp",154083416996,"2000-12-01","2000-12-19",NA,"Term Loan","General Corporate Purpose","Bullet","Itochu Corp",222518914.107699,12,"Commerzbank AG","COMMERZBANK","Facility Agent",18543242.8423082
"7342",4295880516,"Itochu Corp",154083417612,"2000-12-01","2000-12-18","2001-12-18","Revolving Credit Facility","General Corporate Purpose",NA,"Itochu Corp",178412132.024978,4,"Barclays","BARCLAYS-CAP","Lead Manager",44603033.0062445
"7343",4295880516,"Itochu Corp",154083418128,"2006-10-01","2006-10-31","2013-10-31","Term Loan","General Corporate Purpose","Bullet","Itochu Corp",256541816.31606,4,"JP Morgan & Co Inc","JPM","Lead Manager",64135454.079015
"7344",4295880516,"Itochu Corp",154083420642,"2001-05-31","2001-05-31","2002-05-01","Revolving Credit Facility","General Corporate Purpose","Bullet","Itochu Corp",881242131.766681,14,"NatWest","NATWEST-GRP","Lead Manager",62945866.5547629
"7345",4295880516,"Itochu Corp",154083421411,"2001-08-01",NA,"2016-01-01","Project Financing","General Corporate Purpose",NA,"Government Of Oman",5e+08,12,"Credit Agricole Corporate & Investment Bank","CREDIT-AGRI-CIB","Co-Manager",41666666.6666667
"7346",4295880516,"Itochu Corp",154083422202,"2001-06-05","2001-06-05","2002-05-01","Revolving Credit Facility","General Corporate Purpose","Bullet","Itochu Corp",2225087339.87689,40,"UBS","UBS-BANK","Co-Manager",55627183.4969223
"7347",4295880516,"Itochu Corp",154083422349,"2001-03-01","2001-03-09",NA,"Term Loan","General Corporate Purpose",NA,"Itochu Corp",3e+09,24,"JP Morgan & Co Inc","JPM","Co-Manager",1.25e+08
"7348",4295880516,"Itochu Corp",154083424102,"2002-05-31","2002-05-31","2003-05-30","Committed Credit Facility","General Corporate Purpose","Bullet","Itochu Corp",2014666774.11556,6,"Raiffeisen Bank International AG{RBI}","RAIFFEISEN-BI","Co-Manager",335777795.685927
"7349",4295880516,"Itochu Corp",154083424935,"2009-05-01","2009-05-27","2010-05-26","Revolving Credit Facility","General Corporate Purpose",NA,"Itochu Corp",5e+08,13,"Portigon AG","PORTIGON","Co-Manager",38461538.4615385
"7350",4295880516,"Itochu Corp",154083425360,"2001-10-12","2001-10-12",NA,"Revolving Credit Facility","Project Finance","Bullet","Itochu Corp",5e+07,13,"Mizuho Financial Group","MIZUHO-FINAN","Arranger",3846153.84615385
"7351",4295880516,"Itochu Corp",154083425776,"2002-03-01","2002-03-20","2005-03-01","Term Loan","General Corporate Purpose","Bullet","Itochu Corp",76103500.761035,14,"Sumitomo Mitsui Trust Holdings Inc","SUM-MIT-TR-HLDG","Arranger",5435964.34007393
"7352",4295880516,"Itochu Corp",154083426225,"2001-12-18","2001-12-18","2005-12-01","Term Loan","Limited Recourse Project Finance","Bullet","Marubeni Corp",313209615.535197,2,"Mitsubishi UFJ Financial Group","MITSUBISHI-UFJ","Co-Arranger",156604807.767599
"7353",4295880516,"Itochu Corp",154083426228,"2001-09-01",NA,NA,"Term Loan","Renewable Energy",NA,"Government Of Oman",8e+08,9,"Mizuho Financial Group","MIZUHO-FINAN","Co-Arranger",88888888.8888889
"7354",4295880516,"Itochu Corp",154083430640,"2002-06-01","2002-06-05","2005-06-05","Committed Credit Facility","Acquisition Finance","Bullet","Itochu Corp",1687831538.33789,8,"Sumitomo Mitsui Financial Group Inc","SUM-MIT-FIN-GRP","Co-Arranger",210978942.292236
"7355",4295880516,"Itochu Corp",154083434519,"2003-01-01","2003-01-30","2006-01-30","Term Loan","General Corporate Purpose","Bullet","Itochu Corp",159677283.805362,25,"Gulf International Bank","GULF","Arranger",6387091.35221448
"7356",4295880516,"Itochu Corp",154083434520,"2003-01-01","2003-01-30","2007-01-30","Term Loan","Working Capital","Bullet","Itochu Corp",159677283.805362,6,"Arab Banking Corporation (ABC) Capital Markets Group","ABC","Arranger",26612880.634227
"7357",4295880516,"Itochu Corp",154083434521,"2003-01-01","2003-01-30","2008-01-30","Term Loan","General Corporate Purpose","Bullet","Itochu Corp",159677283.805362,7,"Australia & New Zealand Banking Group Ltd","ANZ","Arranger",7750000
"7358",4295880516,"Itochu Corp",154083434583,"2003-03-01","2003-03-19","2006-03-24","Term Loan","General Corporate Purpose","Bullet","Itochu Corp",24904532.6249377,8,"UniCredit","UNICREDIT-SPA","Arranger",7750000
"7359",4295880516,"Itochu Corp",154083435270,"2002-12-03","2002-12-03","2007-12-06","Term Loan","General Corporate Purpose","Bullet","Itochu Corp",88325036.1329693,11,"Credit Agricole Corporate & Investment Bank","CREDIT-AGRI-CIB","Arranger",7750000
"7360",4295880516,"Itochu Corp",154083435518,"2002-12-18","2002-12-18","2003-12-17","Committed Credit Facility","Oil Financing","Bullet","Itochu Corp",206458006.44149,2,"Sumitomo Mitsui Financial Group Inc","SUM-MIT-FIN-GRP","Arranger",103229003.220745
"7361",4295880516,"Itochu Corp",154083436186,"2003-09-18","2003-09-18","2006-09-22","Term Loan","General Corporate Purpose","Bullet","Itochu Corp",39038778.5199965,8,"Credit Agricole Corporate & Investment Bank","CREDIT-AGRI-CIB","Arranger",7750000
"7362",4295880516,"Itochu Corp",154083436470,"2003-09-01","2003-09-30","2007-12-20","Term Loan","General Corporate Purpose","Amortizing","Marubeni Corp",89702188.7334051,4,"Mizuho Financial Group","MIZUHO-FINAN","Arranger",22425547.1833513
"7363",4295880516,"Itochu Corp",154083438202,"2003-06-01","2003-06-11","2006-06-09","Committed Credit Facility","General Corporate Purpose","Bullet","Itochu Corp",1783590963.13912,2,"HSBC Holdings PLC","SAM-CAPEL-HSBC","Arranger",7750000
"7364",4295880516,"Itochu Corp",154083438567,"2003-08-12","2003-08-20","2004-03-31","Term Loan","Working Capital","Bullet","Itochu Corp",67773636.0555744,35,"NatWest","NATWEST-GRP","Arranger",7750000
"7365",4295880516,"Itochu Corp",154083439234,"2003-11-07","2004-01-21","2009-01-21","Term Loan","General Corporate Purpose","Amortizing","Telstra Corp Ltd",2.15e+08,12,"Arab Petroleum Investment Corp","ARAB-PETROLEUM","Arranger",17916666.6666667
"7366",4295880516,"Itochu Corp",154083439791,"2003-05-01","2003-05-27","2004-05-25","Committed Credit Facility","General Corporate Purpose","Bullet","Itochu Corp",2132196162.04691,2,"Mitsubishi UFJ Financial Group","MITSUBISHI-UFJ","Facility Agent",7750000
"7367",4295880516,"Itochu Corp",154083441575,"2003-12-01","2003-12-18","2004-12-16","Committed Credit Facility","Project Finance","Amortizing","Itochu Corp",93023255.8139535,9,"Santander Corporate & Investment Banking","SANTANDER-GBM","Participant",2750000
"7368",4295880516,"Itochu Corp",154083441866,"2003-03-28","2003-03-28","2020-05-29","Term Loan","Refinancing","Bullet","TODA Corp",4e+07,13,"ING","ING","Participant",2750000
"7369",4295880516,"Itochu Corp",154083442447,"2003-07-01","2003-07-01",NA,"Term Loan","Working Capital",NA,"Mitsui & Co Ltd",9e+08,5,"Emirates NBD PJSC","EMIRATES-NBD","Participant",1.8e+08
"7370",4295880516,"Itochu Corp",154083442618,"2003-12-01","2003-12-05","2005-11-15","Term Loan","Working Capital","Bullet","Itochu Corp",63527444.9707439,4,"Arab Bank PLC","ABL","Participant",15881861.242686
"7371",4295880516,"Itochu Corp",154083445194,"2004-01-20","2004-01-20","2009-01-20","Term Loan","Working Capital","Amortizing","Telstra Corp Ltd",2.15e+08,3,"KBC Group NV","KBC-GROUP","Participant",71666666.6666667
"7372",4295880516,"Itochu Corp",154083446215,"2004-04-28","2004-08-12","2012-08-12","Term Loan","Working Capital","Bullet","Government Of Oman",1.93e+08,4,"Bayerische Landesbank Girozentrale","BAYER-LANDES","Participant",2e+06
"7373",4295880516,"Itochu Corp",154083446961,"2004-04-28","2004-08-12","2012-08-12","Letter Of Credit","Working Capital","Bullet","Government Of Oman",1.93e+08,12,"MashreqBank PSC","MASHREQ","Participant",16083333.3333333
"7374",4295880516,"Itochu Corp",154083447955,"2004-05-15","2004-05-20","2005-05-18","Revolving Credit Facility","Working Capital","Bullet","Itochu Corp",886839304.717985,13,"Bank of Bahrain & Kuwait BSC","BK-BAHRAIN-KU","Participant",68218408.0552296
"7375",4295880516,"Itochu Corp",154083447957,"2004-05-15","2004-05-20","2005-05-18","Standby Facility","Working Capital","Bullet","Itochu Corp",1773678609.43597,9,"Oman International Bank SAOG","OMAN-INTL","Participant",197075401.048441
"7376",4295880516,"Itochu Corp",154083447958,"2004-05-15","2004-05-20","2007-05-20","Standby Facility","General Corporate Purpose","Bullet","Itochu Corp",1862362539.90777,5,"Arab National Bank","ARNB","Participant",372472507.981554
"7377",4295880516,"Itochu Corp",154083448689,"2004-03-01","2004-03-31","2009-06-30","Term Loan","Working Capital","Bullet","Itochu Corp",95914061.0013428,2,"Al-Ahli United Bank","AHLI-UNITED","Participant",47957030.5006714
"7378",4295880516,"Itochu Corp",154083451026,"2004-07-28","2004-07-28","2005-07-27","Revolving Credit Facility","Working Capital",NA,"Itochu Corp",6e+07,10,"British Arab Commercial Bank Ltd","BRACB","Participant",6e+06
"7379",4295880516,"Itochu Corp",154083453531,"2004-09-01","2004-09-30","2011-10-03","Term Loan","General Corporate Purpose","Bullet","Itochu Corp",154545454.545455,6,"Landesbank Rheinland Pfalz Girozentrale","RHEINLAND","Participant",750000
"7380",4295880516,"Itochu Corp",154083454116,"2005-01-01","2005-01-31","2010-03-31","Term Loan","Project Finance","Bullet","Itochu Corp",144731763.797762,13,"First Abu Dhabi Bank PJSC","FIRST-ABU-DHABI","Participant",11133212.5998278
"7381",4295880516,"Itochu Corp",154083454166,"2005-03-01","2005-03-31","2012-03-31","Term Loan","Refinancing","Bullet","Itochu Corp",186758801.008498,4,"Oman Arab Bank SAO","OAB","Participant",46689700.2521245
"7382",4295880516,"Itochu Corp",154083454242,"2005-03-01","2005-03-17","2012-03-12","Term Loan","Working Capital","Bullet","Itochu Corp",28705387.044302,1,"First Abu Dhabi Bank PJSC","FIRST-ABU-DHABI","Participant",28705387.044302
"7383",4295880516,"Itochu Corp",154083455237,"2004-12-01","2004-12-17","2005-12-16","Committed Credit Facility","Working Capital","Bullet","Itochu Corp",96015362.4579933,9,"Bank Dhofar SAOG","BANK-DHOFAR","Participant",10668373.6064437
"7384",4295880516,"Itochu Corp",154083456811,"2005-01-12","2005-06-08","2020-06-08","Term Loan","Project Finance","Bullet","Government Of Oman",1.308e+09,6,"Bank Muscat Al Ahli Al Omani","BMAAAO","Participant",2.18e+08
"7385",4295880516,"Itochu Corp",154083458684,"2005-08-03",NA,"2008-08-03","Term Loan","Project Finance","Amortizing","Asahi Breweries Ltd",5e+07,7,"The Commercial Bank (PSQC)","PSQC","Participant",7142857.14285714
"7386",4295880516,"Itochu Corp",154083459164,"2005-05-01","2005-05-19","2006-05-17","Committed Credit Facility","Working Capital","Bullet","Itochu Corp",1393534002.22965,7,"Dexia SA","DEXIA","Participant",5e+05
"7387",4295880516,"Itochu Corp",154083459398,"2005-05-01","2005-05-19","2008-05-19","Committed Credit Facility","Payment On Borrowings","Bullet","Itochu Corp",2415458937.19807,4,"Hamburg Commercial Bank AG","HAMBURG-COMM","Participant",5e+05
"7388",4295880516,"Itochu Corp",154083459401,"2005-05-01","2005-05-19","2006-05-17","Committed Credit Facility","Project Finance","Bullet","Itochu Corp",929022668.153103,7,"IMI - Intesa Sanpaolo","INTESA-SAN","Participant",5e+05
"7389",4295880516,"Itochu Corp",154083460761,"2005-01-12","2005-06-08","2020-06-08","Revolving Letter of Credit","Project Finance","Bullet","Government Of Oman",1.308e+09,4,"Emirates NBD PJSC","EMIRATES-NBD","Participant",3.27e+08
"7390",4295880516,"Itochu Corp",154083462364,"2005-07-27","2005-07-27","2006-07-26","364 Day Revolver","Working Capital",NA,"Itochu Corp",8e+07,2,"Mizuho Financial Group","MIZUHO-FINAN","Arranger",4e+07
"7391",4295880516,"Itochu Corp",154083465879,"2005-09-01","2005-09-26","2012-10-03","Term Loan","Working Capital","Bullet","Itochu Corp",178348492.955235,13,"UniCredit","UNICREDIT-SPA","Participant",13719114.8427104
"7392",4295880516,"Itochu Corp",154083466041,"2005-12-01","2005-12-16","2006-12-15","Committed Credit Facility","Working Capital","Bullet","Itochu Corp",86437894.3728931,1,"Commerzbank AG","COMMERZBANK","Participant",86437894.3728931
"7393",4295880516,"Itochu Corp",154083466138,"2005-09-12","2005-09-12","2010-06-10","Term Loan","Working Capital","Amortizing","Itochu Corp",3.8e+08,2,"Credit Agricole Corporate & Investment Bank","CREDIT-AGRI-CIB","Participant",1.9e+08
"7394",4295880516,"Itochu Corp",154083467487,"2005-04-13","2005-04-13","2015-04-13","Buyer Credit","Working Capital",NA,"Eregli Demir & Celik Fabrikalari TAS",2e+08,24,"HSBC Holdings PLC","SAM-CAPEL-HSBC","Participant",8333333.33333333
"7395",4295880516,"Itochu Corp",154083468199,"2005-11-01","2005-11-10","2007-11-10","Term Loan","Working Capital","Bullet","Itochu Corp",109297013.78902,2,"IMI - Intesa Sanpaolo","INTESA-SAN","Participant",54648506.89451
"7396",4295880516,"Itochu Corp",154083468211,"2005-12-01","2005-12-15","2010-12-20","Term Loan","General Corporate Purpose","Bullet","Marubeni Corp",86043710.204784,5,"RBC Capital Markets","RBC-CAP-MKTS","Participant",17208742.0409568
"7397",4295880516,"Itochu Corp",154083468677,"2005-12-01","2005-12-22","2010-12-27","Term Loan","Working Capital","Bullet","Itochu Corp",15428130.6248393,6,"Deutsche Bank","DEUTSCHE-BANK","Participant",2571355.10413988
"7398",4295880516,"Itochu Corp",154083469430,"2006-03-01","2006-03-28","2013-03-29","Term Loan","General Corporate Purpose","Bullet","Itochu Corp",101763907.734057,6,"Mizuho Financial Group","MIZUHO-FINAN","Lead Manager",16960651.2890095
"7399",4295880516,"Itochu Corp",154083475030,"2006-05-01","2006-05-31","2007-05-30","Term Loan","Working Capital","Bullet","Itochu Corp",5e+08,2,"Mitsubishi UFJ Financial Group","MITSUBISHI-UFJ","Lead Manager",2.5e+08
"7400",4295880516,"Itochu Corp",154083477822,"2006-05-01","2006-05-18","2007-05-16","Revolving Credit Facility","Project Finance","Bullet","Itochu Corp",903260771.384699,3,"Australia & New Zealand Banking Group Ltd","ANZ","Lead Manager",301086923.7949
"7401",4295880516,"Itochu Corp",154083477823,"2006-05-01","2006-05-18","2009-05-18","Committed Credit Facility","Refinancing","Bullet","Itochu Corp",2709782314.1541,7,"Westpac Banking Corp","WESTPAC","Arranger",387111759.164871
"7402",4295880516,"Itochu Corp",154083491094,"2011-09-01","2011-09-30","2012-09-29","Committed Credit Facility","General Corporate Purpose",NA,"ISUZU MOTORS LTD",175233644.859813,4,"Mizuho Financial Group","MIZUHO-FINAN","Arranger",43808411.2149533
"7403",4295880516,"Itochu Corp",154083491716,"2012-05-01","2012-05-23","2013-05-22","Revolving Credit Facility","Working Capital",NA,"Itochu Corp",5e+08,5,"Mizuho Financial Group","MIZUHO-FINAN","Participant",1e+08
"7404",4295880516,"Itochu Corp",154083492322,"2011-05-01","2011-05-13","2016-05-13","Revolving Credit Facility","Working Capital",NA,"Itochu Corp",3713790542.21342,6,"Mitsubishi UFJ Financial Group","MITSUBISHI-UFJ","Participant",618965090.368903
"7405",4295880516,"Itochu Corp",154083492323,"2011-05-01","2011-05-13","2012-05-11","Revolving Credit Facility","Working Capital",NA,"Itochu Corp",1237930180.73781,6,"Sumitomo Mitsui Trust Holdings Inc","SUM-MIT-TR-HLDG","Participant",206321696.789635
"7406",4295880516,"Itochu Corp",154083495424,"2011-07-13","2011-07-13","2023-12-31","Term Loan","Project Finance",NA,"SBM Offshore NV",1e+09,9,"Norinchukin Bank","NORINCHUKIN-BK","Participant",111111111.111111
"7407",4295880516,"Itochu Corp",154083495942,"2008-09-01","2008-09-17","2010-09-17","Committed Credit Facility","Refinancing",NA,"ISUZU MOTORS LTD",95858895.7055215,2,"Mizuho Financial Group","MIZUHO-FINAN","Participant",47929447.8527607
"7408",4295880516,"Itochu Corp",154083496350,"2010-12-01",NA,NA,"Term Loan","General Corporate Purpose",NA,"JGC Corp",8e+07,7,"Sumitomo Mitsui Trust Holdings Inc","SUM-MIT-TR-HLDG","Participant",11428571.4285714
"7409",4295880516,"Itochu Corp",154083496509,"2008-07-01","2008-07-02","2011-07-02","Term Loan","Working Capital",NA,"Asahi Breweries Ltd",1e+08,13,"Mitsubishi UFJ Financial Group","MITSUBISHI-UFJ","Participant",7692307.69230769
"7410",4295880516,"Itochu Corp",154083502674,"2009-05-01","2009-05-14","2014-05-14","Committed Credit Facility","Working Capital",NA,"Itochu Corp",3129237509.12694,2,"Sumitomo Mitsui Financial Group Inc","SUM-MIT-FIN-GRP","Participant",1564618754.56347
"7411",4295880516,"Itochu Corp",154083502675,"2009-05-01","2009-05-14","2010-05-13","Committed Credit Facility","Working Capital",NA,"Itochu Corp",1043079169.70898,2,"NatWest","NATWEST-GRP","Facility Agent",24284812.2784011
"7412",4295880516,"Itochu Corp",154083504615,"2012-05-01","2012-05-14","2017-05-12","Revolving Credit Facility","Project Finance",NA,"Itochu Corp",4382669671.92587,13,"Wells Fargo & Co","WF","Co-Arranger",16189874.8522674
"7413",4295880516,"Itochu Corp",154083505414,"2010-11-17","2014-03-28","2034-03-28","Term Loan","Refinancing","Amortizing","PT Medco Daya Abadi Lestari",1.17e+09,2,"BMO Capital Markets","BMO-CAPITAL","Co-Arranger",16189874.8522674
"7414",4295880516,"Itochu Corp",154083506025,"2007-03-01","2007-03-28","2014-03-31","Term Loan","General Corporate Purpose",NA,"Itochu Corp",239684985.447697,2,"Mizuho Financial Group","MIZUHO-FINAN","Arranger",119842492.723849
"7415",4295880516,"Itochu Corp",154083506026,"2007-03-01","2007-03-28","2014-03-31","Term Loan","Working Capital",NA,"Itochu Corp",239684985.447697,2,"Sumitomo Mitsui Financial Group Inc","SUM-MIT-FIN-GRP","Participant",119842492.723849
"7416",4295880516,"Itochu Corp",154083506030,"2007-03-21","2007-05-05","2022-05-05","Term Loan","Working Capital","Amortizing","MITSUBISHI GAS CHEMICAL CO INC",283560000,2,"Mitsubishi UFJ Financial Group","MITSUBISHI-UFJ","Participant",141780000
"7417",4295880516,"Itochu Corp",154083506311,"2007-03-21","2007-05-05","2022-05-05","Term Loan","Working Capital","Amortizing","MITSUBISHI GAS CHEMICAL CO INC",283560000,2,"Sumitomo Mitsui Trust Holdings Inc","SUM-MIT-TR-HLDG","Participant",141780000
"7418",4295880516,"Itochu Corp",154083507307,"2007-05-01","2007-05-17","2008-05-15","Committed Credit Facility","Working Capital",NA,"Itochu Corp",824878330.446259,4,"Mizuho Financial Group","MIZUHO-FINAN","Participant",206219582.611565
"7419",4295880516,"Itochu Corp",154083507308,"2007-05-01","2007-05-17","2012-05-17","Committed Credit Facility","General Corporate Purpose",NA,"Itochu Corp",2474634991.33878,3,"Norinchukin Bank","NORINCHUKIN-BK","Participant",824878330.44626
"7420",4295880516,"Itochu Corp",154083507658,"2007-05-01","2007-05-30","2008-05-28","Revolving Credit Facility","Working Capital",NA,"Itochu Corp",5e+08,5,"Mitsubishi UFJ Financial Group","MITSUBISHI-UFJ","Participant",1e+08
"7421",4295880516,"Itochu Corp",154083512959,"2008-09-01","2008-09-24","2010-09-29","Committed Credit Facility","Working Capital",NA,"ISUZU MOTORS LTD",94108789.7609637,16,"Mizuho Financial Group","MIZUHO-FINAN","Participant",5881799.36006023
"7422",4295880516,"Itochu Corp",154083514521,"2011-05-01","2011-05-25","2012-05-23","Revolving Credit Facility","Working Capital",NA,"Itochu Corp",5e+08,4,"Sumitomo Mitsui Trust Holdings Inc","SUM-MIT-TR-HLDG","Participant",1.25e+08
"7423",4295880516,"Itochu Corp",154083516399,"2010-05-01","2010-05-26","2011-05-25","Revolving Credit Facility","General Corporate Purpose",NA,"Itochu Corp",5e+08,5,"Australia & New Zealand Banking Group Ltd","ANZ","Arranger",1e+08
"7424",4295880516,"Itochu Corp",154083519188,"2011-06-28","2011-06-28","2018-12-27","Term Loan","Refinance/Retiring Bank Debt",NA,"Itochu Corp",337500000,35,"Deutsche Bank","DEUTSCHE-BANK","Arranger",9642857.14285714
"7425",4295880516,"Itochu Corp",154083521986,"2007-09-01","2007-09-28","2014-10-31","Term Loan","Working Capital",NA,"Itochu Corp",87115602.4043906,6,"Mizuho Financial Group","MIZUHO-FINAN","Co-Arranger",14519267.0673984
"7426",4295880516,"Itochu Corp",154083522244,"2007-09-01","2007-09-07","2014-09-12","Term Loan","Working Capital",NA,"Itochu Corp",88206756.6375584,2,"Mizuho Financial Group","MIZUHO-FINAN","Co-Arranger",44103378.3187792
"7427",4295880516,"Itochu Corp",154083522898,"2007-09-01","2007-09-19","2008-09-17","Committed Credit Facility","Project Finance",NA,"ISUZU MOTORS LTD",86221762.3728229,10,"Credit Agricole Corporate & Investment Bank","CREDIT-AGRI-CIB","Co-Arranger",8622176.23728229
"7428",4295880516,"Itochu Corp",154083522899,"2007-09-01","2007-09-19","2008-09-27","Term Loan","General Corporate Purpose",NA,"ISUZU MOTORS LTD",86221762.3728229,3,"SBI Holdings Inc","SBI-HOL","Co-Arranger",28740587.4576076
"7429",4295880516,"Itochu Corp",154083526541,"2008-02-01","2008-02-29","2015-03-10","Term Loan","Project Finance",NA,"Itochu Corp",279248916.706789,2,"JP Morgan & Co Inc","JPM","Co-Arranger",139624458.353395
"7430",4295880516,"Itochu Corp",154083527632,"2008-05-23","2008-05-23","2015-05-23","Term Loan","General Corporate Purpose",NA,"Itochu Corp",9.6e+07,3,"National Australia Bank Ltd","NATL-AUST-BK","Co-Arranger",3.2e+07
"7431",4295880516,"Itochu Corp",154083527633,"2008-05-23","2008-05-23","2015-05-23","Term Loan","Refinance/Retiring Bank Debt",NA,"Itochu Corp",9.6e+07,2,"BNP Paribas SA","BNP-PARIBAS","Co-Arranger",4.8e+07
"7432",4295880516,"Itochu Corp",154083530136,"2011-09-01","2011-09-30","2013-09-27","Committed Credit Facility","Working Capital",NA,"Itochu Corp",64901349.9480789,4,"NatWest","NATWEST-GRP","Co-Arranger",16225337.4870197
"7433",4295880516,"Itochu Corp",154083530837,"2007-12-01","2007-12-28","2015-02-27","Term Loan","Refinance/Retiring Bank Debt",NA,"Itochu Corp",239893380.71968,12,"Sumitomo Mitsui Financial Group Inc","SUM-MIT-FIN-GRP","Co-Arranger",19991115.0599733
"7434",4295880516,"Itochu Corp",154083535055,"2008-05-01","2008-05-28","2009-05-27","Term Loan","Working Capital",NA,"Itochu Corp",5e+08,3,"Sumitomo Mitsui Financial Group Inc","SUM-MIT-FIN-GRP","Co-Arranger",166666666.666667
"7435",4295880516,"Itochu Corp",154083539075,"2011-09-01","2011-09-30","2012-09-29","Committed Credit Facility","Working Capital",NA,"ISUZU MOTORS LTD",84371754.9325026,7,"TD Securities Inc","TD-SECURITIES","Co-Arranger",12053107.8475004
"7436",4295880516,"Itochu Corp",154083540835,"2008-04-01","2008-04-28","2015-05-07","Term Loan","Renewable Energy",NA,"Itochu Corp",105698087.825502,2,"Mitsubishi UFJ Financial Group","MITSUBISHI-UFJ","Co-Arranger",52849043.912751
"7437",4295880516,"Itochu Corp",154083541297,"2010-05-01","2010-05-13","2011-05-12","Committed Credit Facility","Project Finance",NA,"Itochu Corp",1078865033.98425,3,"Portigon AG","PORTIGON","Co-Arranger",359621677.99475
"7438",4295880516,"Itochu Corp",154083541298,"2010-05-01","2010-05-13","2015-05-13","Committed Credit Facility","Working Capital",NA,"Itochu Corp",3236595101.95275,25,"Mizuho Financial Group","MIZUHO-FINAN","Facility Agent",129463804.07811
"7439",4295880516,"Itochu Corp",154083541622,"2008-06-01","2008-06-12","2015-06-15","Term Loan","Working Capital",NA,"Itochu Corp",240896877.605856,2,"Korea Long Term Credit Bank","KLB","Lead Manager",120448438.802928
"7440",4295880516,"Itochu Corp",154083546377,"2007-12-01","2007-12-18","2008-12-17","Committed Credit Facility","Project Finance",NA,"Itochu Corp",88214537.7558222,6,"Sumitomo Mitsui Trust Holdings Inc","SUM-MIT-TR-HLDG","Lead Manager",14702422.9593037
"7441",4295880516,"Itochu Corp",154083547956,"2010-09-01","2010-09-27","2015-09-30","Term Loan","Construction",NA,"ISUZU MOTORS LTD",118680275.338239,15,"Bankgesellschaft Berlin AG","B-BERLIN","Senior Co-Lead Manager",7912018.3558826
"7442",4295880516,"Itochu Corp",154083547957,"2010-09-01","2010-09-30","2011-09-29","Committed Credit Facility","Export/Import Financing",NA,"ISUZU MOTORS LTD",155781905.332534,3,"Lloyds Bank","LLOYDS-PLC","Senior Co-Lead Manager",51927301.7775113
"7443",4295880516,"Itochu Corp",154083547958,"2010-09-01","2010-09-30","2011-09-29","Committed Credit Facility","Working Capital",NA,"ISUZU MOTORS LTD",83882564.4098262,2,"UniCredit","UNICREDIT-SPA","Senior Co-Lead Manager",41941282.2049131
"7444",4295880516,"Itochu Corp",154083548690,"2010-12-16","2010-12-16","2030-12-16","Term Loan","Working Capital",NA,"Abengoa SA",553790766.624312,2,"KBC Group NV","KBC-GROUP","Senior Co-Lead Manager",276895383.312156
"7445",4295880516,"Itochu Corp",154083548691,"2010-12-16","2010-12-16","2013-12-16","Term Loan","Working Capital",NA,"Abengoa SA",553790766.624312,2,"Hamburg Commercial Bank AG","HAMBURG-COMM","Senior Co-Lead Manager",276895383.312156
"7446",4295880516,"Itochu Corp",154083548692,"2010-12-16","2010-12-16","2030-12-16","Letter Of Credit","Working Capital",NA,"Abengoa SA",553790766.624312,2,"Mitsubishi UFJ Financial Group","MITSUBISHI-UFJ","Senior Co-Lead Manager",276895383.312156
"7447",4295880516,"Itochu Corp",154083548693,"2010-12-16","2010-12-16","2030-12-16","Term Loan","Refinance/Retiring Bank Debt",NA,"Abengoa SA",553790766.624312,1,"Sumitomo Mitsui Trust Holdings Inc","SUM-MIT-TR-HLDG","Manager",553790766.624312
"7448",4295880516,"Itochu Corp",154083548844,"2010-09-01","2010-09-27","2017-09-30","Term Loan","General Corporate Purpose",NA,"ISUZU MOTORS LTD",106812247.804415,2,"Bankgesellschaft Berlin AG","B-BERLIN","Senior Co-Lead Manager",53406123.9022075
"7449",4295880516,"Itochu Corp",154083549273,"2009-09-01","2009-09-30","2011-09-29","Revolving Credit Facility","Refinancing",NA,"Itochu Corp",55710306.4066852,4,"Lloyds Bank","LLOYDS-PLC","Senior Co-Lead Manager",13927576.6016713
"7450",4295880516,"Itochu Corp",154083549909,"2008-05-01","2008-05-15","2013-05-15","Committed Credit Facility","Project Finance",NA,"Itochu Corp",2865876958.34926,3,"UniCredit","UNICREDIT-SPA","Senior Co-Lead Manager",955292319.449753
"7451",4295880516,"Itochu Corp",154083549910,"2008-05-01","2008-05-15","2009-05-14","Committed Credit Facility","Operating Fund / Cash Reserve",NA,"Itochu Corp",955292319.449752,2,"KBC Group NV","KBC-GROUP","Senior Co-Lead Manager",477646159.724876
"7452",4295880516,"Itochu Corp",154083550155,"2010-12-16","2010-12-16","2013-12-16","Term Loan","Working Capital",NA,"Abengoa SA",553790766.624312,5,"Hamburg Commercial Bank AG","HAMBURG-COMM","Senior Co-Lead Manager",110758153.324862
"7453",4295880516,"Itochu Corp",154083550156,"2010-12-16","2010-12-16","2030-12-16","Letter Of Credit","Working Capital",NA,"Abengoa SA",553790766.624312,4,"Mitsubishi UFJ Financial Group","MITSUBISHI-UFJ","Senior Co-Lead Manager",138447691.656078
"7454",4295880516,"Itochu Corp",154083550303,"2008-10-30","2008-12-23","2015-12-23","Term Loan","Working Capital",NA,"Itochu Corp",2.2e+08,4,"Sumitomo Mitsui Trust Holdings Inc","SUM-MIT-TR-HLDG","Manager",5.5e+07
"7455",4295880516,"Itochu Corp",154083550304,"2008-10-30","2008-12-23","2011-12-23","Standby Letter Of Credit","General Corporate Purpose",NA,"Itochu Corp",2.2e+08,8,"Australia & New Zealand Banking Group Ltd","ANZ","Arranger",27500000
"7456",4295880516,"Itochu Corp",154083550305,"2008-10-30","2008-12-23","2015-12-23","Standby Letter Of Credit","Refinancing",NA,"Itochu Corp",2.2e+08,5,"Deutsche Bank","DEUTSCHE-BANK","Arranger",4.4e+07
"7457",4295880516,"Itochu Corp",154083553333,"2006-12-01","2006-12-20","2013-12-20","Term Loan","Refinancing",NA,"Itochu Corp",380099670.580286,3,"Mizuho Financial Group","MIZUHO-FINAN","Co-Arranger",126699890.193429
"7458",4295880516,"Itochu Corp",154083553334,"2006-12-01","2006-12-20","2014-06-20","Term Loan","Working Capital",NA,"Itochu Corp",380099670.580286,1,"Mizuho Financial Group","MIZUHO-FINAN","Co-Arranger",380099670.580286
"7459",4295880516,"Itochu Corp",154083554313,"2006-12-31","2006-12-31","2015-12-31","Term Loan","Working Capital",NA,"Ace Cogeneration Co",6e+07,9,"Credit Agricole Corporate & Investment Bank","CREDIT-AGRI-CIB","Co-Arranger",6666666.66666667
"7460",4295880516,"Itochu Corp",154083555459,"2006-12-01","2006-12-18","2007-12-17","Committed Credit Facility","General Corporate Purpose",NA,"Itochu Corp",84666836.0003386,6,"SBI Holdings Inc","SBI-HOL","Co-Arranger",14111139.3333898
"7461",4295880516,"Itochu Corp",154083557370,"2012-08-01","2012-08-03","2013-08-02","Bridge Loan","Working Capital","Bullet","PT Adaro Energy Tbk",2.7e+08,3,"JP Morgan & Co Inc","JPM","Co-Arranger",9e+07
"7462",4295880516,"Itochu Corp",154083557371,"2012-08-01","2012-08-03","2013-08-02","Bridge Loan","Operating Fund / Cash Reserve","Bullet","PT Adaro Energy Tbk",2.7e+08,2,"National Australia Bank Ltd","NATL-AUST-BK","Co-Arranger",1.35e+08
"7463",4295880516,"Itochu Corp",154083557608,"2012-08-01","2012-08-03","2013-08-02","Bridge Loan","Working Capital","Bullet","PT Adaro Energy Tbk",2.7e+08,2,"BNP Paribas SA","BNP-PARIBAS","Co-Arranger",1.35e+08
"7464",4295880516,"Itochu Corp",154083558689,"2012-09-01","2012-09-28","2014-09-29","Committed Credit Facility","Working Capital",NA,"ISUZU MOTORS LTD",83440308.0872914,4,"NatWest","NATWEST-GRP","Co-Arranger",20860077.0218229
"7465",4295880516,"Itochu Corp",154083558690,"2012-09-01","2012-09-28","2014-09-29","Committed Credit Facility","Working Capital",NA,"ISUZU MOTORS LTD",173299101.412067,10,"Sumitomo Mitsui Financial Group Inc","SUM-MIT-FIN-GRP","Co-Arranger",17329910.1412067
"7466",4295880516,"Itochu Corp",154083562358,"2013-09-20","2013-09-26","2020-10-26","Term Loan","General Corporate Purpose",NA,"Marubeni Corp",173861689.198747,3,"Sumitomo Mitsui Financial Group Inc","SUM-MIT-FIN-GRP","Co-Arranger",57953896.3995823
"7467",4295880516,"Itochu Corp",154083562359,"2013-09-20","2013-09-26","2020-10-26","Term Loan","Refinancing",NA,"Marubeni Corp",173861689.198747,3,"TD Securities Inc","TD-SECURITIES","Co-Arranger",57953896.3995823
"7468",4295880516,"Itochu Corp",154083562517,"2013-12-22","2013-12-27","2015-12-28","Revolving Credit Facility","Working Capital",NA,"ISUZU MOTORS LTD",95102234.9025202,4,"Mitsubishi UFJ Financial Group","MITSUBISHI-UFJ","Co-Arranger",23775558.72563
"7469",4295880516,"Itochu Corp",154083562609,"2013-09-22","2013-09-30","2024-03-28","Term Loan","Working Capital",NA,"Itochu Corp",254556562.46818,2,"Portigon AG","PORTIGON","Co-Arranger",127278281.23409
"7470",4295880516,"Itochu Corp",154083564220,"2013-05-10","2013-05-10","2023-05-10","Term Loan","Renewable Energy",NA,"Itochu Corp",73360000,9,"Mizuho Financial Group","MIZUHO-FINAN","Facility Agent",8151111.11111111
"7471",4295880516,"Itochu Corp",154083564221,"2013-05-10","2013-05-10","2023-05-10","Letter Of Credit","Project Finance",NA,"Itochu Corp",73360000,1,"Korea Long Term Credit Bank","KLB","Lead Manager",73360000
"7472",4295880516,"Itochu Corp",154083564222,"2013-05-10","2013-05-10","2023-05-10","Letter Of Credit","Renewable Energy",NA,"Itochu Corp",73360000,4,"Sumitomo Mitsui Trust Holdings Inc","SUM-MIT-TR-HLDG","Lead Manager",18340000
"7473",4295880516,"Itochu Corp",154083564584,"2013-06-01","2013-06-24","2018-06-22","Revolving Credit Facility","Project Finance",NA,"Itochu Corp",3581661891.11748,2,"Mizuho Financial Group","MIZUHO-FINAN","Arranger",1790830945.55874
"7474",4295880516,"Itochu Corp",154083566852,"2010-11-17","2014-03-28","2034-03-28","Term Loan","Renewable Energy","Amortizing","PT Medco Daya Abadi Lestari",1.17e+09,4,"Citi","CITI","Arranger",292500000
"7475",4295880516,"Itochu Corp",154083572857,"2013-06-01","2013-06-28","2014-06-27","Revolving Credit Facility","Project Finance",NA,"Itochu Corp",5e+08,2,"Sumitomo Mitsui Financial Group Inc","SUM-MIT-FIN-GRP","Arranger",2.5e+08
"7476",4295880516,"Itochu Corp",154083573220,"2013-03-01","2013-03-29","2023-09-30","Term Loan","Renewable Energy",NA,"Itochu Corp",212336766.111052,5,"NatWest","NATWEST-GRP","Arranger",42467353.2222104
"7477",4295880516,"Itochu Corp",154083574561,"2014-06-27","2014-06-27","2015-06-26","364 Day Revolver","Project Finance",NA,"Itochu Corp",5e+08,13,"HSBC Holdings PLC","SAM-CAPEL-HSBC","Arranger",38461538.4615385
"7478",4295880516,"Itochu Corp",154083575295,"2014-03-25","2014-03-25","2032-01-31","Term Loan","Refinancing",NA,"Itochu Corp",60629767.2599257,6,"Japan Bank For International Cooperation","JBFIC","Provider",10104961.2099876
"7479",4295880516,"Itochu Corp",154083575508,"2012-09-01","2012-09-25","2022-09-27","Term Loan","Working Capital",NA,"Itochu Corp",257102455.328448,2,"Mizuho Financial Group","MIZUHO-FINAN","Facility Agent",128551227.664224
"7480",4295880516,"Itochu Corp",154083575597,"2010-11-17","2014-03-28","2034-03-28","Term Loan","General Corporate Purpose","Amortizing","PT Medco Daya Abadi Lestari",1.17e+09,2,"Citi","CITI","Arranger",5.85e+08
"7481",4295880516,"Itochu Corp",154083575598,"2010-11-17","2014-03-28","2034-03-28","Term Loan","Refinance/Retiring Bank Debt","Amortizing","PT Medco Daya Abadi Lestari",1.17e+09,3,"Japan Bank For International Cooperation","JBFIC","Provider",3.9e+08
"7482",4295880516,"Itochu Corp",154083575737,"2013-12-16","2013-12-16","2016-12-16","Letter Of Credit","General Corporate Purpose",NA,"Itochu Corp",33750000,2,"Citi","CITI","Arranger",16875000
"7483",4295880516,"Itochu Corp",154083575738,"2013-12-16","2013-12-16","2016-12-16","Letter Of Credit","Refinance/Retiring Bank Debt",NA,"Itochu Corp",33750000,1,"Japan Bank For International Cooperation","JBFIC","Provider",33750000
"7484",4295880516,"Itochu Corp",154083575739,"2013-12-16","2013-12-16","2016-12-16","Term Loan","Renewable Energy",NA,"Itochu Corp",33750000,6,"Citi","CITI","Arranger",5625000
"7485",4295880516,"Itochu Corp",154083576254,"2014-02-26","2014-03-10","2017-03-20","Term Loan","Project Finance",NA,"ISUZU MOTORS LTD",81355932.2033898,4,"Japan Bank For International Cooperation","JBFIC","Provider",20338983.0508474
"7486",4295880516,"Itochu Corp",154083577987,"2013-09-20","2013-09-30","2024-03-31","Term Loan","Renewable Energy",NA,"Itochu Corp",305467874.961817,2,"Mitsubishi UFJ Financial Group","MITSUBISHI-UFJ","Co-Arranger",152733937.480909
"7487",4295880516,"Itochu Corp",154083581720,"2013-03-01","2013-03-26","2023-09-30","Term Loan","Project Finance",NA,"Itochu Corp",8e+07,7,"Portigon AG","PORTIGON","Co-Arranger",11428571.4285714
"7488",4295880516,"Itochu Corp",154083582862,"2013-03-01","2013-03-26","2016-03-24","Term Loan","General Corporate Purpose",NA,"Itochu Corp",1.5e+08,5,"Korea Long Term Credit Bank","KLB","Lead Manager",3e+07
"7489",4295880516,"Itochu Corp",154083586073,"2013-12-23","2013-12-23","2041-12-23","Term Loan","Project Finance",NA,"Suez SA",485560334.25455,3,"Sumitomo Mitsui Trust Holdings Inc","SUM-MIT-TR-HLDG","Lead Manager",161853444.751517
"7490",4295880516,"Itochu Corp",154083586074,"2013-12-23","2013-12-23","2016-12-23","Bridge Loan","General Corporate Purpose",NA,"Suez SA",485560334.25455,6,"Sumitomo Mitsui Trust Holdings Inc","SUM-MIT-TR-HLDG","Lead Manager",80926722.3757583
"7491",4295880516,"Itochu Corp",154083586075,"2013-12-23","2013-12-23","2041-12-23","Standby Letter Of Credit","Project Finance",NA,"Suez SA",485560334.25455,9,"Bankgesellschaft Berlin AG","B-BERLIN","Senior Co-Lead Manager",53951148.2505056
"7492",4295880516,"Itochu Corp",154083587216,"2014-06-17","2014-06-27","2019-06-27","Revolving Credit Facility","General Corporate Purpose",NA,"Itochu Corp",3453038674.03315,2,"Lloyds Bank","LLOYDS-PLC","Senior Co-Lead Manager",1726519337.01658
"7493",4295880516,"Itochu Corp",154083588611,"2014-12-05","2014-12-05","2018-09-30","Term Loan","Project Finance",NA,"Itochu Corp",100362408.368339,6,"UniCredit","UNICREDIT-SPA","Senior Co-Lead Manager",16727068.0613898
"7494",4295880516,"Itochu Corp",154083588903,"2014-12-11","2014-12-11","2021-12-24","Term Loan","Operating Fund / Cash Reserve",NA,"Itochu Corp",561314791.403287,3,"KBC Group NV","KBC-GROUP","Senior Co-Lead Manager",187104930.467762
"7495",4295880516,"Itochu Corp",154083588904,"2014-12-11","2014-12-11","2024-12-24","Term Loan","Operating Fund / Cash Reserve",NA,"Itochu Corp",561314791.403287,2,"Hamburg Commercial Bank AG","HAMBURG-COMM","Senior Co-Lead Manager",280657395.701644
"7496",4295880516,"Itochu Corp",154083591855,"2015-06-26","2015-06-26","2020-06-26","Revolving Credit Facility","Future Acquisitions",NA,"Itochu Corp",2825999192.57166,4,"Mitsubishi UFJ Financial Group","MITSUBISHI-UFJ","Senior Co-Lead Manager",706499798.142915
"7497",4295880516,"Itochu Corp",154083594278,"2015-09-15","2015-09-28","2020-09-30","Term Loan","Working Capital",NA,"ISUZU MOTORS LTD",50037528.1461096,3,"Australia & New Zealand Banking Group Ltd","ANZ","Arranger",16679176.0487032
"7498",4295880516,"Itochu Corp",154083604672,"2014-08-22","2014-08-29","2016-08-31","Revolving Credit Facility","Construction",NA,"ISUZU MOTORS LTD",384430562.229697,6,"Mizuho Financial Group","MIZUHO-FINAN","Arranger",64071760.3716162
"7499",4295880516,"Itochu Corp",154083606104,"2014-09-20","2014-09-26","2018-09-30","Term Loan","Capital Expenditures",NA,"ISUZU MOTORS LTD",45758213.5993411,4,"Deutsche Bank","DEUTSCHE-BANK","Arranger",11439553.3998353
"7500",4295880516,"Itochu Corp",154083606172,"2014-07-31",NA,NA,"Term Loan","Construction",NA,"Itochu Corp",972857281.836754,3,"Mizuho Financial Group","MIZUHO-FINAN","Co-Arranger",324285760.612251
"7501",4295880516,"Itochu Corp",154083607495,"2014-07-15","2014-07-15","2032-09-30","Term Loan","Capital Expenditures",NA,"Itochu Corp",121007081.038552,5,"Mizuho Financial Group","MIZUHO-FINAN","Co-Arranger",24201416.2077104
"7502",4295880516,"Itochu Corp",154083610197,"2015-03-20","2015-03-25","2016-03-31","Revolving Credit Facility","Construction",NA,"Itochu Corp",1.1838e+10,2,"Credit Agricole Corporate & Investment Bank","CREDIT-AGRI-CIB","Co-Arranger",5.919e+09
"7503",4295880516,"Itochu Corp",154083610496,"2015-03-06","2015-03-10","2019-03-31","Term Loan","Capital Expenditures",NA,"ISUZU MOTORS LTD",66044745.3149509,4,"SBI Holdings Inc","SBI-HOL","Co-Arranger",16511186.3287377
"7504",4295880516,"Itochu Corp",154083611020,"2014-12-05","2014-12-05","2033-09-30","Term Loan","Working Capital",NA,"Itochu Corp",100362408.368339,2,"JP Morgan & Co Inc","JPM","Co-Arranger",50181204.1841695
"7505",4295880516,"Itochu Corp",154083611511,"2015-05-04","2015-05-04","2022-05-04","Term Loan B","Working Capital",NA,"Itochu Corp",6.55e+08,2,"National Australia Bank Ltd","NATL-AUST-BK","Co-Arranger",327500000
"7506",4295880516,"Itochu Corp",154083612188,"2015-05-04","2015-05-04","2020-05-04","Revolving Credit Facility","Acquisition Finance",NA,"Itochu Corp",6.55e+08,2,"BNP Paribas SA","BNP-PARIBAS","Co-Arranger",327500000
"7507",4295880516,"Itochu Corp",154083612973,"2015-03-27","2015-03-30","2016-03-30","Revolving Credit Facility","Acquisition Finance",NA,"Nishino Co ltd",8329168.74895885,8,"NatWest","NATWEST-GRP","Co-Arranger",1041146.09361986
"7508",4295880516,"Itochu Corp",154083613328,"2015-06-26","2015-06-26","2016-06-25","364 Day Revolver","Working Capital",NA,"Itochu Corp",5e+08,2,"Sumitomo Mitsui Financial Group Inc","SUM-MIT-FIN-GRP","Co-Arranger",2.5e+08
"7509",4295880516,"Itochu Corp",154083614504,"2015-03-20","2015-03-25","2016-04-06","Revolving Credit Facility","Working Capital",NA,"Itochu Corp",1.1838e+10,3,"Sumitomo Mitsui Financial Group Inc","SUM-MIT-FIN-GRP","Co-Arranger",3.946e+09
"7510",4295880516,"Itochu Corp",154083616654,"2016-03-18","2016-03-22","2021-03-25","Term Loan","Project Finance",NA,"Itochu Corp",355998576.005696,2,"TD Securities Inc","TD-SECURITIES","Co-Arranger",177999288.002848
"7511",4295880516,"Itochu Corp",154083616655,"2016-03-18","2016-03-22","2019-03-25","Term Loan","Future Acquisitions",NA,"Itochu Corp",355998576.005696,2,"Development Bank of Japan Inc","DBJ-INC","Participant",177999288.002848
"7512",4295880516,"Itochu Corp",154083617641,"2016-02-24","2016-02-24",NA,"Term Loan","Project Finance",NA,"JFE Holdings Inc",1.85e+08,2,"Mizuho Financial Group","MIZUHO-FINAN","Arranger",92500000
"7513",4295880516,"Itochu Corp",154083617642,"2016-02-24","2016-02-24",NA,"Term Loan","Future Acquisitions",NA,"JFE Holdings Inc",1.85e+08,2,"ING","ING","Underwriter",92500000
"7514",4295880516,"Itochu Corp",154083618071,"2014-07-15","2014-07-15","2017-09-30","Term Loan","Project Finance",NA,"Itochu Corp",121007081.038552,2,"Hypo-bank","HYPO-BANK","Underwriter",60503540.519276
"7515",4295880516,"Itochu Corp",154083618729,"2016-02-25","2016-02-25","2020-02-28","Term Loan","Future Acquisitions",NA,"ISUZU MOTORS LTD",88511240.9275978,2,"Bayerische Landesbank Girozentrale","BAYER-LANDES","Underwriter",44255620.4637989
"7516",4295880516,"Itochu Corp",154083620389,"2016-03-03","2016-03-03","2037-03-03","Term Loan","Working Capital",NA,"The Sultanate Of Oman",273520000,5,"BNP Paribas SA","BNP-PARIBAS","Underwriter",54704000
"7517",4295880516,"Itochu Corp",154083620390,"2016-03-03","2016-03-03",NA,"Standby Letter Of Credit","Renewable Energy",NA,"The Sultanate Of Oman",273520000,2,"UniCredit","UNICREDIT-SPA","Underwriter",136760000
"7518",4295880516,"Itochu Corp",154083620570,"2016-08-31","2016-08-31","2018-08-31","Revolving Credit Facility","Project Finance",NA,"ISUZU MOTORS LTD",145039644.169406,5,"JP Morgan & Co Inc","JPM","Underwriter",29007928.8338812
"7519",4295880516,"Itochu Corp",154083621191,"2016-03-09","2016-03-09","2024-03-15","Term Loan","Export/Import Financing",NA,"Marubeni Corp",88253463.94846,2,"Credit Agricole Corporate & Investment Bank","CREDIT-AGRI-CIB","Underwriter",44126731.97423
"7520",4295880516,"Itochu Corp",154083621706,"2015-12-18","2015-12-28","2017-12-28","Revolving Credit Facility","General Corporate Purpose",NA,"ISUZU MOTORS LTD",83070277.4547267,3,"Commerzbank AG","COMMERZBANK","Underwriter",27690092.4849089
"7521",4295880516,"Itochu Corp",154083621917,"2015-03-20","2015-03-25","2016-09-30","Revolving Credit Facility","Working Capital",NA,"Itochu Corp",1.1838e+10,3,"Mizuho Financial Group","MIZUHO-FINAN","Underwriter",3.946e+09
"7522",4295880516,"Itochu Corp",154083624995,"2016-03-03","2016-03-03","2037-03-03","Term Loan","General Corporate Purpose",NA,"The Sultanate Of Oman",273520000,3,"Mizuho Financial Group","MIZUHO-FINAN","Underwriter",91173333.3333333
"7523",4295880516,"Itochu Corp",154083624996,"2016-03-03","2016-03-03",NA,"Standby Letter Of Credit","Project Finance",NA,"The Sultanate Of Oman",273520000,1,"Korea First Bank","KOREA-FIRST-BK","Underwriter",273520000
"7524",4295880516,"Itochu Corp",154083626715,"2016-06-03","2016-06-03","2048-06-03","Export Credit","Working Capital",NA,"PT Adaro Energy Tbk",3.421e+09,2,"Lloyds Bank","LLOYDS-PLC","Underwriter",1710500000
"7525",4295880516,"Itochu Corp",154083626716,"2016-06-03","2016-06-03","2041-06-03","Term Loan","Renewable Energy",NA,"PT Adaro Energy Tbk",3.421e+09,3,"SBI Holdings Inc","SBI-HOL","Underwriter",1140333333.33333
"7526",4295880516,"Itochu Corp",154083627049,"2016-06-16","2016-06-24","2021-06-24","Revolving Credit Facility","Project Finance",NA,"Itochu Corp",3424992660.73001,3,"HSBC Holdings PLC","SAM-CAPEL-HSBC","Underwriter",1141664220.24334
"7527",4295880516,"Itochu Corp",154083629133,"2016-06-24","2016-06-24","2017-06-24","Revolving Credit Facility","Export/Import Financing","Bullet","Itochu Corp",5e+08,4,"BNP Paribas SA","BNP-PARIBAS","Underwriter",1.25e+08
"7528",4295880516,"Itochu Corp",154083633937,"2016-12-12","2016-12-12","2019-12-13","Term Loan","Renewable Energy",NA,"Itochu Corp",2.63e+08,2,"Sumitomo Mitsui Financial Group Inc","SUM-MIT-FIN-GRP","Underwriter",131500000
"7529",4295880516,"Itochu Corp",154083633938,"2016-12-12","2016-12-12","2020-12-15","Term Loan","Project Finance",NA,"Itochu Corp",2.63e+08,7,"Mitsubishi UFJ Financial Group","MITSUBISHI-UFJ","Underwriter",37571428.5714286
"7530",4295880516,"Itochu Corp",154083634681,"2017-03-24","2017-03-24","2021-12-24","Term Loan","Export/Import Financing",NA,"Itochu Corp",598221503.637834,2,"Societe Generale SA","SOC-GEN","Underwriter",299110751.818917
"7531",4295880516,"Itochu Corp",154083634682,"2017-03-24","2017-03-24","2024-12-24","Term Loan","Project Finance",NA,"Itochu Corp",598221503.637834,2,"Sumitomo Mitsui Financial Group Inc","SUM-MIT-FIN-GRP","Underwriter",299110751.818917
"7532",4295880516,"Itochu Corp",154083635581,"2017-03-14","2017-03-14","2024-03-28","Term Loan","Project Finance",NA,"Itochu Corp",217902902.466661,2,"UBS","UBS-BANK","Underwriter",108951451.233331
"7533",4295880516,"Itochu Corp",154083636028,"2017-10-09","2017-10-09","2022-10-09","Revolving Credit Facility","Project Finance",NA,"Shandong Ruyi International Fashion Industry Investment Holding Co Ltd",293475453.713052,2,"Portigon AG","PORTIGON","Underwriter",146737726.856526
"7534",4295880516,"Itochu Corp",154083637744,"2017-03-16","2017-03-16","2022-03-18","Term Loan","Working Capital",NA,"ISUZU MOTORS LTD",61782877.3168579,4,"NatWest","NATWEST-GRP","Facility Agent",15445719.3292145
"7535",4295880516,"Itochu Corp",154083637886,"2017-04-25",NA,NA,"Term Loan","Working Capital",NA,"Ivanhoe Mines Ltd",1.5e+08,1,"NatWest","NATWEST-GRP","Arranger",1.5e+08
"7536",4295880516,"Itochu Corp",154083639854,"2017-03-27","2017-03-31","2018-06-29","Revolving Credit Facility","General Corporate Purpose",NA,"Itochu Corp",8978272.58035554,2,"Mitsubishi UFJ Financial Group","MITSUBISHI-UFJ","Arranger",4489136.29017777
"7537",4295880516,"Itochu Corp",154083643258,"2017-06-16","2017-06-23","2018-06-22","364 Day Revolver","Working Capital",NA,"Itochu Corp",5e+08,1,"Citi","CITI","Arranger",5e+08
"7538",4295880516,"Itochu Corp",154083643790,"2017-05-17","2017-08-21","2025-06-30","Term Loan","Project Finance",NA,"Itochu Corp",5.3e+08,4,"Gulf International Bank","GULF","Arranger",132500000
"7539",4295880516,"Itochu Corp",154083643791,"2017-05-17","2017-08-21","2025-06-30","Standby Letter Of Credit","Project Finance",NA,"Itochu Corp",5.3e+08,2,"Credit Agricole Corporate & Investment Bank","CREDIT-AGRI-CIB","Arranger",2.65e+08
"7540",4295880516,"Itochu Corp",154083643810,"2017-03-10","2017-03-10","2023-09-29","Term Loan","Project Finance",NA,"Itochu Corp",174307129.161583,3,"Hana Financial Group Inc","HANA-FINANCIAL","Arranger",58102376.3871943
"7541",4295880516,"Itochu Corp",154083645053,"2017-05-17","2017-08-21","2025-06-30","Term Loan","Working Capital",NA,"Itochu Corp",5.3e+08,4,"UniCredit","UNICREDIT-SPA","Arranger",132500000
"7542",4295880516,"Itochu Corp",154083645368,"2017-05-17","2017-08-21","2025-06-30","Term Loan","Project Finance",NA,"Itochu Corp",5.3e+08,2,"Nederlandsche Credietverzekering Maatschappij NV","NCM","Arranger",2.65e+08
"7543",4295880516,"Itochu Corp",154083648781,"2017-09-29","2017-09-29","2019-03-29","Revolving Credit Facility","Working Capital",NA,"Itochu Corp",8891259.89152663,3,"Bank Muscat Al Ahli Al Omani","BMAAAO","Participant",2963753.29717554
"7544",4295880516,"Itochu Corp",154083649021,"2017-06-19","2017-06-23","2022-06-23","Revolving Credit Facility","Working Capital",NA,"Itochu Corp",1797591227.75481,2,"Bank of Oman Bahrain & Kuwait","BOBK","Participant",898795613.877405
"7545",4295880516,"Itochu Corp",154083659526,"2017-12-08","2017-12-08","2035-09-30","Term Loan","Working Capital",NA,"Itochu Corp",156497180.119845,1,"Commercial Bank of Oman","COMAN","Participant",156497180.119845
"7546",4295880516,"Itochu Corp",154083659527,"2017-12-08","2017-12-08","2022-09-30","Term Loan","Working Capital",NA,"Itochu Corp",156497180.119845,2,"National Bank of Oman Ltd","NBOMAN","Participant",78248590.0599225
"7547",4295880516,"Itochu Corp",154083659528,"2017-12-08","2017-12-08","2030-09-30","Term Loan","Working Capital",NA,"Itochu Corp",156497180.119845,1,"Oman Arab Bank SAO","OAB","Participant",156497180.119845
"7548",4295880516,"Itochu Corp",154083665907,"2017-12-20","2017-12-20","2022-01-21","Term Loan","Working Capital",NA,"Itochu Corp",575057329.33498,2,"Oman International Bank SAOG","OMAN-INTL","Participant",287528664.66749
"7549",4295880516,"Itochu Corp",154083665908,"2017-12-20","2017-12-20","2022-12-22","Term Loan","Acquisition Finance",NA,"Itochu Corp",575057329.33498,2,"Arab Bank PLC","ABL","Underwriter",287528664.66749
"7550",4295880516,"Itochu Corp",154083665909,"2017-12-20","2017-12-20","2024-12-20","Term Loan","Project Finance",NA,"Itochu Corp",575057329.33498,2,"Australia & New Zealand Banking Group Ltd","ANZ","Underwriter",287528664.66749
"7551",4295880516,"Itochu Corp",154083674009,"2017-12-06","2017-12-06","2025-06-06","Term Loan","General Corporate Purpose",NA,"Government of Oman",47250000,1,"Arab Petroleum Investment Corp","ARAB-PETROLEUM","Underwriter",47250000
"7552",4295880516,"Itochu Corp",154084996217,"2018-02-28","2018-02-28","2020-02-28","Revolving Credit Facility","Working Capital",NA,"ISUZU MOTORS LTD",93747070.4040499,1,"Barclays","BARCLAYS-CAP","Underwriter",93747070.4040499
"7553",4295880516,"Itochu Corp",154085070674,"2018-03-21","2018-03-27","2019-06-29","Revolving Credit Facility","Project Finance",NA,"Itochu Corp",9493971.32820659,2,"Gulf International Bank","GULF","Arranger",4746985.66410329
"7554",4295880516,"Itochu Corp",154085077629,"2018-04-05","2019-10-01",NA,"Term Loan","Leveraged Buyout",NA,"Suez SA",316971068.1925,3,"Sumitomo Mitsui Financial Group Inc","SUM-MIT-FIN-GRP","Co-Arranger",6700000
"7555",4295880516,"Itochu Corp",154085113463,"2018-01-26","2018-01-26","2019-01-26","Bridge Loan","Leveraged Buyout",NA,"Shandong Ruyi International Fashion Industry Investment Holding Co Ltd",8e+08,2,"Mitsubishi UFJ Financial Group","MITSUBISHI-UFJ","Manager",5e+06
"7556",4295880516,"Itochu Corp",154085138143,"2018-06-17","2018-06-22","2023-06-22","Revolving Credit Facility","Working Capital",NA,"Itochu Corp",1818843215.71481,4,"Senshu Bank Ltd","SENSH","Manager",2e+06
"7557",4295880516,"Itochu Corp",154085146780,"2018-06-22","2018-06-22","2019-06-21","364 Day Revolver","Working Capital","Bullet","Itochu Corp",5e+08,6,"Mizuho Financial Group","MIZUHO-FINAN","Facility Agent",7300000
"7558",4295880516,"Itochu Corp",154085166173,"2018-07-31","2018-07-31","2020-07-31","Revolving Credit Facility","General Corporate Purpose",NA,"ISUZU MOTORS LTD",214553906.669051,2,"Malayan Banking Bhd","MALAYAN-BANKING","Co-Arranger",107276953.334525
"7559",4295880516,"Itochu Corp",154085187690,"2018-09-05","2018-09-05","2019-09-09","Term Loan","Working Capital",NA,"Itochu Corp",173063127.6901,1,"Bank Bira","BBIRA","Lead Manager",173063127.6901
"7560",4295880516,"Itochu Corp",154085187691,"2018-09-05","2018-09-05","2021-09-07","Term Loan","Working Capital",NA,"Itochu Corp",173063127.6901,2,"Dharmala Group","DHARM","Lead Manager",86531563.84505
"7561",4295880516,"Itochu Corp",154085187692,"2018-09-05","2018-09-05","2024-09-09","Term Loan","Project Finance",NA,"Itochu Corp",173063127.6901,2,"CIMB Group Holdings Bhd","CIMB-GROUP-BHD","Lead Manager",86531563.84505
"7562",4295880516,"Itochu Corp",154085187693,"2018-09-05","2018-09-05","2026-09-07","Term Loan","Project Finance",NA,"Itochu Corp",173063127.6901,2,"Bank Mualamat Malaysia Bhd","BK-MUALAMAT","Co-Lead Manager",86531563.84505
"7563",4295880516,"Itochu Corp",154085187694,"2018-09-05","2018-09-05","2028-09-07","Term Loan","Project Finance",NA,"Itochu Corp",173063127.6901,3,"Bank Duta","BANK-DUTA","Co-Lead Manager",57687709.2300333
"7564",4295880516,"Itochu Corp",154085204253,"2018-09-14","2018-09-29","2020-03-27","Revolving Credit Facility","Working Capital",NA,"Itochu Corp",8796622.09711471,7,"Bank Tiara Asia","BTIARA","Co-Lead Manager",1256660.29958782
"7565",4295880516,"Itochu Corp",154085257690,"2018-10-23","2018-10-23","2026-08-23","Term Loan","Project Finance",NA,"Itochu Corp",48200000,1,"First Indonesia Finance & Investment","IFINV","Co-Lead Manager",48200000
"7566",4295880516,"Itochu Corp",154085257691,"2018-10-23","2018-10-23","2026-08-23","Standby Letter Of Credit","Project Finance",NA,"Itochu Corp",48200000,2,"Pan Indonesia Bank Ltd PT","PAN-IND","Co-Lead Manager",24100000
"7567",4295880516,"Itochu Corp",154085279379,"2018-04-05","2019-10-01","2034-10-01","Term Loan","Working Capital",NA,"Suez SA",316971068.1925,1,"Bank PDFCI","BANKP9","Facility Agent",316971068.1925
"7568",4295880516,"Itochu Corp",154085344944,"2019-03-21","2019-03-30","2020-06-30","Revolving Credit Facility","Working Capital",NA,"Itochu Corp",9022013.71346084,4,"Citi","CITI","Arranger",2255503.42836521
"7569",4295880516,"Itochu Corp",154085412253,"2019-06-14","2019-06-21","2024-06-21","Revolving Credit Facility","Working Capital",NA,"Itochu Corp",1863932898.41566,1,"IMI - Intesa Sanpaolo","INTESA-SAN","Participant",1863932898.41566
"7570",4295880516,"Itochu Corp",154085412261,"2019-06-19","2019-06-21","2020-06-19","Revolving Credit Facility","General Corporate Purpose","Bullet","Itochu Corp",5e+08,1,"Bank Negara Indonesia PT","NEGARA-ID","Participant",5e+08
"7571",4295880516,"Itochu Corp",154085415620,"2019-06-19","2019-06-25","2023-12-29","Revolving Credit or Term Loan","Project Finance",NA,"Itochu Corp",33124941.6814407,2,"BNP Paribas SA","BNP-PARIBAS","Participant",16562470.8407203
"7572",4295880516,"Itochu Corp",154085505613,"2018-10-23","2018-10-23","2026-08-23","Standby Letter Of Credit","Project Finance",NA,"Itochu Corp",48200000,2,"Scotiabank","SCOTIABANK","Participant",24100000
"7573",4295880516,"Itochu Corp",154085621557,"2020-02-28","2020-02-28","2022-02-28","Revolving Credit Facility","Project Finance",NA,"ISUZU MOTORS LTD",92532617.7477561,3,"Mitsubishi UFJ Financial Group","MITSUBISHI-UFJ","Participant",30844205.9159187
"7574",4295880516,"Itochu Corp",154085755957,"2020-06-05","2020-06-19","2021-06-18","364 Day Revolver","Project Finance","Bullet","Itochu Corp",5e+08,2,"UniCredit","UNICREDIT-SPA","Participant",2.5e+08
"7575",4295880516,"Itochu Corp",154085765462,"2020-04-01","2020-04-01","2021-06-30","Revolving Credit Facility","Working Capital",NA,"Itochu Corp",9332711.15258983,1,"Deutsche Bank","DEUTSCHE-BANK","Participant",9332711.15258983
"7576",4295880516,"Itochu Corp",154085769592,"2020-06-18","2020-06-19","2025-06-19","Revolving Credit Facility","General Corporate Purpose",NA,"Itochu Corp",1871432581.64125,4,"Commerzbank AG","COMMERZBANK","Participant",467858145.410312
"7577",4295880516,"Itochu Corp",154086823937,"2020-07-09",NA,NA,"Revolving Credit or Term Loan","Working Capital",NA,"Itochu Corp",4436402649.50089,1,"Mizuho Financial Group","MIZUHO-FINAN","Participant",4436402649.50089
"7578",4295880516,"Itochu Corp",154086823938,"2020-07-09",NA,NA,"Revolving Credit or Term Loan","Working Capital",NA,"Itochu Corp",4436402649.50089,2,"Malayan Banking Bhd","MALAYAN-BANKING","Participant",2218201324.75044
"7579",4295880516,"Itochu Corp",154086865995,"2020-07-31","2020-07-31","2022-07-31","Revolving Credit Facility","Working Capital",NA,"ISUZU MOTORS LTD",226671703.81564,1,"Norddeutsche Landesbank Girozentrale","NORDLB","Participant",226671703.81564
"7580",4295880516,"Itochu Corp",154087062793,"2021-01-19","2021-01-19","2026-01-19","Term Loan","Working Capital",NA,"Ningbo Qinggang Investment Co Ltd",463127344.582182,1,"Overseas Union Bank Ltd","OVER-U","Participant",463127344.582182
"7581",4295880516,"Itochu Corp",154087125509,"2021-03-16","2021-03-29","2026-03-31","Term Loan","Working Capital",NA,"ISUZU MOTORS LTD",54654764.0736018,2,"Sumitomo Mitsui Financial Group Inc","SUM-MIT-FIN-GRP","Participant",27327382.0368009
"7582",4295880516,"Itochu Corp",154087144842,"2021-03-31","2021-03-31","2039-09-30","Term Loan","General Corporate Purpose",NA,"Osaka Gas Co Ltd",325844625.112918,3,"Keppel Corp Ltd","KEPPEL-CORP","Participant",108614875.037639
"7583",4295880516,"Itochu Corp",154087172170,"2021-03-29","2021-03-29","2022-06-30","Revolving Credit Facility","Working Capital",NA,"Itochu Corp",9109127.34560029,1,"Caisse Federale de Credit Mutuel SA","FED-CRED-MUTUEL","Participant",9109127.34560029
"7584",4295880516,"Itochu Corp",154087209427,"2021-06-18","2021-06-18","2022-06-17","364 Day Revolver","Other","Bullet","Itochu Corp",5e+08,3,"United Overseas Bank Ltd","UTD-OVER-SG","Arranger",166666666.666667
"7585",4295880516,"Itochu Corp",154087215261,"2021-06-18","2021-06-18","2026-06-18","Revolving Credit Facility","Working Capital",NA,"Itochu Corp",1815046737.45349,2,"BNP Paribas SA","BNP-PARIBAS","Tender Panerl",907523368.726745
"7586",4295880516,"Itochu Corp",154087228943,"2021-03-31","2021-03-31","2025-09-30","Term Loan","Project Finance",NA,"Osaka Gas Co Ltd",325844625.112918,2,"Mitsubishi UFJ Financial Group","MITSUBISHI-UFJ","Tender Panerl",162922312.556459
"7587",4295880516,"Itochu Corp",154087228944,"2021-03-31","2021-03-31","2025-09-30","Term Loan","Working Capital",NA,"Osaka Gas Co Ltd",325844625.112918,2,"DBS Group Holdings","DBSGR","Tender Panerl",162922312.556459
"7588",4295880516,"Itochu Corp",154087263613,"2021-07-07","2021-07-07","2024-07-07","Revolving Credit Facility","General Corporate Purpose",NA,"Russel Metals Inc",159127423.487824,2,"Mizuho Financial Group","MIZUHO-FINAN","Tender Panerl",79563711.743912
"7589",4295880516,"Itochu Corp",154087282449,"2021-08-26","2021-08-30","2035-08-30","Term Loan","Project Finance",NA,"BW Offshore Ltd",1.15e+09,2,"HSBC Holdings PLC","SAM-CAPEL-HSBC","Tender Panerl",5.75e+08
"7590",4295880516,"Itochu Corp",154087494061,"2022-02-28","2022-02-28","2024-02-29","Revolving Credit Facility","Project Finance",NA,"ISUZU MOTORS LTD",86964083.8333768,2,"Keppel Corp Ltd","KEPPEL-CORP","Tender Panerl",43482041.9166884
"7591",4295880516,"Itochu Corp",154087541335,"2022-03-24","2022-03-24","2028-03-31","Term Loan","Working Capital",NA,"Marubeni Corp",7765879.17926919,3,"Mitsubishi UFJ Financial Group","MITSUBISHI-UFJ","Tender Panerl",2588626.39308973
"7592",4295880516,"Itochu Corp",154087541336,"2022-03-24","2022-03-24","2023-03-31","Revolving Credit Facility","Project Finance",NA,"Marubeni Corp",7765879.17926919,2,"Oversea-Chinese Banking Corp Ltd","OCBC","Tender Panerl",3882939.58963459
"7593",4295880516,"Itochu Corp",154087606631,"2022-04-01","2022-04-01","2023-06-30","Revolving Credit Facility","Project Finance",NA,"Itochu Corp",8163931.74953058,2,"Sumitomo Mitsui Financial Group Inc","SUM-MIT-FIN-GRP","Tender Panerl",4081965.87476529
"7594",4295880516,"Itochu Corp",154087612176,"2022-06-17","2022-06-17","2023-06-16","364 Day Revolver","General Corporate Purpose",NA,"Itochu Corp",5e+08,2,"Sumitomo Mitsui Financial Group Inc","SUM-MIT-FIN-GRP","Tender Panerl",2.5e+08
"7595",4295880516,"Itochu Corp",154087612182,"2022-06-15","2022-06-17","2027-06-17","Revolving Credit Facility","Working Capital",NA,"Itochu Corp",1481920569.0575,2,"Mitsubishi UFJ Financial Group","MITSUBISHI-UFJ","Facility Agent",740960284.52875
"7596",4295880516,"Itochu Corp",154087640345,"2022-07-12","2022-07-27","2044-06-29","Term Loan","Project Finance",NA,"The Sultanate Of Oman",1e+08,2,"Mizuho Financial Group","MIZUHO-FINAN","Lead Manager",5e+07
"7597",4295880516,"Itochu Corp",154087640369,"2022-07-12","2022-07-27","2044-06-29","Term Loan","Project Finance",NA,"The Sultanate Of Oman",1e+08,1,"Mizuho Financial Group","MIZUHO-FINAN","Lead Manager",1e+08
"7598",4295880516,"Itochu Corp",154087772064,"2022-06-30","2022-06-30","2028-06-30","Term Loan","Project Finance",NA,"Itochu Corp",48625948.5743756,4,"SBI Holdings Inc","SBI-HOL","Manager",12156487.1435939
"7599",4295880516,"Itochu Corp",154087772065,"2022-06-30","2022-06-30","2028-06-30","Revolving Credit Facility","Working Capital",NA,"Itochu Corp",48625948.5743756,2,"Sumitomo Mitsui Financial Group Inc","SUM-MIT-FIN-GRP","Manager",24312974.2871878
"7600",4295880516,"Itochu Corp",154087772066,"2022-06-30","2022-06-30","2028-06-30","Term Loan","Working Capital",NA,"Itochu Corp",48625948.5743756,2,"Mitsubishi UFJ Financial Group","MITSUBISHI-UFJ","Manager",24312974.2871878
"7601",4295880516,"Itochu Corp",154087956029,"2023-03-29","2023-03-29","2026-09-30","Bridge Loan","Working Capital",NA,"Hitachi Zosen Corp",198872101.776573,2,"Bank of China Ltd","BK-CHINA-LTD","Participant",99436050.8882865
"7602",4295880516,"Itochu Corp",154087956030,"2023-03-29","2023-03-29","2044-09-30","Term Loan","Project Finance",NA,"Hitachi Zosen Corp",198872101.776573,2,"Mizuho Financial Group","MIZUHO-FINAN","Participant",99436050.8882865
"7603",4295880516,"Itochu Corp",154088086626,"2023-06-23","2023-06-30","2028-06-30","Revolving Credit Facility","Working Capital",NA,"Itochu Corp",2078713968.95787,2,"Sumitomo Mitsui Financial Group Inc","SUM-MIT-FIN-GRP","Participant",1039356984.47894
"7604",4295880516,"Itochu Corp",154088157011,"2023-04-01","2023-04-01","2024-06-28","Revolving Credit Facility","Working Capital",NA,"Itochu Corp",7530687.55177348,2,"Mitsubishi UFJ Financial Group","MITSUBISHI-UFJ","Participant",3765343.77588674
"7605",4295880516,"Itochu Corp",154088266360,"2021-07-07","2021-07-07","2024-07-07","Revolving Credit Facility","Project Finance",NA,"Russel Metals Inc",159127423.487824,1,"NatWest","NATWEST-GRP","Arranger",159127423.487824
"7606",4295880516,"Itochu Corp",154088404270,"2024-02-20",NA,NA,"Term Loan","Acquisition Finance",NA,"Itochu Corp",2e+09,1,"Mitsubishi UFJ Financial Group","MITSUBISHI-UFJ","Arranger",2e+09
"7607",4295880516,"Itochu Corp",154088423096,"2024-03-16","2024-04-03","2029-04-03","Revolving Credit Facility","Working Capital",NA,"Tenaska Inc",7.5e+07,1,"Deutsche Bank","DEUTSCHE-BANK","Arranger",7.5e+07
"7608",4295880516,"Itochu Corp",154088535518,"2024-06-21","2024-06-28","2029-06-28","Revolving Credit Facility","General Corporate Purpose",NA,"Itochu Corp",1865323633.65044,2,"Mizuho Financial Group","MIZUHO-FINAN","Arranger",932661816.82522
"7609",4295880516,"Itochu Corp",154088846074,"2025-03-17","2025-03-17","2030-03-17","Revolving Credit Facility","Working Capital",NA,"Itochu Corp",2.65e+08,2,"Barclays","BARCLAYS-CAP","Facility Agent",132500000
"7610",4295880516,"Itochu Corp",154088846075,"2025-03-17","2025-03-17","2030-03-17","Term Loan A","Real Estate/Property Acquisition",NA,"Itochu Corp",2.65e+08,2,"NatWest","NATWEST-GRP","Arranger",132500000
"7611",4295880516,"Itochu Corp",154088846076,"2025-03-17","2025-03-17","2030-03-17","Term Loan C","Real Estate/Property Acquisition",NA,"Itochu Corp",2.65e+08,1,"Mitsubishi UFJ Financial Group","MITSUBISHI-UFJ","Arranger",2.65e+08
"7612",4295880516,"Itochu Corp",154088969271,"2025-06-20","2025-06-27","2030-06-27","Revolving Credit Facility","Real Estate/Property Acquisition",NA,"Itochu Corp",2073971655.72071,1,"Deutsche Bank","DEUTSCHE-BANK","Arranger",2073971655.72071
"7613",4295880516,"Itochu Corp",154089198420,"2025-11-13","2025-11-13","2026-06-30","Revolving Credit Facility","Real Estate/Property Acquisition",NA,"Itochu Corp",7e+08,2,"Mizuho Financial Group","MIZUHO-FINAN","Arranger",3.5e+08
"7614",4295880516,"Itochu Corp",154089254681,"2026-01-23",NA,NA,"Revolving Credit or Term Loan","Real Estate/Property Acquisition",NA,"Itochu Corp",19500000,1,"Barclays","BARCLAYS-CAP","Facility Agent",19500000
"7615",4295880516,"Itochu Corp",154089254769,"2026-01-23",NA,NA,"Guarantee Facility","General Corporate Purpose",NA,"Itochu Corp",19500000,1,"Mizuho Financial Group","MIZUHO-FINAN","Agent",19500000
"7616",4295880516,"Itochu Corp",154089272563,"2026-02-17",NA,NA,"Term Loan","Project Finance",NA,"Ivanhoe Mines Ltd",7e+08,1,"Cooperatieve Rabobank UA","RABOBANK","Lender",7e+08
"8853",4295905141,"Tyson Foods Inc",154083356976,"2001-08-02","2001-09-24","2006-09-24","Revolving Credit Facility","General Corporate Purpose","Bullet","Tyson Foods Inc",1e+09,12,"JP Morgan & Co Inc","JPM","Administration Agent",83333333.3333333
"8854",4295905141,"Tyson Foods Inc",154083370534,"1993-06-30","1993-06-30",NA,"Revolving Credit Facility","Future Acquisitions","Bullet","Tyson Foods Inc",8.5e+08,12,"BofA Securities Inc","BOFA-SEC-INC","Syndication Agent",70833333.3333333
"8855",4295905141,"Tyson Foods Inc",154083371055,"2015-04-07","2015-04-07","2018-04-07","Term Loan","Working Capital","Bullet","Tyson Foods Inc",5e+08,20,"Truist Financial Corp","TRUIST-FIN","Documentation Agent",2.5e+07
"8856",4295905141,"Tyson Foods Inc",154083374387,"1994-03-01","1994-06-01","1999-06-01","Term Loan","Capital Expenditures",NA,"Tyson Foods Inc",1.5e+09,18,"Mizuho Financial Group","MIZUHO-FINAN","Documentation Agent",83333333.3333333
"8857",4295905141,"Tyson Foods Inc",154083374388,"1994-03-01","1994-06-01","1995-06-01","Revolving Credit Facility","Standby/CP Support","Bullet","Tyson Foods Inc",1.5e+09,24,"Cooperatieve Rabobank UA","RABOBANK","Documentation Agent",62500000
"8858",4295905141,"Tyson Foods Inc",154083378287,"1992-10-01",NA,"1996-09-30","Revolving Credit Facility","General Corporate Purpose","Bullet","Tyson Foods Inc",8.5e+08,21,"Bank of Communications {BoCOMM}","BK-COMM-SHANG","Lender",40476190.4761905
"8859",4295905141,"Tyson Foods Inc",154083378350,"1992-10-01",NA,"1993-11-01","Term Loan","General Corporate Purpose",NA,"Tyson Foods Inc",8.5e+08,17,"BNP Paribas SA","BNP-PARIBAS","Lender",5e+07
"8860",4295905141,"Tyson Foods Inc",154083381254,"1989-09-29","1989-09-29","1997-09-29","Term Loan","Acquisition Finance","Amortizing","Tyson Foods Inc",1.4e+09,1,"Commerce Bancshares Inc,Kansas City,Missouri","COMMERCE-BANC","Lender",1.4e+09
"8861",4295905141,"Tyson Foods Inc",154083382568,"1990-06-08","1990-06-08","1996-06-08","Term Loan","Acquisition Finance","Amortizing","Tyson Foods Inc",3.65e+08,19,"Mizuho Financial Group","MIZUHO-FINAN","Lender",19210526.3157895
"8862",4295905141,"Tyson Foods Inc",154083382569,"1990-06-08","1990-06-08","1996-06-08","Revolving Credit Facility","Refinancing","Amortizing","Tyson Foods Inc",3.5e+08,25,"E Sun Financial Holding Co Ltd","ESUN","Lender",1.4e+07
"8863",4295905141,"Tyson Foods Inc",154083388470,"1995-11-01","1995-11-01","2002-11-01","Term Loan","Refinancing",NA,"Tyson Foods Inc",4.4e+07,38,"Mizuho Financial Group","MIZUHO-FINAN","Lender",1157894.73684211
"8864",4295905141,"Tyson Foods Inc",154083393670,"1997-05-23","1997-05-23",NA,"Revolving Credit Facility","General Corporate Purpose",NA,"Tyson Foods Inc",1.25e+09,25,"Farm Credit Bank of Wichita","FARM-WITCHITA","Lender",5e+07
"8865",4295905141,"Tyson Foods Inc",154083414447,"2001-01-01","2001-01-12","2002-01-10","Bridge Loan","Refinancing","Bullet","Tyson Foods Inc",2.5e+09,17,"ING","ING","Lender",147058823.529412
"8866",4295905141,"Tyson Foods Inc",154083418313,"2001-08-02","2001-09-24","2002-09-23","Revolving Credit Facility","Refinancing","Bullet","Tyson Foods Inc",1e+09,21,"Bank Hapoalim BM","HAPOALIM-BM","Lender",47619047.6190476
"8867",4295905141,"Tyson Foods Inc",154083421290,"2001-08-02","2001-08-03","2002-01-30","Revolving Credit Facility","General Corporate Purpose","Bullet","Tyson Foods Inc",2.5e+09,6,"Hua Nan Financial Holdings Co Ltd","HUANAN-FIN-HLDG","Lender",416666666.666667
"8868",4295905141,"Tyson Foods Inc",154083430971,"2002-06-12","2002-06-12","2003-06-11","Revolving Credit Facility","General Corporate Purpose","Bullet","Tyson Foods Inc",2e+08,31,"Scotiabank","SCOTIABANK","Lender",6451612.90322581
"8869",4295905141,"Tyson Foods Inc",154083431014,"2002-06-12","2002-06-12","2005-06-12","Revolving Credit Facility","General Corporate Purpose","Bullet","Tyson Foods Inc",3e+08,24,"Wells Fargo & Co","WF","Lender",12500000
"8870",4295905141,"Tyson Foods Inc",154083438992,"2003-06-11","2003-06-11","2004-06-11","Revolving Credit Facility","Working Capital","Bullet","Tyson Foods Inc",2e+08,19,"BofA Securities Inc","BOFA-SEC-INC","Arranger",10526315.7894737
"8871",4295905141,"Tyson Foods Inc",154083444949,"2004-06-08","2004-06-09","2009-06-09","Revolving Credit Facility","Acquisition Finance",NA,"Tyson Foods Inc",7.5e+08,38,"BNP Paribas SA","BNP-PARIBAS","Co-Arranger",19736842.1052632
"8872",4295905141,"Tyson Foods Inc",154083464268,"2005-09-09","2005-09-28","2010-09-28","Revolving Credit Facility","Refinancing","Bullet","Tyson Foods Inc",1.4e+09,6,"Scotiabank","SCOTIABANK","Co-Arranger",233333333.333333
"8873",4295905141,"Tyson Foods Inc",154083464269,"2005-09-09","2005-09-28","2008-09-28","Revolving Credit Facility","General Corporate Purpose","Bullet","Tyson Foods Inc",1.4e+09,6,"JP Morgan & Co Inc","JPM","Co-Arranger",233333333.333333
"8874",4295905141,"Tyson Foods Inc",154083491876,"2012-07-18","2012-08-09","2017-08-09","Revolving Credit Facility","Future Acquisitions",NA,"Tyson Foods Inc",1e+09,20,"JP Morgan & Co Inc","JPM","Co-Arranger",5e+07
"8875",4295905141,"Tyson Foods Inc",154083492689,"2008-12-17","2008-12-17","2013-12-17","Revolving Credit Facility","Working Capital",NA,"Tyson Foods Inc",1e+09,20,"BofA Securities Inc","BOFA-SEC-INC","Co-Arranger",5e+07
"8876",4295905141,"Tyson Foods Inc",154083503039,"2011-02-15","2011-02-23","2016-02-23","Revolving Credit Facility","Capital Expenditures","Bullet","Tyson Foods Inc",1e+09,6,"Credit Agricole Corporate & Investment Bank","CREDIT-AGRI-CIB","Co-Arranger",166666666.666667
"8877",4295905141,"Tyson Foods Inc",154083530093,"2009-02-19","2009-03-09","2012-03-09","Revolving Credit Facility","Standby/CP Support","Bullet","Tyson Foods Inc",1e+09,9,"BofA Securities Inc","BOFA-SEC-INC","Co-Arranger",111111111.111111
"8878",4295905141,"Tyson Foods Inc",154083531404,"2008-09-10","2008-09-10","2013-09-10","Revolving Credit Facility","Refinance/Retiring Acquisition Debt",NA,"Tyson Foods Inc",1e+09,13,"Cooperatieve Rabobank UA","RABOBANK","Co-Arranger",76923076.9230769
"8879",4295905141,"Tyson Foods Inc",154083587077,"2014-06-09","2014-07-15","2015-07-14","364 Day Revolver","Refinancing",NA,"Tyson Foods Inc",9.2e+09,31,"Societe Generale SA","SOC-GEN","Co-Arranger",296774193.548387
"8880",4295905141,"Tyson Foods Inc",154083587078,"2014-06-09","2014-07-15","2017-07-15","Delayed Draw Term Loan","Standby/CP Support","Amortizing","Tyson Foods Inc",9.2e+09,9,"TD Securities Inc","TD-SECURITIES","Co-Arranger",1022222222.22222
"8881",4295905141,"Tyson Foods Inc",154083587652,"2014-06-09","2014-07-15","2015-07-14","Bridge Loan","General Corporate Purpose",NA,"Tyson Foods Inc",9.2e+09,12,"Mitsubishi UFJ Financial Group","MITSUBISHI-UFJ","Participant",766666666.666667
"8882",4295905141,"Tyson Foods Inc",154083587655,"2014-06-09","2014-07-15","2019-07-15","Delayed Draw Term Loan","Future Acquisitions","Amortizing","Tyson Foods Inc",9.2e+09,6,"CIBC World Markets Inc","CIBC-WORLD","Participant",1533333333.33333
"8883",4295905141,"Tyson Foods Inc",154083587656,"2014-06-09","2014-07-15","2019-07-15","Delayed Draw Term Loan","Working Capital","Bullet","Tyson Foods Inc",9.2e+09,7,"Resona Holdings Inc","RESONA","Participant",1314285714.28571
"8884",4295905141,"Tyson Foods Inc",154083588631,"2014-12-01","2014-12-01","2020-12-01","Term Loan","Capital Expenditures","Amortizing","Tyson Foods Inc",122694796.693226,20,"Mizuho Financial Group","MIZUHO-FINAN","Participant",6134739.8346613
"8885",4295905141,"Tyson Foods Inc",154083607765,"2014-09-25","2014-09-25","2019-09-25","Revolving Credit Facility","Standby/CP Support",NA,"Tyson Foods Inc",1.25e+09,9,"JP Morgan & Co Inc","JPM","Participant",138888888.888889
"8886",4295905141,"Tyson Foods Inc",154083608379,"2014-12-01","2014-12-01","2020-12-01","Term Loan","General Corporate Purpose","Amortizing","Tyson Foods Inc",122694796.693226,6,"Mizuho Financial Group","MIZUHO-FINAN","Participant",20449132.7822043
"8887",4295905141,"Tyson Foods Inc",154083608380,"2014-12-01","2014-12-01","2017-12-01","Revolving Credit Facility","Future Acquisitions","Bullet","Tyson Foods Inc",122694796.693226,6,"SBI Holdings Inc","SBI-HOL","Participant",20449132.7822043
"8888",4295905141,"Tyson Foods Inc",154083608381,"2014-12-01","2014-12-01","2017-12-01","Revolving Credit Facility","Working Capital","Bullet","Tyson Foods Inc",122694796.693226,12,"JP Morgan & Co Inc","JPM","Participant",10224566.3911022
"8889",4295905141,"Tyson Foods Inc",154083620284,"2016-07-01","2016-07-01","2020-12-01","Term Loan A","Capital Expenditures","Amortizing","Tyson Foods Inc",68669480.1073413,6,"NatWest","NATWEST-GRP","Participant",11444913.3512236
"8890",4295905141,"Tyson Foods Inc",154083620285,"2016-07-01","2016-07-01","2020-12-01","Term Loan B","Standby/CP Support","Amortizing","Tyson Foods Inc",68669480.1073413,2,"Mitsubishi UFJ Financial Group","MITSUBISHI-UFJ","Participant",34334740.0536707
"8891",4295905141,"Tyson Foods Inc",154083620286,"2016-07-01","2016-07-01","2017-12-01","Revolving Credit Facility","Working Capital","Bullet","Tyson Foods Inc",68669480.1073413,5,"Sumitomo Mitsui Financial Group Inc","SUM-MIT-FIN-GRP","Participant",13733896.0214683
"8892",4295905141,"Tyson Foods Inc",154083640421,"2017-05-12","2017-05-12","2020-05-12","Delayed Draw Term Loan","Capital Expenditures",NA,"Tyson Foods Inc",1.8e+09,13,"Truist Financial Corp","TRUIST-FIN","Participant",138461538.461538
"8893",4295905141,"Tyson Foods Inc",154083640553,"2017-05-12","2017-05-12","2022-05-12","Revolving Credit Facility","Refinancing",NA,"Tyson Foods Inc",1.5e+09,5,"UBS","UBS-BANK","Participant",3e+08
"8894",4295905141,"Tyson Foods Inc",154083644206,"2017-05-12","2017-05-12","2018-05-11","Bridge Loan","Standby/CP Support",NA,"Tyson Foods Inc",4.5e+09,6,"US National Bank of Oregon, Portland","US-NB-OREGON","Participant",7.5e+08
"8895",4295905141,"Tyson Foods Inc",154083644207,"2017-05-12","2017-05-12","2018-05-11","Bridge Loan","General Corporate Purpose",NA,"Tyson Foods Inc",4.5e+09,6,"BofA Securities Inc","BOFA-SEC-INC","Administration Agent",7.5e+08
"8896",4295905141,"Tyson Foods Inc",154085067016,"2018-03-14","2018-03-14","2023-03-14","Revolving Credit Facility","Standby/CP Support",NA,"Tyson Foods Inc",1.75e+09,2,"JP Morgan & Co Inc","JPM","Co-Arranger",8.75e+08
"8897",4295905141,"Tyson Foods Inc",154085257721,"2018-11-29","2018-11-29","2019-11-28","Term Loan","General Corporate Purpose",NA,"Tyson Foods Inc",1.8e+09,6,"JP Morgan & Co Inc","JPM","Co-Arranger",3e+08
"8898",4295905141,"Tyson Foods Inc",154085663225,"2020-03-27","2020-03-27","2022-03-27","Term Loan A","Working Capital",NA,"Tyson Foods Inc",1.5e+09,4,"BofA Securities Inc","BOFA-SEC-INC","Co-Arranger",3.75e+08
"8899",4295905141,"Tyson Foods Inc",154087124346,"2021-03-22","2021-03-22","2023-03-22","Term Loan","Refinancing","Bullet","Tyson Foods Inc",5e+08,1,"JP Morgan & Co Inc","JPM","Co-Arranger",5e+08
"8900",4295905141,"Tyson Foods Inc",154087307800,"2021-09-18","2021-09-30","2026-09-30","Revolving Credit Facility","General Corporate Purpose",NA,"Tyson Foods Inc",2.25e+09,3,"BofA Securities Inc","BOFA-SEC-INC","Co-Arranger",7.5e+08
"8901",4295905141,"Tyson Foods Inc",154087988510,"2023-05-03","2023-05-03","2028-05-03","Delayed Draw Term Loan","Working Capital",NA,"Tyson Foods Inc",1.75e+09,2,"NatWest","NATWEST-GRP","Co-Arranger",8.75e+08
"8902",4295905141,"Tyson Foods Inc",154087988511,"2023-05-03","2023-05-03","2026-05-03","Term Loan","Refinancing",NA,"Tyson Foods Inc",1.75e+09,2,"Cooperatieve Rabobank UA","RABOBANK","Co-Arranger",8.75e+08
"8903",4295905141,"Tyson Foods Inc",154088541122,"2024-06-26","2024-06-26","2026-05-03","Term Loan","General Corporate Purpose",NA,"Tyson Foods Inc",7.5e+08,1,"Societe Generale SA","SOC-GEN","Co-Arranger",7.5e+08
"8904",4295905141,"Tyson Foods Inc",154088877035,"2025-04-15","2025-04-15","2030-04-15","Revolving Credit Facility","Refinancing",NA,"Tyson Foods Inc",2.5e+09,3,"Scotiabank","SCOTIABANK","Participant",833333333.333333
"8905",4295905141,"Tyson Foods Inc",154089204223,"2025-12-12","2025-12-12","2028-12-12","Revolving Credit Facility","Refinance/Retiring Bank Debt",NA,"Tyson Foods Inc",7.5e+08,1,"Mitsubishi UFJ Financial Group","MITSUBISHI-UFJ","Participant",7.5e+08
"9507",4295859830,"Marfrig Global Foods SA",154083492367,"2011-05-28","2011-06-30","2015-12-29","Term Loan","Export/Import Financing",NA,"Marfrig Alimentos SA",2.25e+08,17,"ING","ING","Agent",3.5e+07
"9508",4295859830,"Marfrig Global Foods SA",154083551140,"2009-09-05",NA,"2014-09-05","Term Loan","General Corporate Purpose",NA,"MMS Participacoes SA",1e+08,16,"Deutsche Bank","DEUTSCHE-BANK","Agent",5.5e+07
"9509",4295859830,"Marfrig Global Foods SA",154083572103,"2013-11-27","2013-11-27","2018-12-01","Term Loan","General Corporate Purpose",NA,"Marfrig Alimentos SA",6900000,16,"Scotiabank","SCOTIABANK","Co-Arranger",3.5e+07
"9510",4295859830,"Marfrig Global Foods SA",154083572104,"2013-11-27","2013-11-27","2016-11-27","Revolving Credit Facility","General Corporate Purpose",NA,"Marfrig Alimentos SA",6900000,17,"Corporacion Andina de Fomento","CAF","Co-Arranger",5e+07
"9511",4295859830,"Marfrig Global Foods SA",154083578981,"2013-03-25","2013-03-25","2018-03-29","Revolving Credit Facility","General Corporate Purpose",NA,"Marfrig Alimentos SA",6e+08,4,"NatWest","NATWEST-GRP","Co-Arranger",2.5e+07
"9512",4295859830,"Marfrig Global Foods SA",154083578982,"2013-03-25","2013-03-25","2020-03-29","Term Loan A","General Corporate Purpose",NA,"Marfrig Alimentos SA",6e+08,6,"Banco Latinoamericano de Comercio Exterior SA{BLADEX}","BLADEX1","Manager",2.5e+07
"9513",4295859830,"Marfrig Global Foods SA",154083626147,"2015-12-11","2015-12-11","2020-12-11","Revolving Credit Facility","General Corporate Purpose",NA,"MMS Participacoes SA",9e+08,15,"UBS","UBS-BANK","Agent",6e+07
"9514",4295859830,"Marfrig Global Foods SA",154083632055,"2015-12-11","2015-12-11","2020-12-11","Term Loan","General Corporate Purpose",NA,"MMS Participacoes SA",9e+08,12,"PNC Financial Services Group Inc","PNC-FINANCIAL","Administration Agent",2940000
"9515",4295859830,"Marfrig Global Foods SA",154085135455,"2018-06-05","2018-06-05","2019-06-05","Bridge Loan","Acquisition Finance",NA,"MMS Participacoes SA",9e+08,3,"Fulton Bank NA","FULTON-BK","Participant",1960000
"9516",4295859830,"Marfrig Global Foods SA",154085136162,"2018-05-15","2018-05-15","2022-05-15","Term Loan","Proceed To Shareholders",NA,"MMS Participacoes SA",1e+08,2,"PNC Financial Services Group Inc","PNC-FINANCIAL","Administration Agent",1200000
"9517",4295859830,"Marfrig Global Foods SA",154086821424,"2020-06-26","2020-06-26","2023-06-26","Term Loan","General Corporate Purpose",NA,"MMS Participacoes SA",5e+08,2,"Fulton Bank NA","FULTON-BK","Participant",8e+05
"9518",4295859830,"Marfrig Global Foods SA",154087049559,"2021-01-11","2021-01-11","2023-12-26","Term Loan","General Corporate Purpose",NA,"MMS Participacoes SA",437500000,1,"Cooperatieve Rabobank UA","RABOBANK","Administration Agent",437500000
"9519",4295859830,"Marfrig Global Foods SA",154089204189,"2025-09-22","2025-09-22","2027-09-22","Term Loan","General Corporate Purpose",NA,"MMS Participacoes SA",149745432.764301,1,"ING","ING","Syndication Agent",149745432.764301
"9619",4296818456,"Groupe Lactalis SA",154083471471,"2006-01-19","2006-06-26","2013-07-06","Revolving Credit Facility","Acquisition Finance",NA,"BSA SAS",3398492076.47866,19,"BNP Paribas SA","BNP-PARIBAS","Arranger",178868004.025193
"9620",4296818456,"Groupe Lactalis SA",154083474089,"2006-01-19","2006-06-26","2013-07-06","Term Loan","Refinancing","Amortizing","BSA SAS",3398492076.47866,21,"Societe Generale SA","SOC-GEN","Arranger",161832956.022793
"9621",4296818456,"Groupe Lactalis SA",154083474387,"2006-01-19","2006-06-26","2013-07-06","Term Loan","Acquisition Finance","Amortizing","BSA SAS",3398492076.47866,16,"Credit Agricole Corporate & Investment Bank","CREDIT-AGRI-CIB","Arranger",212405754.779916
"9622",4296818456,"Groupe Lactalis SA",154083491668,"2011-07-08","2012-12-06","2014-01-15","Term Loan","Refinancing",NA,"BSA SAS",9725229839.59854,21,"Caisse Federale de Credit Mutuel SA","FED-CRED-MUTUEL","Arranger",463106182.838026
"9623",4296818456,"Groupe Lactalis SA",154083494201,"2011-04-25","2011-04-25","2013-07-15","Term Loan","Acquisition Finance",NA,"BSA SAS",10934219734.0798,14,"BNP Paribas SA","BNP-PARIBAS","Arranger",781015695.291414
"9624",4296818456,"Groupe Lactalis SA",154083494202,"2011-04-25","2011-04-25","2014-07-15","Term Loan","Refinancing",NA,"BSA SAS",10934219734.0798,15,"HSBC Holdings PLC","SAM-CAPEL-HSBC","Arranger",728947982.271987
"9625",4296818456,"Groupe Lactalis SA",154083502695,"2010-11-23","2010-11-23","2013-11-23","Term Loan","General Corporate Purpose","Bullet","BSA SAS",1203385524.60923,16,"ING","ING","Arranger",75211595.2880769
"9626",4296818456,"Groupe Lactalis SA",154083502696,"2010-11-23","2010-11-23","2013-11-23","Revolving Credit Facility","Refinancing","Amortizing","BSA SAS",1203385524.60923,16,"Natixis","NATIXIS","Arranger",75211595.2880769
"9627",4296818456,"Groupe Lactalis SA",154083518715,"2011-04-25","2011-04-25","2016-07-15","Term Loan","Acquisition Finance",NA,"BSA SAS",10934219734.0798,16,"Cooperatieve Rabobank UA","RABOBANK","Arranger",683388733.379987
"9628",4296818456,"Groupe Lactalis SA",154083518983,"2011-04-25","2011-04-25","2016-07-15","Revolving Credit Facility","Acquisition Finance",NA,"BSA SAS",10934219734.0798,16,"UniCredit","UNICREDIT-SPA","Arranger",683388733.379987
"9629",4296818456,"Groupe Lactalis SA",154083521271,"2007-06-27","2007-07-24","2013-07-24","Term Loan","General Corporate Purpose",NA,"BSA SAS",3897714546.43494,17,"Banco Bilbao Vizcaya Argentaria SA","BBVA","Arranger",229277326.260879
"9630",4296818456,"Groupe Lactalis SA",154083521515,"2007-06-27","2007-07-24","2013-07-24","Term Loan","Acquisition Finance",NA,"BSA SAS",3897714546.43494,17,"Commerzbank AG","COMMERZBANK","Arranger",229277326.260879
"9631",4296818456,"Groupe Lactalis SA",154083521516,"2007-06-27","2007-07-24","2013-07-24","Revolving Credit Facility","Refinancing",NA,"BSA SAS",3897714546.43494,14,"KBC Group NV","KBC-GROUP","Arranger",278408181.88821
"9632",4296818456,"Groupe Lactalis SA",154083529762,"2010-11-23","2010-11-23","2013-11-23","Term Loan","General Corporate Purpose","Bullet","BSA SAS",1203385524.60923,15,"Mediobanca-Banca di Credito Finanziario SpA","MEDIOBANCA","Arranger",80225701.6406153
"9633",4296818456,"Groupe Lactalis SA",154083533295,"2011-04-25","2011-04-25","2012-07-15","Term Loan","Acquisition Finance",NA,"BSA SAS",10934219734.0798,16,"NatWest","NATWEST-GRP","Arranger",683388733.379987
"9634",4296818456,"Groupe Lactalis SA",154083557336,"2011-07-08","2012-12-06","2014-01-15","Term Loan","Refinancing",NA,"BSA SAS",9725229839.59854,17,"IMI - Intesa Sanpaolo","INTESA-SAN","Arranger",572072343.505796
"9635",4296818456,"Groupe Lactalis SA",154083557337,"2011-07-08","2012-12-06","2015-04-01","Term Loan","Acquisition Finance",NA,"BSA SAS",9725229839.59854,16,"UniCredit","UNICREDIT-SPA","Arranger",607826864.974909
"9636",4296818456,"Groupe Lactalis SA",154083557338,"2011-07-08","2012-12-06","2016-04-25","Term Loan","Acquisition Finance",NA,"BSA SAS",9725229839.59854,12,"Portigon AG","PORTIGON","Arranger",810435819.966545
"9637",4296818456,"Groupe Lactalis SA",154083557339,"2011-07-08","2012-12-06","2016-04-25","Revolving Credit Facility","Refinance/Retiring Bank Debt",NA,"BSA SAS",9725229839.59854,16,"Santander Corporate & Investment Banking","SANTANDER-GBM","Co-Arranger",607826864.974909
"9638",4296818456,"Groupe Lactalis SA",154083565787,"2013-09-06","2013-09-06","2018-09-06","Term Loan","Refinance/Retiring Bank Debt","Amortizing","BSA SAS",5910804185.66646,19,"BNP Paribas SA","BNP-PARIBAS","Arranger",311094957.14034
"9639",4296818456,"Groupe Lactalis SA",154083565788,"2013-09-06","2013-09-06","2018-09-06","Revolving Credit Facility","Refinance/Retiring Bank Debt",NA,"BSA SAS",5910804185.66646,3,"Societe Generale SA","SOC-GEN","Arranger",1970268061.88882
"9640",4296818456,"Groupe Lactalis SA",154083595201,"2015-07-21","2015-07-21","2020-07-21","Term Loan","General Corporate Purpose",NA,"BSA SAS",6060353571.17214,17,"Credit Agricole Corporate & Investment Bank","CREDIT-AGRI-CIB","Arranger",356491386.539538
"9641",4296818456,"Groupe Lactalis SA",154083595202,"2015-07-21","2015-07-21","2020-07-21","Term Loan","Acquisition Finance",NA,"BSA SAS",6060353571.17214,12,"Caisse Federale de Credit Mutuel SA","FED-CRED-MUTUEL","Arranger",505029464.264345
"9642",4296818456,"Groupe Lactalis SA",154083601789,"2015-07-21","2015-07-21","2020-07-21","Revolving Credit Facility","Refinancing",NA,"BSA SAS",6060353571.17214,14,"BNP Paribas SA","BNP-PARIBAS","Arranger",432882397.940867
"9643",4296818456,"Groupe Lactalis SA",154083618243,"2013-09-06","2013-09-06","2016-09-06","Term Loan","Acquisition Finance",NA,"BSA SAS",5910804185.66646,16,"HSBC Holdings PLC","SAM-CAPEL-HSBC","Arranger",369425261.604154
"9644",4296818456,"Groupe Lactalis SA",154083661089,"2015-07-21","2015-07-21","2020-07-21","Revolving Credit Facility","General Corporate Purpose",NA,"BSA SAS",6060353571.17214,19,"ING","ING","Arranger",318965977.430113
"9645",4296818456,"Groupe Lactalis SA",154085447151,"2019-07-02","2019-07-02","2021-07-02","Revolving Credit Facility","Refinancing",NA,"BSA SAS",496031746.031746,12,"Natixis","NATIXIS","Arranger",41335978.8359788
"9646",4296818456,"Groupe Lactalis SA",154085447152,"2019-07-02","2019-07-02","2022-07-02","Revolving Credit Facility","General Corporate Purpose",NA,"BSA SAS",496031746.031746,16,"Cooperatieve Rabobank UA","RABOBANK","Arranger",31001984.1269841
"9647",4296818456,"Groupe Lactalis SA",154085447153,"2019-07-02","2019-07-02","2024-07-02","Revolving Credit Facility","Refinancing",NA,"BSA SAS",496031746.031746,16,"UniCredit","UNICREDIT-SPA","Arranger",31001984.1269841
"9648",4296818456,"Groupe Lactalis SA",154086976006,"2020-09-15","2020-09-15","2023-09-15","Term Loan","General Corporate Purpose",NA,"BSA SAS",12437221643.1347,14,"Banco Bilbao Vizcaya Argentaria SA","BBVA","Arranger",888372974.509622
"9649",4296818456,"Groupe Lactalis SA",154086976007,"2020-09-15","2020-09-15","2024-09-15","Term Loan","Refinancing",NA,"BSA SAS",12437221643.1347,21,"Commerzbank AG","COMMERZBANK","Arranger",592248649.673081
"9650",4296818456,"Groupe Lactalis SA",154086976008,"2020-09-15","2020-09-15","2021-09-15","Bridge Loan","General Corporate Purpose",NA,"BSA SAS",12437221643.1347,15,"KBC Group NV","KBC-GROUP","Arranger",829148109.542313
"9651",4296818456,"Groupe Lactalis SA",154086976009,"2020-09-15","2020-09-15","2023-09-15","Revolving Credit Facility","Refinancing",NA,"BSA SAS",12437221643.1347,3,"Mediobanca-Banca di Credito Finanziario SpA","MEDIOBANCA","Arranger",4145740547.71157
"9652",4296818456,"Groupe Lactalis SA",154086976010,"2020-09-15","2020-09-15","2025-09-15","Term Loan","General Corporate Purpose",NA,"BSA SAS",12437221643.1347,17,"NatWest","NATWEST-GRP","Arranger",731601273.125571
"9653",4296818456,"Groupe Lactalis SA",154088424352,"2019-03-14","2019-03-14","2024-03-14","Term Loan","General Corporate Purpose",NA,"BSA SAS",3390596745.02712,1,"IMI - Intesa Sanpaolo","INTESA-SAN","Arranger",3390596745.02712
"9654",4296818456,"Groupe Lactalis SA",154088424396,"2024-03-07","2024-03-07","2025-09-07","Term Loan","General Corporate Purpose",NA,"BSA SAS",2079730291.819,3,"UniCredit","UNICREDIT-SPA","Arranger",693243430.606333
"10147",4295890634,"Nestle SA",154083348450,"1984-09-10","1984-09-10","1989-09-10","Revolving Credit Facility","General Corporate Purpose","Amortizing","Nestle SA",2.5e+09,27,"Citi","CITI","Facility Agent",92592592.5925926
"10148",4295890634,"Nestle SA",154083349555,"1984-12-01",NA,"1987-12-01","Note Issuance Facility (Nif)","Acquisition Finance","Amortizing","Nestle SA",1e+09,17,"JP Morgan & Co Inc","JPM","Lead Manager",58823529.4117647
"10149",4295890634,"Nestle SA",154083349556,"1984-12-01",NA,"1987-12-01","Note Issuance Facility (Nif)","General Corporate Purpose","Amortizing","Nestle SA",1e+09,12,"JP Morgan & Co Inc","JPM","Lead Manager",83333333.3333333
"10150",4295890634,"Nestle SA",154083352977,"1998-01-22","1998-01-22","2000-01-01","Term Loan","General Corporate Purpose",NA,"Nestle SA",11362086.988138,11,"Scotiabank","SCOTIABANK","Participant",1032916.99892164
"10151",4295890634,"Nestle SA",154083356447,"1999-07-10","1999-08-06","2000-08-04","Revolving Credit Facility","Working Capital","Bullet","Nestle SA",643859724.428038,5,"BofA Securities Inc","BOFA-SEC-INC","Participant",128771944.885608
"10152",4295890634,"Nestle SA",154083358223,"2000-01-01",NA,NA,"Revolving Credit Facility","Standby/CP Support","Bullet","Nestle SA",221539700.921404,27,"Deutsche Bank","DEUTSCHE-BANK","Participant",8205174.10820015
"10153",4295890634,"Nestle SA",154083360055,"1997-01-18","1997-01-18","2000-01-18","Term Loan","Leveraged Buyout",NA,"Nestle SA",5e+08,27,"JP Morgan & Co Inc","JPM","Participant",18518518.5185185
"10154",4295890634,"Nestle SA",154083369485,"1996-07-18","1996-07-18",NA,"Term Loan","Acquisition Finance",NA,"Nestle SA",5e+08,13,"UBS","UBS-BANK","Participant",38461538.4615385
"10155",4295890634,"Nestle SA",154083369999,"1993-04-30","1993-04-30",NA,"Term Loan","General Corporate Purpose",NA,"Nestle SA",1.2e+08,27,"Deutsche Bank","DEUTSCHE-BANK","Participant",4444444.44444444
"10156",4295890634,"Nestle SA",154083378396,"1992-07-09","1992-07-09","1993-07-09","Letter Of Credit","General Corporate Purpose",NA,"Nestle SA",10250000,39,"Commerzbank AG","COMMERZBANK","Participant",262820.512820513
"10157",4295890634,"Nestle SA",154083387392,"1995-08-17","1995-08-17","1998-08-17","Revolving Credit Facility","General Corporate Purpose",NA,"Nestle SA",3.5e+08,30,"UBS","UBS-BANK","Participant",11666666.6666667
"10158",4295890634,"Nestle SA",154083392974,"1997-04-12","1997-04-22","2002-04-22","Revolving Credit Facility","General Corporate Purpose",NA,"Nestle SA",3.5e+08,13,"JP Morgan & Co Inc","JPM","Participant",26923076.9230769
"10159",4295890634,"Nestle SA",154083398247,"1995-12-22","1995-12-22","1999-12-31","Revolving Credit Facility","General Corporate Purpose","Bullet","Nestle SA",1.75e+08,19,"NatWest","NATWEST-GRP","Participant",9210526.31578947
"10160",4295890634,"Nestle SA",154083398248,"1998-03-27","1998-03-27","2000-12-31","Revolving Credit Facility","Backup Facility","Bullet","Nestle SA",1.75e+08,17,"UBS","UBS-BANK","Participant",10294117.6470588
"10161",4295890634,"Nestle SA",154083408601,"2000-07-14","2000-07-14","2001-07-13","Revolving Credit Facility","Working Capital",NA,"Nestle SA",562862342.63307,17,"UBS","UBS-BANK","Participant",33109549.5666512
"10162",4295890634,"Nestle SA",154083411741,"2000-07-25","2000-07-25","2005-07-25","Revolving Credit Facility","Refinancing","Bullet","Nestle SA",2.4e+08,12,"UBS","UBS-BANK","Facility Agent",2e+07
"10163",4295890634,"Nestle SA",154083414471,"2001-01-01",NA,NA,"Revolving Credit Facility","Working Capital",NA,"Nestle SA",1.03e+10,15,"Arab Banking Corporation (ABC) Capital Markets Group","ABC","Lead Manager",686666666.666667
"10164",4295890634,"Nestle SA",154083415108,"2001-01-18","2001-01-18","2011-01-25","Term Loan","Refinancing","Bullet","Nestle SA",42405224.3236367,27,"NatWest","NATWEST-GRP","Lead Manager",1570563.8638384
"10165",4295890634,"Nestle SA",154083419315,"2001-06-15","2001-07-25","2002-07-24","Revolving Credit Facility","Refinancing","Bullet","Nestle SA",1761199024.29574,6,"NatWest","NATWEST-GRP","Lead Manager",293533170.715957
"10166",4295890634,"Nestle SA",154083419476,"2001-04-19","2001-04-19","2006-04-19","Revolving Credit Facility","Standby/CP Support",NA,"Nestle SA",2.4e+08,14,"Banque Arabe et Internationale d'Investissement{BAII}","BK-ARABE-I","Lead Manager",1.3e+07
"10167",4295890634,"Nestle SA",154083419578,"2001-06-15","2001-07-25","2002-07-24","Revolving Credit Facility","General Corporate Purpose","Bullet","Nestle SA",1761199024.29574,1,"Barclays","BARCLAYS-CAP","Lead Manager",8e+06
"10168",4295890634,"Nestle SA",154083427369,"2002-06-19","2002-07-24","2003-07-23","Revolving Credit Facility","Pay Fees And Expenses",NA,"Nestle SA",1990208175.77519,25,"ING","ING","Lead Manager",79608327.0310076
"10169",4295890634,"Nestle SA",154083427370,"2002-06-19","2002-07-24","2003-07-23","Revolving Credit Facility","Working Capital",NA,"Nestle SA",1990208175.77519,24,"Oddo BHF SCA","ODDO-BHF-SCA","Lead Manager",8e+06
"10170",4295890634,"Nestle SA",154083429351,"2002-09-05","2002-11-11","2007-11-11","Term Loan","Refinancing",NA,"Nestle SA",252599246.243849,13,"BNP Paribas SA","BNP-PARIBAS","Lead Manager",19430711.2495268
"10171",4295890634,"Nestle SA",154083429352,"2002-09-05","2002-11-11","2008-11-11","Term Loan","Acquisition Finance",NA,"Nestle SA",252599246.243849,12,"BMO Capital Markets","BMO-CAPITAL","Lead Manager",21049937.1869874
"10172",4295890634,"Nestle SA",154083429353,"2002-09-05","2002-11-11","2007-11-11","Revolving Credit Facility","General Corporate Purpose",NA,"Nestle SA",252599246.243849,16,"Bank of New York Mellon Corp","BNY-MELLON","Lead Manager",15787452.8902406
"10173",4295890634,"Nestle SA",154083431382,"2002-06-05","2002-08-22","2005-08-01","Term Loan","Refinancing","Bullet","Nestle SA",14409221.9020173,13,"Deutsche Bank","DEUTSCHE-BANK","Lead Manager",1108401.68477056
"10174",4295890634,"Nestle SA",154083440222,"2004-01-09","2004-01-09","2004-07-30","Term Loan","Refinancing",NA,"Nestle SA",2309054057.5211,6,"HSBC Holdings PLC","SAM-CAPEL-HSBC","Lead Manager",384842342.920183
"10175",4295890634,"Nestle SA",154083445846,"2004-08-06",NA,"2005-08-05","Term Loan","General Corporate Purpose",NA,"Nestle SA",1472754050.07364,14,"CIBC World Markets Inc","CIBC-WORLD","Lead Manager",105196717.862403
"10176",4295890634,"Nestle SA",154083448046,"2004-06-11","2004-07-09","2009-07-09","Revolving Credit Facility","Acquisition Finance",NA,"Nestle SA",2482806564.54056,27,"Credit Agricole Corporate & Investment Bank","CREDIT-AGRI-CIB","Lead Manager",91955798.6866874
"10177",4295890634,"Nestle SA",154083448131,"2003-07-08","2003-07-22","2004-07-20","Revolving Credit Facility","Refinancing",NA,"Nestle SA",2265210891.13396,25,"Commerzbank AG","COMMERZBANK","Lead Manager",90608435.6453584
"10178",4295890634,"Nestle SA",154083448631,"2004-08-13","2004-09-02","2005-09-01","Revolving Credit Facility","Standby/CP Support",NA,"Nestle SA",1460884809.23279,9,"UBS","UBS-BANK","Lead Manager",162320534.359199
"10179",4295890634,"Nestle SA",154083459610,"2005-07-15","2005-08-05","2010-08-05","Term Loan","Standby/CP Support",NA,"Nestle SA",3955207277.58139,21,"Deutsche Bank","DEUTSCHE-BANK","Lead Manager",188343203.694352
"10180",4295890634,"Nestle SA",154083462216,"2005-07-15","2005-08-05","2012-08-05","Revolving Credit Facility","Refinance/Retiring Bank Debt",NA,"Nestle SA",3955207277.58139,1,"Mizuho Financial Group","MIZUHO-FINAN","Lead Manager",3955207277.58139
"10181",4295890634,"Nestle SA",154083469670,"2006-02-02",NA,"2014-02-02","Term Loan B","Future Acquisitions",NA,"Nestle SA",997988357.395902,26,"Wells Fargo & Co","WF","Lead Manager",38384167.5921501
"10182",4295890634,"Nestle SA",154083469671,"2006-02-02",NA,"2015-02-02","Term Loan C","Refinancing",NA,"Nestle SA",997988357.395902,26,"Mizuho Financial Group","MIZUHO-FINAN","Lead Manager",38384167.5921501
"10183",4295890634,"Nestle SA",154083469672,"2006-02-02",NA,"2013-02-02","Revolving Credit Facility","Refinance/Retiring Bank Debt",NA,"Nestle SA",997988357.395902,12,"BNP Paribas SA","BNP-PARIBAS","Lead Manager",83165696.4496585
"10184",4295890634,"Nestle SA",154083469673,"2006-02-02",NA,"2015-08-02","Second Lien Term Loan","Future Acquisitions",NA,"Nestle SA",997988357.395902,39,"Gulf International Bank","GULF","Lead Manager",25589445.0614334
"10185",4295890634,"Nestle SA",154083469674,"2006-02-02",NA,"2016-02-02","Mezzanine Debt","Refinancing",NA,"Nestle SA",997988357.395902,12,"Credit Agricole Corporate & Investment Bank","CREDIT-AGRI-CIB","Lead Manager",83165696.4496585
"10186",4295890634,"Nestle SA",154083469907,"2006-02-02",NA,"2013-02-02","Term Loan A","Refinance/Retiring Bank Debt",NA,"Nestle SA",997988357.395902,8,"KBC Group NV","KBC-GROUP","Lead Manager",124748544.674488
"10187",4295890634,"Nestle SA",154083470986,"2006-02-16","2006-02-16","2011-02-16","Revolving Credit Facility","Future Acquisitions",NA,"Nestle SA",1784100099.90961,1,"Lloyds Bank","LLOYDS-PLC","Lead Manager",1.3e+07
"10188",4295890634,"Nestle SA",154083500998,"2012-06-28","2012-07-04","2013-07-04","Revolving Credit Facility","Refinancing",NA,"Nestle SA",8.5e+09,12,"SBI Holdings Inc","SBI-HOL","Lead Manager",1.3e+07
"10189",4295890634,"Nestle SA",154083502370,"2009-08-01","2009-11-13","2010-11-12","Revolving Credit Facility","Capital Expenditures",NA,"Nestle SA",9694113436.04122,23,"HSBC Holdings PLC","SAM-CAPEL-HSBC","Lead Manager",421483192.871357
"10190",4295890634,"Nestle SA",154083504001,"2011-09-21","2011-10-07","2012-10-05","Revolving Credit Facility","Refinancing",NA,"Nestle SA",6018778589.1983,5,"Mitsubishi UFJ Financial Group","MITSUBISHI-UFJ","Lead Manager",1203755717.83966
"10191",4295890634,"Nestle SA",154083507246,"2007-03-08","2007-03-08","2012-03-08","Revolving Credit Facility","General Corporate Purpose",NA,"Nestle SA",1969356808.06649,13,"Sumitomo Mitsui Financial Group Inc","SUM-MIT-FIN-GRP","Lead Manager",8e+06
"10192",4295890634,"Nestle SA",154083515988,"2010-10-15","2010-11-10","2015-11-10","Revolving Credit Facility","General Corporate Purpose",NA,"Nestle SA",6891038893.02351,24,"NatWest","NATWEST-GRP","Lead Manager",287126620.542646
"10193",4295890634,"Nestle SA",154083536680,"2007-11-02","2007-11-16","2008-11-14","Revolving Credit Facility","General Corporate Purpose",NA,"Nestle SA",8794172395.09285,17,"BNP Paribas SA","BNP-PARIBAS","Lead Manager",517304258.534873
"10194",4295890634,"Nestle SA",154083544307,"2008-11-14","2008-11-14","2009-11-13","Revolving Credit Facility","Backup Facility",NA,"Nestle SA",6315523556.90287,6,"Mitsubishi UFJ Financial Group","MITSUBISHI-UFJ","Lead Manager",1052587259.48381
"10195",4295890634,"Nestle SA",154083557755,"2012-07-01","2012-08-01","2017-08-01","Term Loan","Refinancing",NA,"Nestle SA",161993704.311814,27,"BofA Securities Inc","BOFA-SEC-INC","Lead Manager",5999766.82636348
"10196",4295890634,"Nestle SA",154083558016,"2012-07-01","2012-08-01","2017-08-01","Term Loan","Backup Facility",NA,"Nestle SA",161993704.311814,3,"Societe Generale SA","SOC-GEN","Lead Manager",1.3e+07
"10197",4295890634,"Nestle SA",154083558017,"2012-07-01","2012-08-01","2017-08-01","Term Loan","Refinancing",NA,"Nestle SA",161993704.311814,9,"Sumitomo Mitsui Financial Group Inc","SUM-MIT-FIN-GRP","Lead Manager",17999300.4790904
"10198",4295890634,"Nestle SA",154083558018,"2012-07-01","2012-08-01","2017-08-01","Revolving Credit Facility","General Corporate Purpose",NA,"Nestle SA",161993704.311814,14,"TD Securities Inc","TD-SECURITIES","Lead Manager",11570978.8794153
"10199",4295890634,"Nestle SA",154083558179,"2012-09-15","2012-10-02","2013-10-02","Revolving Credit Facility","Refinance/Retiring Bank Debt",NA,"Nestle SA",6328136388.8853,18,"Sumitomo Mitsui Financial Group Inc","SUM-MIT-FIN-GRP","Lead Manager",351563132.71585
"10200",4295890634,"Nestle SA",154083565029,"2013-09-09","2013-10-01","2014-09-30","364 Day Revolver","Refinance/Retiring Bank Debt",NA,"Nestle SA",13523930595.1882,6,"Mitsubishi UFJ Financial Group","MITSUBISHI-UFJ","Lead Manager",2253988432.53137
"10201",4295890634,"Nestle SA",154083565031,"2013-09-09","2013-10-01","2014-09-30","364 Day Revolver","Sponsored Buyout",NA,"Nestle SA",13523930595.1882,23,"UBS","UBS-BANK","Facility Agent",587996982.399487
"10202",4295890634,"Nestle SA",154083566935,"2012-09-15","2012-10-02","2013-10-02","Revolving Credit Facility","Leveraged Buyout",NA,"Nestle SA",6328136388.8853,4,"Arab Banking Corporation (ABC) Capital Markets Group","ABC","Lead Manager",1582034097.22132
"10203",4295890634,"Nestle SA",154083583535,"2013-09-09","2013-10-01","2018-09-30","Revolving Credit Facility","Secondary",NA,"Nestle SA",13523930595.1882,6,"NatWest","NATWEST-GRP","Lead Manager",2253988432.53137
"10204",4295890634,"Nestle SA",154083583536,"2013-09-09","2013-10-01","2018-09-30","Revolving Credit Facility","Sponsored Buyout",NA,"Nestle SA",13523930595.1882,4,"NatWest","NATWEST-GRP","Lead Manager",3380982648.79705
"10205",4295890634,"Nestle SA",154083593792,"2015-10-22","2015-10-22","2016-10-21","364 Day Revolver","Leveraged Buyout",NA,"Nestle SA",7345978057.55156,12,"Banque Arabe et Internationale d'Investissement{BAII}","BK-ARABE-I","Lead Manager",1.3e+07
"10206",4295890634,"Nestle SA",154083602460,"2015-10-22","2015-10-22","2016-10-22","Revolving Credit Facility","Secondary",NA,"Nestle SA",7345978057.55156,27,"Barclays","BARCLAYS-CAP","Lead Manager",8e+06
"10207",4295890634,"Nestle SA",154083606805,"2014-10-23","2014-10-29","2015-10-29","Revolving Credit Facility","Sponsored Buyout",NA,"Nestle SA",7578628268.28344,25,"ING","ING","Lead Manager",303145130.731338
"10208",4295890634,"Nestle SA",154083614265,"2016-09-02","2016-09-28","2023-09-28","Term Loan B","Leveraged Buyout",NA,"Nestle SA",1143831161.54933,5,"Oddo BHF SCA","ODDO-BHF-SCA","Lead Manager",8e+06
"10209",4295890634,"Nestle SA",154083621525,"2016-10-19","2016-10-19","2021-10-19","Revolving Credit Facility","Secondary",NA,"Nestle SA",11664252918.0062,6,"BNP Paribas SA","BNP-PARIBAS","Lead Manager",1944042153.00103
"10210",4295890634,"Nestle SA",154083621526,"2016-10-19","2016-10-19","2021-10-19","Revolving Credit Facility","Sponsored Buyout",NA,"Nestle SA",11664252918.0062,13,"BMO Capital Markets","BMO-CAPITAL","Lead Manager",897250224.462015
"10211",4295890634,"Nestle SA",154083623067,"2016-09-02","2016-09-28","2023-09-28","Term Loan B","Leveraged Buyout",NA,"Nestle SA",1143831161.54933,12,"Bank of New York Mellon Corp","BNY-MELLON","Lead Manager",95319263.4624442
"10212",4295890634,"Nestle SA",154083623068,"2016-09-02","2016-09-28","2022-09-28","Revolving Credit Facility","Secondary",NA,"Nestle SA",1143831161.54933,5,"Deutsche Bank","DEUTSCHE-BANK","Lead Manager",228766232.309866
"10213",4295890634,"Nestle SA",154083632000,"2016-10-19","2016-10-19","2019-10-19","Revolving Credit Facility","Sponsored Buyout",NA,"Nestle SA",11664252918.0062,24,"HSBC Holdings PLC","SAM-CAPEL-HSBC","Lead Manager",486010538.250258
"10214",4295890634,"Nestle SA",154083632010,"2016-10-19","2016-10-19","2019-10-19","Revolving Credit Facility","Leveraged Buyout",NA,"Nestle SA",11664252918.0062,5,"CIBC World Markets Inc","CIBC-WORLD","Lead Manager",2332850583.60124
"10215",4295890634,"Nestle SA",154083646787,"2017-10-12","2017-10-12","2022-10-19","Revolving Credit Facility","Secondary",NA,"Nestle SA",5156128415.62374,1,"Credit Agricole Corporate & Investment Bank","CREDIT-AGRI-CIB","Lead Manager",5156128415.62374
"10216",4295890634,"Nestle SA",154083646788,"2017-10-12","2017-10-12","2022-10-19","Revolving Credit Facility","Sponsored Buyout",NA,"Nestle SA",5156128415.62374,14,"Commerzbank AG","COMMERZBANK","Lead Manager",368294886.830267
"10217",4295890634,"Nestle SA",154083649310,"2017-10-12","2017-10-12","2018-10-12","Revolving Credit Facility","Leveraged Buyout",NA,"Nestle SA",7688849984.6223,14,"UBS","UBS-BANK","Lead Manager",549203570.330164
"10218",4295890634,"Nestle SA",154083677377,"2018-01-09","2018-01-26","2025-01-26","Term Loan B","Secondary",NA,"Nestle SA",2247312010.48462,9,"Deutsche Bank","DEUTSCHE-BANK","Lead Manager",249701334.498291
"10219",4295890634,"Nestle SA",154083677378,"2018-01-09","2018-01-26","2024-01-26","Revolving Credit Facility","General Corporate Purpose",NA,"Nestle SA",2247312010.48462,3,"Mizuho Financial Group","MIZUHO-FINAN","Lead Manager",749104003.494873
"10220",4295890634,"Nestle SA",154083677379,"2018-01-09","2018-01-26","2025-01-26","Term Loan B","General Corporate Purpose",NA,"Nestle SA",2247312010.48462,6,"Wells Fargo & Co","WF","Lead Manager",374552001.747437
"10221",4295890634,"Nestle SA",154085060989,"2018-01-09","2018-01-26","2025-01-26","Term Loan B","Acquisition Finance",NA,"Nestle SA",2247312010.48462,23,"Mizuho Financial Group","MIZUHO-FINAN","Lead Manager",97709217.8471574
"10222",4295890634,"Nestle SA",154085214260,"2018-10-04","2018-10-04","2019-11-04","Revolving Credit Facility","General Corporate Purpose",NA,"Nestle SA",7483478781.45939,9,"BNP Paribas SA","BNP-PARIBAS","Lead Manager",831497642.384377
"10223",4295890634,"Nestle SA",154085407838,"2019-06-17","2019-06-26","2024-01-26","Revolving Credit Facility","Refinance/Retiring Bank Debt",NA,"Nestle SA",392196985.198827,30,"Gulf International Bank","GULF","Lead Manager",13073232.8399609
"10224",4295890634,"Nestle SA",154085407839,"2019-06-17","2019-06-26","2025-01-26","Term Loan B","General Corporate Purpose",NA,"Nestle SA",392196985.198827,9,"Credit Agricole Corporate & Investment Bank","CREDIT-AGRI-CIB","Lead Manager",43577442.7998697
"10225",4295890634,"Nestle SA",154085581118,"2020-01-15","2020-01-29","2026-07-29","Revolving Credit Facility","Refinancing",NA,"Nestle SA",6245214124.51148,5,"KBC Group NV","KBC-GROUP","Lead Manager",1249042824.9023
"10226",4295890634,"Nestle SA",154085581119,"2020-01-15","2020-01-29","2028-01-29","Term Loan","General Corporate Purpose",NA,"Nestle SA",6245214124.51148,9,"Lloyds Bank","LLOYDS-PLC","Lead Manager",1.3e+07
"10227",4295890634,"Nestle SA",154085581120,"2020-01-15","2020-01-29","2027-01-29","Term Loan B","Refinancing",NA,"Nestle SA",6245214124.51148,3,"SBI Holdings Inc","SBI-HOL","Lead Manager",1.3e+07
"10228",4295890634,"Nestle SA",154085581122,"2020-01-15","2020-01-29","2027-01-29","Term Loan B","General Corporate Purpose",NA,"Nestle SA",6245214124.51148,9,"HSBC Holdings PLC","SAM-CAPEL-HSBC","Lead Manager",693912680.501276
"10229",4295890634,"Nestle SA",154085581123,"2020-01-15","2020-01-29","2028-01-29","Term Loan","General Corporate Purpose",NA,"Nestle SA",6245214124.51148,9,"Mitsubishi UFJ Financial Group","MITSUBISHI-UFJ","Lead Manager",693912680.501276
"10230",4295890634,"Nestle SA",154087100152,"2021-03-05","2021-03-31","2026-03-31","Revolving Credit Facility","Backup Facility",NA,"Nestle SA",2.9e+09,5,"Sumitomo Mitsui Financial Group Inc","SUM-MIT-FIN-GRP","Lead Manager",8e+06
"10231",4295890634,"Nestle SA",154087100153,"2021-03-05","2021-03-31","2028-03-31","Term Loan B","Sponsored Buyout","Amortizing","Nestle SA",2.9e+09,17,"NatWest","NATWEST-GRP","Lead Manager",170588235.294118
"10232",4295890634,"Nestle SA",154087115868,"2021-02-25","2021-02-25","2022-02-25","Bridge Loan","Leveraged Buyout",NA,"Nestle SA",6.7e+08,8,"BNP Paribas SA","BNP-PARIBAS","Lead Manager",83750000
"10233",4295890634,"Nestle SA",154087795101,"2022-10-12","2022-10-12","2023-10-11","364 Day Revolver","Working Capital",NA,"Nestle SA",6307617661.32945,1,"Mitsubishi UFJ Financial Group","MITSUBISHI-UFJ","Lead Manager",6307617661.32945
"10234",4295890634,"Nestle SA",154087795102,"2022-10-12","2022-10-12","2023-10-11","364 Day Revolver","Capital Expenditures",NA,"Nestle SA",6307617661.32945,15,"BofA Securities Inc","BOFA-SEC-INC","Lead Manager",420507844.08863
"10235",4295890634,"Nestle SA",154087795105,"2019-10-21","2019-10-21","2024-10-21","Revolving Credit Facility","Sponsored Buyout",NA,"Nestle SA",4929604691.08827,5,"Societe Generale SA","SOC-GEN","Lead Manager",1.3e+07
"10236",4295890634,"Nestle SA",154087795106,"2019-10-21","2019-10-21","2024-10-21","Revolving Credit Facility","Leveraged Buyout",NA,"Nestle SA",4929604691.08827,8,"Sumitomo Mitsui Financial Group Inc","SUM-MIT-FIN-GRP","Lead Manager",616200586.386034
"10237",4295890634,"Nestle SA",154087802590,"2021-11-18","2021-11-18","2025-11-18","Revolving Credit Facility","Working Capital",NA,"Nestle SA",4973812501.42113,9,"TD Securities Inc","TD-SECURITIES","Lead Manager",552645833.491237
"10238",4295890634,"Nestle SA",154087802591,"2021-11-18","2021-11-18","2025-11-18","Revolving Credit Facility","Capital Expenditures",NA,"Nestle SA",4973812501.42113,4,"Sumitomo Mitsui Financial Group Inc","SUM-MIT-FIN-GRP","Lead Manager",1243453125.35528
"10239",4295890634,"Nestle SA",154087802644,"2022-10-19","2022-10-19","2026-10-19","Revolving Credit Facility","Sponsored Buyout",NA,"Nestle SA",4654193699.67951,4,"Mitsubishi UFJ Financial Group","MITSUBISHI-UFJ","Lead Manager",1163548424.91988
"10240",4295890634,"Nestle SA",154087802645,"2022-10-19","2022-10-19","2026-10-19","Revolving Credit Facility","Leveraged Buyout",NA,"Nestle SA",4654193699.67951,23,"Deutsche Bank","DEUTSCHE-BANK","Participant",202356247.812153
"10241",4295890634,"Nestle SA",154088241498,"2023-10-02","2023-10-02","2024-11-02","Revolving Credit Facility","Working Capital",NA,"Nestle SA",6809420046.93262,1,"Habib Bank Ltd","HABIB","Participant",6809420046.93262
"10242",4295890634,"Nestle SA",154088241555,"2023-10-05","2023-10-05","2027-10-05","Revolving Credit Facility","Capital Expenditures",NA,"Nestle SA",4809593375.8768,5,"NatWest","NATWEST-GRP","Arranger",961918675.17536
"10243",4295890634,"Nestle SA",154088241556,"2023-10-05","2023-10-05","2027-10-05","Revolving Credit Facility","Sponsored Buyout",NA,"Nestle SA",4809593375.8768,6,"Citi","CITI","Facility Agent",801598895.979467
"10244",4295890634,"Nestle SA",154088259586,"2023-11-01","2023-11-16","2028-11-01","Term Loan B","Leveraged Buyout","Bullet","Islay New Group Holding SA",520799427.12063,1,"UBS","UBS-BANK","Co-Arranger",91964630.6391381
"10245",4295890634,"Nestle SA",154088364597,"2024-01-18","2024-01-18","2027-01-18","Term Loan","Working Capital",NA,"Nestle SA",4751962.76722994,6,"Deutsche Bank","DEUTSCHE-BANK","Co-Arranger",91964630.6391381
"10246",4295890634,"Nestle SA",154088383043,"2024-01-31","2024-01-31","2028-12-01","Term Loan B","Capital Expenditures",NA,"Islay New Group Holding SA",467241095.255354,1,"ING","ING","Co-Arranger",91964630.6391381
"10247",4295890634,"Nestle SA",154088383044,"2024-01-31","2024-01-31","2028-12-01","Term Loan B","General Corporate Purpose","Bullet","Islay New Group Holding SA",467241095.255354,4,"HSBC Holdings PLC","SAM-CAPEL-HSBC","Co-Arranger",91964630.6391381
"10248",4295890634,"Nestle SA",154088508627,"2024-05-30","2024-06-05","2028-12-06","Term Loan B","Refinance/Retiring Bank Debt",NA,"Islay New Group Holding SA",1.1e+09,8,"Societe Generale SA","SOC-GEN","Co-Arranger",91964630.6391381
"10249",4295890634,"Nestle SA",154088557423,"2022-04-12","2022-04-12","2029-04-12","Term Loan","General Corporate Purpose",NA,"Nestle SA",167803399.37209,3,"NatWest","NATWEST-GRP","Co-Arranger",91964630.6391381
"10250",4295890634,"Nestle SA",154088557424,"2022-04-12","2022-04-12","2029-04-12","Term Loan","General Corporate Purpose",NA,"Nestle SA",167803399.37209,1,"BNP Paribas SA","BNP-PARIBAS","Co-Arranger",91964630.6391381
"10251",4295890634,"Nestle SA",154088557425,"2022-04-12","2022-04-12","2028-04-12","Term Loan","General Corporate Purpose",NA,"Nestle SA",167803399.37209,5,"Nordea","NORDEA-BANK","Arranger",33560679.874418
"10252",4295890634,"Nestle SA",154088557426,"2022-04-12","2022-04-12","2028-04-12","Revolving Credit Facility","Refinance/Retiring Bank Debt",NA,"Nestle SA",167803399.37209,2,"Bikuben Girobank","BIKGIR","Arranger",83901699.686045
"10253",4295890634,"Nestle SA",154088557427,"2022-04-12","2022-04-12","2028-04-12","Term Loan","General Corporate Purpose",NA,"Nestle SA",167803399.37209,1,"Nordea","NORDEA-BANK","Arranger",167803399.37209
"10254",4295890634,"Nestle SA",154088557428,"2022-04-12","2022-04-12","2028-04-12","Term Loan","General Corporate Purpose",NA,"Nestle SA",167803399.37209,2,"NatWest","NATWEST-GRP","Arranger",83901699.686045
"10255",4295890634,"Nestle SA",154088610061,"2024-09-04","2024-09-18","2031-09-18","Term Loan B","General Corporate Purpose","Amortizing","Nestle SA",4998605799.16392,1,"Australia & New Zealand Banking Group Ltd","ANZ","Participant",4998605799.16392
"10256",4295890634,"Nestle SA",154088610062,"2024-09-04","2024-09-18","2031-09-17","Term Loan B","General Corporate Purpose","Amortizing","Nestle SA",4998605799.16392,1,"Deutsche Bank","DEUTSCHE-BANK","Participant",4998605799.16392
"10257",4295890634,"Nestle SA",154088688510,"2024-10-25","2024-10-25","2025-10-24","364 Day Revolver","General Corporate Purpose",NA,"Nestle SA",7015423137.9448,3,"Emirates NBD PJSC","EMIRATES-NBD","Participant",2338474379.31493
"10258",4295890634,"Nestle SA",154088688511,"2024-10-25","2024-10-25","2025-10-24","364 Day Revolver","Refinancing",NA,"Nestle SA",7015423137.9448,1,"HSBC Holdings PLC","SAM-CAPEL-HSBC","Participant",7015423137.9448
"10259",4295890634,"Nestle SA",154088688641,"2024-11-13","2024-11-13","2029-10-19","Revolving Credit Facility","General Corporate Purpose",NA,"Nestle SA",4812601668.95532,2,"Societe Generale SA","SOC-GEN","Participant",2406300834.47766
"10260",4295890634,"Nestle SA",154088688642,"2024-11-13","2024-11-13","2029-10-19","Revolving Credit Facility","General Corporate Purpose",NA,"Nestle SA",4812601668.95532,4,"MashreqBank PSC","MASHREQ","Participant",7.5e+07
"10261",4295890634,"Nestle SA",154088763153,"2025-01-13","2025-01-17","2028-12-06","Term Loan B","Refinancing","Amortizing","Islay New Group Holding SA",3579623508.14486,4,"Standard Chartered PLC","SCPLC","Participant",1e+08
"10262",4295890634,"Nestle SA",154088772910,"2025-01-13","2025-01-17","2028-12-01","Term Loan B","Refinancing","Bullet","Islay New Group Holding SA",3579623508.14486,1,"Societe Generale SA","SOC-GEN","Participant",1e+08
"10263",4295890634,"Nestle SA",154088839952,"2025-03-12","2025-03-24","2028-12-28","Term Loan B","General Corporate Purpose","Bullet","Islay New Group Holding SA",1476648795.29746,3,"NatWest","NATWEST-GRP","Arranger",1e+08
"10264",4295890634,"Nestle SA",154088998158,"2025-07-08","2025-08-01","2032-07-16","Term Loan B","General Corporate Purpose",NA,"Nestle SA",3658459443.96821,1,"Australia & New Zealand Banking Group Ltd","ANZ","Participant",1.25e+08
"10265",4295890634,"Nestle SA",154088998159,"2025-07-08","2025-08-01","2032-08-01","Term Loan B","General Corporate Purpose",NA,"Nestle SA",3658459443.96821,1,"BofA Securities Inc","BOFA-SEC-INC","Arranger",6.5e+07
"10266",4295890634,"Nestle SA",154089184551,"2025-11-16","2025-11-16","2026-11-16","Revolving Credit Facility","General Corporate Purpose",NA,"Nestle SA",15093999366.9692,2,"NatWest","NATWEST-GRP","Participant",5.5e+07
"10267",4295890634,"Nestle SA",154089184552,"2025-11-16","2025-11-16","2030-11-16","Revolving Credit Facility","General Corporate Purpose",NA,"Nestle SA",15093999366.9692,1,"NatWest","NATWEST-GRP","Facility Agent",15093999366.9692
"10268",4295890634,"Nestle SA",154089184553,"2025-11-16","2025-11-16","2026-11-16","Revolving Credit Facility","General Corporate Purpose",NA,"Nestle SA",15093999366.9692,13,"JP Morgan & Co Inc","JPM","Syndication Agent",1161076874.38225
"10269",4295890634,"Nestle SA",154089184554,"2025-11-16","2025-11-16","2030-11-16","Revolving Credit Facility","Dividend Recapitalization",NA,"Nestle SA",15093999366.9692,13,"Citi","CITI","Administration Agent",1161076874.38225
"10270",4295890634,"Nestle SA",154089236863,"2025-07-08","2025-08-01","2031-06-30","Revolving Credit Facility","General Corporate Purpose",NA,"Nestle SA",3658459443.96821,13,"JP Morgan & Co Inc","JPM","Administration Agent",281419957.228324
"10271",4295890634,"Nestle SA",154089255819,"2026-02-02",NA,"2031-12-06","Term Loan B","General Corporate Purpose","Amortizing","Islay New Group Holding SA",5529851044.59026,1,"Citi","CITI","Documentation Agent",5529851044.59026
"10272",4295890634,"Nestle SA",154089255894,"2026-02-02",NA,"2031-12-06","Term Loan B","Dividend Recapitalization","Bullet","Islay New Group Holding SA",5529851044.59026,2,"Mitsubishi UFJ Financial Group","MITSUBISHI-UFJ","Participant",2764925522.29513
"10273",4295890634,"Nestle SA",154089255895,"2026-02-02",NA,"2031-12-28","Term Loan B","General Corporate Purpose","Bullet","Islay New Group Holding SA",5529851044.59026,1,"BofA Securities Inc","BOFA-SEC-INC","Agent",6.5e+07
"10274",4295890634,"Nestle SA",154090092406,"2026-06-15","2026-06-19","2031-12-19","Term Loan B","Dividend Recapitalization","Amortizing","Islay New Group Holding SA",5548791143.09879,1,"NatWest","NATWEST-GRP","Co-Agent",6e+07
"10275",4295890634,"Nestle SA",154090099960,"2026-06-15","2026-06-19","2031-12-06","Term Loan B","General Corporate Purpose","Bullet","Islay New Group Holding SA",5548791143.09879,1,"UBS","UBS-BANK","Participant",3e+07
"10276",4295890634,"Nestle SA",154090099961,"2026-06-15","2026-06-19","2031-12-06","Term Loan B","Acquisition Finance","Bullet","Islay New Group Holding SA",5548791143.09879,1,"Mitsubishi UFJ Financial Group","MITSUBISHI-UFJ","Participant",2e+07
"10277",4295890634,"Nestle SA",154090099962,"2026-06-15","2026-06-19","2031-12-18","Term Loan","Acquisition Finance",NA,"Islay New Group Holding SA",5548791143.09879,1,"BofA Securities Inc","BOFA-SEC-INC","Agent",6.5e+07
"10278",4295890634,"Nestle SA",154090099963,"2026-06-15","2026-06-19","2031-12-18","Term Loan","General Corporate Purpose",NA,"Islay New Group Holding SA",5548791143.09879,1,"NatWest","NATWEST-GRP","Co-Agent",6e+07
"11573",4295867387,"Danone SA",154083346861,"1988-01-08","1988-01-08","1993-01-08","Multi Option Facility (MOF)","Acquisition Finance","Bullet","BSN SA",8e+08,26,"BNP Paribas SA","BNP-PARIBAS","Arranger",30769230.7692308
"11574",4295867387,"Danone SA",154083351601,"1997-12-01","1998-03-24","2005-03-24","Term Loan","Leveraged Buyout","Amortizing","Groupe Danone SA",391836734.693878,12,"Societe Generale SA","SOC-GEN","Arranger",32653061.2244898
"11575",4295867387,"Danone SA",154083352788,"1997-12-01","1998-03-24","2006-03-24","Revolving Credit Facility","Acquisition Finance","Bullet","Groupe Danone SA",391836734.693878,34,"BNP Paribas SA","BNP-PARIBAS","Agent",11524609.8439376
"11576",4295867387,"Danone SA",154083352796,"1997-12-01","1998-03-24","2006-03-24","Term Loan","Leveraged Buyout","Bullet","Groupe Danone SA",391836734.693878,32,"Credit Agricole Corporate & Investment Bank","CREDIT-AGRI-CIB","Facility Agent",12244897.9591837
"11577",4295867387,"Danone SA",154083356165,"1999-08-02","1999-08-02",NA,"Revolving Credit Facility","Acquisition Finance","Bullet","Groupe Danone SA",1715207245.30881,33,"BNP Paribas SA","BNP-PARIBAS","Facility Agent",51975977.13057
"11578",4295867387,"Danone SA",154083356751,"1999-07-30","1999-07-30","2007-01-01","Term Loan","Leveraged Buyout",NA,"Groupe Danone SA",881264792.274334,33,"Natixis","NATIXIS","Lead Manager",26704993.7052828
"11579",4295867387,"Danone SA",154083356752,"1999-07-30","1999-07-30","2008-01-01","Term Loan","Acquisition Finance",NA,"Groupe Danone SA",881264792.274334,32,"Groupe BPCE","BPCE","Lead Manager",27539524.7585729
"11580",4295867387,"Danone SA",154083356753,"1999-07-30","1999-07-30","2007-01-01","Revolving Credit Facility","General Corporate Purpose","Bullet","Groupe Danone SA",881264792.274334,34,"Societe Generale SA","SOC-GEN","Lead Manager",25919552.713951
"11581",4295867387,"Danone SA",154083356755,"1999-07-30","1999-07-30","2007-01-01","Revolving Credit Facility","Leveraged Buyout","Bullet","Groupe Danone SA",881264792.274334,8,"Natixis","NATIXIS","Lead Manager",110158099.034292
"11582",4295867387,"Danone SA",154083356759,"1999-07-30","1999-07-30","2007-01-01","Revolving Credit Facility","Leveraged Buyout","Bullet","Groupe Danone SA",881264792.274334,15,"Commerzbank AG","COMMERZBANK","Lead Manager",58750986.1516223
"11583",4295867387,"Danone SA",154083357319,"1999-10-01","2000-03-20","2010-11-01","Bridge Loan","Leveraged Buyout","Bullet","Cinven Group Ltd",1647343070.96126,34,"Deutsche Bank","DEUTSCHE-BANK","Lead Manager",48451266.7929782
"11584",4295867387,"Danone SA",154083357531,"1999-10-01","2000-03-20","2007-11-01","Term Loan","Leveraged Buyout","Bullet","Cinven Group Ltd",1647343070.96126,32,"Mizuho Financial Group","MIZUHO-FINAN","Lead Manager",51479470.9675394
"11585",4295867387,"Danone SA",154083357532,"1999-10-01","2000-03-20","2008-11-01","Term Loan","Leveraged Buyout","Bullet","Cinven Group Ltd",1647343070.96126,32,"Credit Agricole Corporate & Investment Bank","CREDIT-AGRI-CIB","Lead Manager",51479470.9675394
"11586",4295867387,"Danone SA",154083357533,"1999-10-01","2000-03-20","2007-11-01","Revolving Credit Facility","Capital Expenditures","Bullet","Cinven Group Ltd",1647343070.96126,2,"Mitsubishi UFJ Financial Group","MITSUBISHI-UFJ","Lead Manager",823671535.48063
"11587",4295867387,"Danone SA",154083357959,"2000-03-01",NA,"2001-01-01","Bridge Loan","Sponsored Buyout",NA,"Cinven Group Ltd",583037187.460338,13,"UniCredit","UNICREDIT-SPA","Lead Manager",44849014.420026
"11588",4295867387,"Danone SA",154083381146,"1989-06-01","1989-06-01",NA,"Term Loan","Leveraged Buyout","Amortizing","BSN SA",2.5e+09,8,"BNP Paribas SA","BNP-PARIBAS","Manager",312500000
"11589",4295867387,"Danone SA",154083408815,"1999-10-01","2000-03-20","2009-11-01","Term Loan","Acquisition Finance","Bullet","Cinven Group Ltd",1647343070.96126,10,"NatWest","NATWEST-GRP","Manager",164734307.096126
"11590",4295867387,"Danone SA",154083414774,"2001-04-18","2001-03-01","2009-10-17","Term Loan D","Sponsored Buyout","Bullet","Cinven Group Ltd",53808789.7385184,33,"Mitsubishi UFJ Financial Group","MITSUBISHI-UFJ","Manager",1630569.38601571
"11591",4295867387,"Danone SA",154083424707,"2001-11-20","2002-04-18","2009-05-02","Term Loan","Leveraged Buyout",NA,"Istituto Finanziario Industriale SpA",824178271.98774,8,"Banque Regionale d'Escompte et de Depots{BRED}","BRED","Manager",103022283.998468
"11592",4295867387,"Danone SA",154083424708,"2001-11-20","2002-04-18","2009-05-02","Term Loan","Acquisition Finance",NA,"Istituto Finanziario Industriale SpA",824178271.98774,34,"BofA Securities Inc","BOFA-SEC-INC","Manager",24240537.4114041
"11593",4295867387,"Danone SA",154083425578,"2001-11-20","2002-04-18","2010-05-02","Term Loan","Sponsored Buyout",NA,"Istituto Finanziario Industriale SpA",824178271.98774,26,"UBS","UBS-BANK","Manager",31699164.3072208
"11594",4295867387,"Danone SA",154083425579,"2001-11-20","2002-04-18","2011-05-02","Term Loan","Leveraged Buyout",NA,"Istituto Finanziario Industriale SpA",824178271.98774,33,"Mizuho Financial Group","MIZUHO-FINAN","Manager",24975099.1511436
"11595",4295867387,"Danone SA",154083425580,"2001-11-20","2002-04-18","2010-05-02","Mezzanine Debt","Acquisition Finance",NA,"Istituto Finanziario Industriale SpA",824178271.98774,18,"Mizuho Financial Group","MIZUHO-FINAN","Manager",45787681.7770967
"11596",4295867387,"Danone SA",154083425581,"2001-11-20","2002-04-18",NA,"Bridge Loan","Sponsored Buyout",NA,"Istituto Finanziario Industriale SpA",824178271.98774,12,"IMI - Intesa Sanpaolo","INTESA-SAN","Manager",68681522.665645
"11597",4295867387,"Danone SA",154083435134,"2003-03-05","2003-04-09","2008-04-01","Term Loan","Leveraged Buyout",NA,"Cinven Group Ltd",742280285.035629,34,"BNP Paribas SA","BNP-PARIBAS","Co-Manager",21831773.0892832
"11598",4295867387,"Danone SA",154083435394,"2003-03-05","2003-04-09","2008-04-01","Revolving Credit Facility","Acquisition Finance",NA,"Cinven Group Ltd",742280285.035629,11,"Santander Corporate & Investment Banking","SANTANDER-GBM","Co-Manager",67480025.9123299
"11599",4295867387,"Danone SA",154083436802,"2003-10-09","2003-11-14","2009-11-17","Term Loan","Leveraged Buyout",NA,"Suntory Ltd",5.5e+08,12,"ING","ING","Co-Manager",45833333.3333333
"11600",4295867387,"Danone SA",154083443101,"2003-10-09","2003-11-14","2009-11-17","Letter Of Credit","Acquisition Finance",NA,"Suntory Ltd",5.5e+08,32,"Caisse Federale de Credit Mutuel SA","FED-CRED-MUTUEL","Co-Manager",17187500
"11601",4295867387,"Danone SA",154083443955,"2003-10-09","2003-11-14","2008-11-17","Revolving Credit Facility","Acquisition Finance",NA,"Suntory Ltd",5.5e+08,13,"IMI - Intesa Sanpaolo","INTESA-SAN","Co-Manager",42307692.3076923
"11602",4295867387,"Danone SA",154083452589,"2004-09-20","2004-10-01","2009-10-01","Revolving Credit Facility","Sponsored Buyout",NA,"Suntory Ltd",4e+07,11,"HSBC Holdings PLC","SAM-CAPEL-HSBC","Co-Manager",3636363.63636364
"11603",4295867387,"Danone SA",154083514674,"2011-06-30","2011-06-30","2016-06-30","Term Loan","Leveraged Buyout",NA,"Danone SA",348098511.878862,15,"Citi","CITI","Co-Manager",23206567.4585908
"11604",4295867387,"Danone SA",154083514675,"2011-06-30","2011-06-30","2016-06-30","Capital Expenditure Facility","Acquisition Finance",NA,"Danone SA",348098511.878862,12,"Caisse Federale de Credit Mutuel SA","FED-CRED-MUTUEL","Co-Manager",29008209.3232385
"11605",4295867387,"Danone SA",154083518990,"2011-07-01","2011-07-29","2016-07-29","Revolving Credit Facility","General Corporate Purpose",NA,"Danone SA",2878981991.96764,12,"Societe Generale SA","SOC-GEN","Co-Manager",239915165.997303
"11606",4295867387,"Danone SA",154083524492,"2007-07-12","2007-07-12","2008-07-10","Term Loan","Restructuring",NA,"Groupe Danone SA",15171158248.9725,5,"Deutsche Bank","DEUTSCHE-BANK","Arranger",3034231649.7945
"11607",4295867387,"Danone SA",154083536946,"2007-11-09","2007-12-07","2010-12-07","Revolving Credit Facility","Sponsored Buyout","Bullet","Groupe Danone SA",5862008324.05182,8,"Citi","CITI","Arranger",732751040.506477
"11608",4295867387,"Danone SA",154083549040,"2007-11-09","2007-12-07","2012-12-07","Revolving Credit Facility","Leveraged Buyout","Bullet","Groupe Danone SA",5862008324.05182,2,"Sumitomo Mitsui Financial Group Inc","SUM-MIT-FIN-GRP","Manager",2931004162.02591
"11609",4295867387,"Danone SA",154083608545,"2014-12-18","2014-12-18","2019-12-18","Revolving Credit Facility","Sponsored Buyout",NA,"Danone SA",2457002457.00246,12,"KBC Group NV","KBC-GROUP","Manager",204750204.750205
"11610",4295867387,"Danone SA",154083629052,"2016-07-27","2016-07-27","2019-07-27","Term Loan","Leveraged Buyout",NA,"Danone SA",1.31e+10,8,"IMI - Intesa Sanpaolo","INTESA-SAN","Manager",1637500000
"11611",4295867387,"Danone SA",154083629053,"2016-07-27","2016-07-27","2017-07-27","Bridge Loan","Sponsored Buyout",NA,"Danone SA",1.31e+10,1,"IKB Deutsche Industriebank","IKB-DEUTSCHE","Manager",1.31e+10
"11612",4295867387,"Danone SA",154084987023,"2018-02-12","2018-02-12","2023-12-18","Revolving Credit Facility","Leveraged Buyout",NA,"Danone SA",2458210422.81219,12,"Banca Popolare Italiana","BANCA-POP-ITAL","Manager",204850868.567683
"11613",4295867387,"Danone SA",154088366961,"2024-01-15","2024-01-15","2029-01-15","Revolving Credit Facility","Sponsored Buyout",NA,"Danone SA",2189597223.59072,1,"UniCredit","UNICREDIT-SPA","Manager",2189597223.59072
"12328",4295869217,"Bayer AG",154083356347,"1999-09-30","1999-09-30","2006-09-01","Term Loan","Acquisition Finance",NA,"Stallergenes SA",16284678.4436066,11,"Banque Hervet SA","BANQUE-HERVET","Co-Arranger",1480425.31305515
"12329",4295869217,"Bayer AG",154083407945,"2000-06-01","2000-06-19","2007-06-19","Term Loan","General Corporate Purpose",NA,"Takeda Pharmaceutical Co Ltd",47223271.6282584,11,"BNP Paribas SA","BNP-PARIBAS","Co-Arranger",4293024.69347804
"12330",4295869217,"Bayer AG",154083407946,"2000-07-01","2000-07-11","2007-07-11","Term Loan","General Corporate Purpose","Bullet","Takeda Pharmaceutical Co Ltd",93414292.3867352,23,"Societe Generale SA","SOC-GEN","Facility Agent",4061490.97333631
"12331",4295869217,"Bayer AG",154083407947,"2000-07-01","2000-07-11","2010-07-11","Term Loan","General Corporate Purpose",NA,"Takeda Pharmaceutical Co Ltd",93414292.3867352,21,"JP Morgan & Co Inc","JPM","Arranger",4448299.63746358
"12332",4295869217,"Bayer AG",154083419951,"2009-02-11","2009-02-11","2011-08-12","Term Loan","General Corporate Purpose",NA,"Bayer AG",644753639.634296,26,"Mizuho Financial Group","MIZUHO-FINAN","Agent",24798216.9090114
"12333",4295869217,"Bayer AG",154083420903,"2001-07-10",NA,"2002-12-01","Bridge Loan","Bridging Loan",NA,"Bayer AG",6195839814.03934,26,"Sumitomo Life Insurance Co","SUMITL","Lender",238301531.309205
"12334",4295869217,"Bayer AG",154083421872,"2009-02-11","2009-02-11","2014-02-11","Term Loan","Acquisition Finance",NA,"Bayer AG",644753639.634296,23,"Meiji Mutual Life Insurance Co","MEIJI","Lender",28032766.9406216
"12335",4295869217,"Bayer AG",154083424611,"2002-04-11","2002-08-09","2009-09-30","Term Loan","General Corporate Purpose",NA,"Bayer AG",1085723702.70558,3,"Resona Holdings Inc","RESONA","Lender",361907900.90186
"12336",4295869217,"Bayer AG",154083427382,"2001-11-22","2002-07-04","2003-07-04","Revolving Credit Facility","Sponsored Buyout",NA,"Bayer AG",3426166120.1116,11,"Fukoku Mutual Life Insurance","FUKOKU","Lender",311469647.282873
"12337",4295869217,"Bayer AG",154083427966,"2002-04-11","2002-08-09","2011-09-30","Term Loan","Leveraged Buyout",NA,"Bayer AG",1085723702.70558,33,"Taiyo Mutual Life Insurance Co","TML","Lender",32900718.2638055
"12338",4295869217,"Bayer AG",154083427967,"2002-04-11","2002-08-09","2009-09-30","Term Loan","Management Buy Out",NA,"Bayer AG",1085723702.70558,23,"Mitsui Mutual Life Insurance Co","MITLI","Lender",47205378.3785035
"12339",4295869217,"Bayer AG",154083427968,"2002-04-11","2002-08-09","2009-09-30","Revolving Credit Facility","Acquisition Finance",NA,"Bayer AG",1085723702.70558,2,"Zenkyoren","ZENK","Lender",542861851.35279
"12340",4295869217,"Bayer AG",154083427969,"2002-04-11","2002-08-09","2012-09-30","Mezzanine Debt","Standby/CP Support","Bullet","Bayer AG",1085723702.70558,22,"Sumitomo Mitsui Financial Group Inc","SUM-MIT-FIN-GRP","Arranger",49351077.3957082
"12341",4295869217,"Bayer AG",154083428252,"2002-04-11","2002-08-09","2010-09-30","Term Loan","Sponsored Buyout",NA,"Bayer AG",1085723702.70558,31,"Sumitomo Life Insurance Co","SUMITL","Lender",35023345.2485671
"12342",4295869217,"Bayer AG",154083429448,"2002-10-07",NA,NA,"Term Loan","Leveraged Buyout",NA,"Bayer AG",196579516.41439,8,"Meiji Mutual Life Insurance Co","MEIJI","Lender",24572439.5517987
"12343",4295869217,"Bayer AG",154083433290,"2003-05-09","2003-05-20","2008-06-30","Revolving Credit Facility","Management Buy Out","Bullet","Bayer AG",4730109642.95755,29,"Resona Holdings Inc","RESONA","Lender",163107229.067502
"12344",4295869217,"Bayer AG",154083433291,"2003-05-09","2003-05-20","2004-06-30","Revolving Credit Facility","Sponsored Buyout","Bullet","Bayer AG",4730109642.95755,4,"Fukoku Mutual Life Insurance","FUKOKU","Lender",1182527410.73939
"12345",4295869217,"Bayer AG",154083446262,"2004-06-03","2004-06-29",NA,"Revolving Credit Facility","Leveraged Buyout",NA,"Bayer AG",2113475519.91498,29,"Taiyo Mutual Life Insurance Co","TML","Lender",72878466.2039648
"12346",4295869217,"Bayer AG",154083449502,"2004-12-10","2004-12-10","2005-12-09","Term Loan","Management Buy Out",NA,"Bayer AG",1983602221.63449,23,"Mitsui Mutual Life Insurance Co","MITLI","Lender",86243574.8536735
"12347",4295869217,"Bayer AG",154083449503,"2004-12-10","2004-12-10","2009-12-10","Term Loan","Sponsored Buyout",NA,"Bayer AG",1983602221.63449,16,"Zenkyoren","ZENK","Lender",123975138.852156
"12348",4295869217,"Bayer AG",154083454761,"2005-02-22","2005-03-31","2010-03-31","Term Loan B","Leveraged Buyout",NA,"Bayer AG",4e+08,25,"Bayerische Landesbank Girozentrale","BAYER-LANDES","Arranger",1.6e+07
"12349",4295869217,"Bayer AG",154083456348,"2005-02-22","2005-03-31","2010-03-31","Term Loan","Management Buy Out",NA,"Bayer AG",4e+08,26,"Landesbank Hessen-Thueringen Girozentrale","HESSEN-T","Arranger",15384615.3846154
"12350",4295869217,"Bayer AG",154083457711,"2005-02-24","2005-03-31","2010-03-31","Term Loan","Sponsored Buyout",NA,"Bayer AG",4536322986.19662,6,"JP Morgan & Co Inc","JPM","Arranger",756053831.03277
"12351",4295869217,"Bayer AG",154083470703,"2006-03-23","2006-03-23","2007-03-22","Term Loan A","Leveraged Buyout",NA,"Bayer AG",16758037873.1656,14,"BofA Securities Inc","BOFA-SEC-INC","Arranger",1197002705.22611
"12352",4295869217,"Bayer AG",154083473689,"2006-03-23","2006-03-23","2011-03-23","Term Loan B","Management Buy Out",NA,"Bayer AG",16758037873.1656,31,"Deutsche Bank","DEUTSCHE-BANK","Arranger",540581866.87631
"12353",4295869217,"Bayer AG",154083473690,"2006-03-23","2006-03-23","2007-03-23","Bridge Loan","Sponsored Buyout",NA,"Bayer AG",16758037873.1656,6,"Bayerische Landesbank Girozentrale","BAYER-LANDES","Arranger",2793006312.19427
"12354",4295869217,"Bayer AG",154083473691,"2006-03-23","2006-03-23","2011-03-23","Bridge Loan","Leveraged Buyout",NA,"Bayer AG",16758037873.1656,11,"Landesbank Hessen-Thueringen Girozentrale","HESSEN-T","Arranger",1523457988.4696
"12355",4295869217,"Bayer AG",154083475909,"2006-06-01","2006-06-30","2016-06-30","Term Loan","Management Buy Out","Bullet","Bayer AG",763406545.272511,22,"Commerzbank AG","COMMERZBANK","Arranger",34700297.5123869
"12356",4295869217,"Bayer AG",154083493274,"2011-02-12","2011-02-22","2016-03-02","Revolving Credit Facility","Sponsored Buyout",NA,"Bayer AG",4778548413.52193,31,"JP Morgan & Co Inc","JPM","Arranger",154146723.016836
"12357",4295869217,"Bayer AG",154083542764,"2009-04-01","2009-04-30","2019-04-30","Term Loan","Leveraged Buyout",NA,"Bayer AG",557348195.951892,8,"BofA Securities Inc","BOFA-SEC-INC","Arranger",69668524.4939865
"12358",4295869217,"Bayer AG",154083553074,"2006-11-24","2006-11-24","2014-11-24","Term Loan B","Refinance/Retiring Bank Debt","Bullet","Bayer AG",1256643191.87371,26,"Bank of Ireland","IRELAND","Co-Arranger",48332430.4566811
"12359",4295869217,"Bayer AG",154083553347,"2006-11-24","2006-11-24","2015-11-24","Term Loan C","Refinancing","Bullet","Bayer AG",1256643191.87371,21,"Credit Agricole Corporate & Investment Bank","CREDIT-AGRI-CIB","Co-Arranger",59840151.9939862
"12360",4295869217,"Bayer AG",154083553348,"2006-11-24","2006-11-24","2013-11-24","Revolving Credit Facility","Refinance/Retiring Bank Debt","Bullet","Bayer AG",1256643191.87371,16,"Danske Bank","DEN-DANSKE-AKT","Co-Arranger",78540199.4921069
"12361",4295869217,"Bayer AG",154083553349,"2006-11-24","2006-11-24","2013-11-24","Capital Expenditure Facility","Refinancing","Amortizing","Bayer AG",1256643191.87371,11,"UniCredit","UNICREDIT-SPA","Co-Arranger",114240290.170337
"12362",4295869217,"Bayer AG",154083553350,"2006-11-24","2006-11-24","2016-05-24","Second Lien Term Loan","General Corporate Purpose","Bullet","Bayer AG",1256643191.87371,3,"IKB Deutsche Industriebank","IKB-DEUTSCHE","Co-Arranger",418881063.957903
"12363",4295869217,"Bayer AG",154083553357,"2006-11-24","2006-11-24","2013-11-24","Term Loan A","General Corporate Purpose","Amortizing","Bayer AG",1256643191.87371,16,"Cooperatieve Rabobank UA","RABOBANK","Co-Arranger",78540199.4921069
"12364",4295869217,"Bayer AG",154083554527,"2006-11-24","2006-11-24","2016-11-24","Mezzanine Debt","General Corporate Purpose","Bullet","Bayer AG",1256643191.87371,21,"NatWest","NATWEST-GRP","Co-Arranger",59840151.9939862
"12365",4295869217,"Bayer AG",154083563881,"2014-05-07","2014-06-18","2015-06-18","Bridge Loan","Future Acquisitions",NA,"Bayer AG",1.42e+10,22,"SEB","SEB","Co-Arranger",645454545.454545
"12366",4295869217,"Bayer AG",154083570178,"2014-05-07","2014-06-18","2018-06-18","Acquisition Financing","Future Acquisitions","Bullet","Bayer AG",1.42e+10,22,"Portigon AG","PORTIGON","Co-Arranger",645454545.454545
"12367",4295869217,"Bayer AG",154083570201,"2013-12-03","2013-12-03","2018-12-03","Revolving Credit Facility","Refinance/Retiring Bank Debt",NA,"Bayer AG",4756145619.58988,14,"PPM","PPM1","Participant",339724687.113563
"12368",4295869217,"Bayer AG",154083603495,"2015-09-04","2015-09-04","2020-09-04","Term Loan","Acquisition Finance","Bullet","Bayer AG",3009429545.91052,5,"Invesco","INVESC","Participant",601885909.182104
"12369",4295869217,"Bayer AG",154083603496,"2015-09-04","2015-09-04","2020-09-04","Revolving Credit Facility","Acquisition Finance",NA,"Bayer AG",3009429545.91052,1,"Harbourmaster CLO 1 Ltd","HARBOUR-M","Participant",3009429545.91052
"12370",4295869217,"Bayer AG",154083621653,"2016-06-06","2016-10-12","2017-10-12","Bridge Loan","Acquisition Finance",NA,"Bayer AG",5.69e+10,11,"Duke Street Capital","DUKEST","Participant",5172727272.72727
"12371",4295869217,"Bayer AG",154083621654,"2016-06-06","2016-10-12","2017-10-12","Bridge Loan","Acquisition Finance",NA,"Bayer AG",5.69e+10,3,"Allied Irish Banks PLC{AIB Group}","ALLIED-BKS","Participant",18966666666.6667
"12372",4295869217,"Bayer AG",154083621655,"2016-06-06","2016-10-12","2017-10-12","Bridge Loan","Construction",NA,"Bayer AG",5.69e+10,4,"ICG","ICG-GERMANY","Participant",1.4225e+10
"12373",4295869217,"Bayer AG",154083629309,"2016-06-06","2016-10-12","2017-10-12","Bridge Loan","Working Capital",NA,"Bayer AG",5.69e+10,3,"Octagon Capital Corporation","OCTAGON","Participant",18966666666.6667
"12374",4295869217,"Bayer AG",154085260313,"2018-12-14","2018-12-14","2023-12-14","Revolving Credit Facility","General Corporate Purpose","Bullet","Bayer AG",5088137854.61494,3,"Societe Generale SA","SOC-GEN","Co-Arranger",1696045951.53831
"12375",4295869217,"Bayer AG",154085574250,"2019-12-05","2019-12-05","2024-12-13","Revolving Credit Facility","Refinance/Retiring Bank Debt",NA,"Bayer AG",1177610631.25874,2,"Goldmen Securities","GSEC","Participant",588805315.62937
"12376",4295869217,"Bayer AG",154085574251,"2019-12-05","2019-12-05","2024-12-13","Term Loan","Capital Expenditures",NA,"Bayer AG",1177610631.25874,3,"BofA Securities Inc","BOFA-SEC-INC","Arranger",392536877.086247
"12377",4295869217,"Bayer AG",154085574252,"2019-12-05","2019-12-05","2024-12-13","Term Loan","Sponsored Buyout",NA,"Bayer AG",1177610631.25874,2,"JP Morgan & Co Inc","JPM","Arranger",588805315.62937
"12378",4295869217,"Bayer AG",154085574253,"2019-12-05","2019-12-05","2024-12-13","Term Loan","Leveraged Buyout",NA,"Bayer AG",1177610631.25874,3,"Deutsche Bank","DEUTSCHE-BANK","Arranger",392536877.086247
"12379",4295869217,"Bayer AG",154087263271,"2020-12-14","2020-12-14","2025-12-14","Revolving Credit Facility","Sponsored Buyout","Bullet","Bayer AG",5464348163.97902,3,"NatWest","NATWEST-GRP","Arranger",1821449387.99301
"12380",4295869217,"Bayer AG",154087263282,"2019-12-14","2019-12-14","2024-12-14","Revolving Credit Facility","Leveraged Buyout","Bullet","Bayer AG",5003558085.74987,3,"Barclays","BARCLAYS-CAP","Arranger",1667852695.24996
"12381",4295869217,"Bayer AG",154088722284,"2024-12-06","2024-12-06","2029-12-06","Revolving Credit Facility","Sponsored Buyout",NA,"Bayer AG",5284015852.04756,1,"Bayerische Landesbank Girozentrale","BAYER-LANDES","Arranger",5284015852.04756
"12382",4295869217,"Bayer AG",154088731676,"2024-11-07","2024-11-07","2029-10-04","Term Loan","Leveraged Buyout",NA,"Bayer AG",3.25e+08,1,"Commerzbank AG","COMMERZBANK","Arranger",3.25e+08
"12383",4295869217,"Bayer AG",154089314460,"2026-02-17","2026-02-17","2027-02-17","Bridge Loan","Sponsored Buyout",NA,"Bayer AG",8e+09,1,"UBS","UBS-BANK","Arranger",8e+09
"13104",5066581979,"Corteva Inc",154087165862,"2021-05-06","2021-05-06","2024-05-06","Revolving Credit Facility","General Corporate Purpose",NA,"Corteva Inc",3e+09,9,"JP Morgan & Co Inc","JPM","Administration Agent",333333333.333333
"13105",5066581979,"Corteva Inc",154087576474,"2022-05-03","2022-05-03","2025-05-03","Revolving Credit Facility","General Corporate Purpose",NA,"Corteva Inc",5.3e+09,13,"BNP Paribas SA","BNP-PARIBAS","Documentation Agent",407692307.692308
"13106",5066581979,"Corteva Inc",154087576475,"2022-05-03","2022-05-03","2027-05-03","Revolving Credit Facility","General Corporate Purpose",NA,"Corteva Inc",5.3e+09,13,"BofA Securities Inc","BOFA-SEC-INC","Documentation Agent",407692307.692308
"13107",5066581979,"Corteva Inc",154087576476,"2022-05-03","2022-05-03","2027-05-03","Standby Letter Of Credit","General Corporate Purpose",NA,"Corteva Inc",5.3e+09,9,"Citi","CITI","Documentation Agent",588888888.888889
"13108",5066581979,"Corteva Inc",154087581311,"2022-05-03","2022-05-03","2025-05-03","Revolving Credit Facility","General Corporate Purpose",NA,"Corteva Inc",5e+09,12,"UBS","UBS-BANK","Syndication Agent",416666666.666667
"13109",5066581979,"Corteva Inc",154087581312,"2022-05-03","2022-05-03","2027-05-03","Revolving Credit Facility","General Corporate Purpose",NA,"Corteva Inc",5e+09,12,"Goldman Sachs & Co","GS","Syndication Agent",416666666.666667
"13110",5066581979,"Corteva Inc",154088557214,"2024-06-27","2024-06-27","2027-06-27","Revolving Credit Facility","General Corporate Purpose",NA,"Corteva Inc",4.75e+09,1,"HSBC Holdings PLC","SAM-CAPEL-HSBC","Documentation Agent",4.75e+09
"13111",5066581979,"Corteva Inc",154088557215,"2024-06-27","2024-06-27","2029-06-27","Revolving Credit Facility","General Corporate Purpose",NA,"Corteva Inc",4.75e+09,1,"Mitsubishi UFJ Financial Group","MITSUBISHI-UFJ","Documentation Agent",4.75e+09
"13174",5072824656,"Syngenta Group Co Ltd",154087626562,"2022-06-21","2022-06-21","2023-06-21","Term Loan","Exit Financing","Bullet","Sinochem Holdings Corp Ltd",269138755.980861,24,"Bank of China Ltd","BK-CHINA-LTD","Arranger",194377990.430622
"13175",5072824656,"Syngenta Group Co Ltd",154088117909,"2023-06-20","2023-06-20","2026-06-20","Term Loan","Acquisition Finance",NA,"Sinochem Holdings Corp Ltd",250657977.190124,37,"China Merchants Bank","CMG","Arranger",74760765.5502392
"13176",5072824656,"Syngenta Group Co Ltd",154088174910,"2023-08-03","2023-08-03","2024-08-03","Revolving Credit or Term Loan","General Corporate Purpose",NA,"Sinochem Holdings Corp Ltd",2233046293.84098,24,"Bank of China Ltd","BK-CHINA-LTD","Arranger",139254431.772291
"13177",5072824656,"Syngenta Group Co Ltd",154088174911,"2023-08-03","2023-08-03","2026-08-03","Term Loan","Acquisition Finance",NA,"Sinochem Holdings Corp Ltd",2233046293.84098,36,"China Merchants Bank","CMG","Arranger",69627215.8861456
"13178",5072824656,"Syngenta Group Co Ltd",154088429147,"2024-01-04","2024-01-04","2027-01-04","Revolving Credit or Term Loan","General Corporate Purpose",NA,"Sinochem Holdings Corp Ltd",558745058.598388,2,"China Construction Bank (CH)","CHCOBK","Participant",41776329.5316873
"13179",5072824656,"Syngenta Group Co Ltd",154088561840,"2024-07-25","2024-12-23","2027-12-23","Term Loan","General Corporate Purpose",NA,"Sinochem Holdings Corp Ltd",4.5e+09,3,"Bank of China Ltd","BK-CHINA-LTD","Arranger",1814350113.7458
"13180",5072824656,"Syngenta Group Co Ltd",154088650877,"2024-07-25","2024-12-23","2029-12-23","Term Loan","Working Capital",NA,"Sinochem Holdings Corp Ltd",4.5e+09,1,"Bank of China Ltd","BK-CHINA-LTD","Arranger",418696180.095184
"13181",5072824656,"Syngenta Group Co Ltd",154088732375,"2024-07-25","2024-12-23","2027-12-23","Term Loan","General Corporate Purpose",NA,"Sinochem Holdings Corp Ltd",4.5e+09,1,"Bank of China Ltd","BK-CHINA-LTD","Arranger",279372529.299194
"13182",5072824656,"Syngenta Group Co Ltd",154088732376,"2024-07-25","2024-12-23","2029-12-23","Term Loan","Working Capital",NA,"Sinochem Holdings Corp Ltd",4.5e+09,2,"China Construction Bank (CH)","CHCOBK","Arranger",279372529.299194
"13183",5072824656,"Syngenta Group Co Ltd",154088920232,"2025-03-28","2025-03-28","2032-03-26","Revolving Credit or Term Loan","General Corporate Purpose",NA,"Sinochem Holdings Corp Ltd",62510326.5958033,3,"Agricultural Bank of China","ABCHIN","Arranger",2.15e+08
"13307",4295869198,"BASF SE",154083347594,"1988-05-13","1988-05-13","1997-05-13","Term Loan","General Corporate Purpose","Amortizing","Royal Dutch Petroleum Co",2.1e+07,12,"Precision Capital SA","PRECISION-CAP","Arranger",1750000
"13308",4295869198,"BASF SE",154083347595,"1988-05-13","1988-05-13",NA,"Term Loan","General Corporate Purpose","Amortizing","Royal Dutch Petroleum Co",2.1e+07,12,"Credit Agricole Corporate & Investment Bank","CREDIT-AGRI-CIB","Arranger",1750000
"13309",4295869198,"BASF SE",154083347596,"1988-05-13","1988-05-13",NA,"Term Loan","General Corporate Purpose","Amortizing","Royal Dutch Petroleum Co",2.1e+07,25,"HSBC Holdings PLC","SAM-CAPEL-HSBC","Arranger",840000
"13310",4295869198,"BASF SE",154083359539,"2000-05-20","2000-06-26","2001-06-01","Revolving Credit Facility","Standby/CP Support","Bullet","BASF AG",2.5e+09,6,"Bangkok Bank PCL","BANGKOK-BK","Arranger",416666666.666667
"13311",4295869198,"BASF SE",154083359540,"2000-05-20","2000-06-26","2005-06-01","Revolving Credit Facility","Standby/CP Support","Bullet","BASF AG",2.5e+09,25,"Bangkok Bank PCL","BANGKOK-BK","Arranger",1e+08
"13312",4295869198,"BASF SE",154083366771,"1995-09-19","1995-09-19","2002-09-19","Term Loan","General Corporate Purpose","Amortizing","Royal Dutch Petroleum Co",37500000,20,"Citi","CITI","Arranger",1875000
"13313",4295869198,"BASF SE",154083367557,"1995-08-03","1995-08-03","2005-08-03","Term Loan","Project Finance","Amortizing","BASF AG",936329588.014981,34,"Citi","CITI","Facility Agent",27539105.5298524
"13314",4295869198,"BASF SE",154083369213,"1996-06-01","1996-06-01","2003-06-01","Term Loan","Project Finance","Amortizing","BASF AG",2.6e+07,7,"NatWest","NATWEST-GRP","Co-Arranger",3714285.71428571
"13315",4295869198,"BASF SE",154083383569,"2002-01-01","2003-03-07","2015-03-07","Term Loan","Construction","Bullet","BASF AG",1418500000,4,"Bankgesellschaft Berlin AG","B-BERLIN","Co-Arranger",354625000
"13316",4295869198,"BASF SE",154083383570,"2002-01-01","2003-03-07","2019-03-07","Term Loan","Pipelines","Bullet","BASF AG",1418500000,16,"Bayerische Landesbank Girozentrale","BAYER-LANDES","Co-Arranger",88656250
"13317",4295869198,"BASF SE",154083408895,"2000-08-01","2000-09-27","2007-09-27","Term Loan","General Corporate Purpose","Bullet","Daelim Industrial Co Ltd",1.84e+08,6,"JP Morgan & Co Inc","JPM","Co-Arranger",30666666.6666667
"13318",4295869198,"BASF SE",154083412389,"2000-08-01","2000-09-27","2007-09-27","Term Loan","Project Finance","Bullet","Daelim Industrial Co Ltd",1.84e+08,14,"Commerzbank AG","COMMERZBANK","Co-Arranger",13142857.1428571
"13319",4295869198,"BASF SE",154083413278,"2000-08-01","2000-09-27","2007-09-27","Revolving Credit Facility","Construction","Bullet","Daelim Industrial Co Ltd",1.84e+08,14,"Deutsche Bank","DEUTSCHE-BANK","Co-Arranger",13142857.1428571
"13320",4295869198,"BASF SE",154083417027,"2000-12-19","2000-12-01","2001-12-01","Term Loan","Project Finance","Amortizing","Termo Electrica",8.5e+07,16,"Deutsche GenossenschaftsZentralbank {DZ Bank}","DZ-BK","Co-Arranger",5312500
"13321",4295869198,"BASF SE",154083419612,"2001-03-23","2001-11-23","2006-11-22","Revolving Credit Facility","Construction",NA,"BASF AG",965691610.773607,24,"HSBC Holdings PLC","SAM-CAPEL-HSBC","Co-Arranger",40237150.4489003
"13322",4295869198,"BASF SE",154083420404,"2001-06-25","2001-06-25","2002-06-01","Revolving Credit Facility","Project Finance","Bullet","BASF AG",1.25e+09,15,"KfW Bankengruppe","KFW-BANKEN","Co-Arranger",83333333.3333333
"13323",4295869198,"BASF SE",154083423266,"2002-01-01","2003-03-07","2017-03-07","Term Loan","Future Acquisitions","Bullet","BASF AG",1418500000,12,"Landesbank Baden-Wurttemberg","LBW$","Co-Arranger",118208333.333333
"13324",4295869198,"BASF SE",154083423871,"2002-05-15","2002-06-14","2003-05-01","Revolving Credit Facility","Project Finance","Bullet","BASF AG",1.25e+09,24,"IMI - Intesa Sanpaolo","INTESA-SAN","Senior Lead Manager",52083333.3333333
"13325",4295869198,"BASF SE",154083425714,"2001-10-01",NA,NA,"Term Loan","Future Acquisitions","Bullet","BASF AG",1.9e+09,35,"Bank of New York Mellon Corp","BNY-MELLON","Senior Lead Manager",54285714.2857143
"13326",4295869198,"BASF SE",154083425715,"2001-10-01",NA,NA,"Term Loan","Project Finance","Bullet","BASF AG",1.9e+09,24,"Mitsubishi UFJ Financial Group","MITSUBISHI-UFJ","Senior Lead Manager",79166666.6666667
"13327",4295869198,"BASF SE",154083425716,"2001-10-01",NA,NA,"Term Loan","Future Acquisitions","Bullet","BASF AG",1.9e+09,23,"JP Morgan & Co Inc","JPM","Senior Lead Manager",82608695.6521739
"13328",4295869198,"BASF SE",154083428111,"2002-01-01","2003-03-07","2019-03-07","Term Loan","Export/Import Financing","Bullet","BASF AG",1418500000,10,"Barclays","BARCLAYS-CAP","Senior Lead Manager",141850000
"13329",4295869198,"BASF SE",154083428112,"2002-01-01","2003-03-07","2019-03-07","Term Loan","General Corporate Purpose","Bullet","BASF AG",1418500000,25,"UniCredit","UNICREDIT-SPA","Senior Lead Manager",56740000
"13330",4295869198,"BASF SE",154083428113,"2002-01-01","2003-03-07","2019-03-07","Term Loan","Joint Venture","Bullet","BASF AG",1418500000,15,"IMI - Intesa Sanpaolo","INTESA-SAN","Senior Lead Manager",94566666.6666667
"13331",4295869198,"BASF SE",154083431987,"2003-05-16","2003-06-23","2004-06-21","Revolving Credit Facility","Standby/CP Support","Bullet","BASF AG",1.25e+09,30,"Societe Generale SA","SOC-GEN","Senior Lead Manager",41666666.6666667
"13332",4295869198,"BASF SE",154083433441,"2003-01-31","2003-01-31","2005-01-31","Term Loan","Project Finance",NA,"BASF AG",32500000,5,"Citi","CITI","Arranger",6500000
"13333",4295869198,"BASF SE",154083442520,"2002-11-20","2003-12-19","2015-09-01","Term Loan","Construction",NA,"Polski Koncern Naftowy ORLEN SA",433055765.209537,7,"Citi","CITI","Facility Agent",61865109.3156481
"13334",4295869198,"BASF SE",154083443999,"2002-11-20","2003-12-19","2016-03-03","Term Loan","Refinancing",NA,"Polski Koncern Naftowy ORLEN SA",433055765.209537,30,"NatWest","NATWEST-GRP","Co-Arranger",14435192.1736512
"13335",4295869198,"BASF SE",154083446167,"2004-03-30","2004-06-14","2005-06-13","364 Day Revolver","General Corporate Purpose",NA,"BASF AG",2.5e+09,16,"Bankgesellschaft Berlin AG","B-BERLIN","Co-Arranger",156250000
"13336",4295869198,"BASF SE",154083446780,"2004-03-30","2004-06-14","2009-06-14","Revolving Credit Facility","General Corporate Purpose",NA,"BASF AG",2.5e+09,25,"Bayerische Landesbank Girozentrale","BAYER-LANDES","Co-Arranger",1e+08
"13337",4295869198,"BASF SE",154083449942,"2004-09-29","2004-09-29","2012-09-29","Term Loan","General Corporate Purpose",NA,"BASF AG",930834668.968068,18,"JP Morgan & Co Inc","JPM","Co-Arranger",51713037.1648927
"13338",4295869198,"BASF SE",154083449943,"2004-09-29","2004-09-29","2013-09-29","Term Loan","Project Finance",NA,"BASF AG",930834668.968068,5,"Commerzbank AG","COMMERZBANK","Co-Arranger",186166933.793614
"13339",4295869198,"BASF SE",154083449944,"2004-09-29","2004-09-29","2011-09-29","Revolving Credit Facility","Construction",NA,"BASF AG",930834668.968068,12,"Deutsche Bank","DEUTSCHE-BANK","Co-Arranger",77569555.747339
"13340",4295869198,"BASF SE",154083449945,"2004-09-29","2004-09-29","2014-09-29","Mezzanine Debt","Project Finance",NA,"BASF AG",930834668.968068,12,"Deutsche GenossenschaftsZentralbank {DZ Bank}","DZ-BK","Co-Arranger",77569555.747339
"13341",4295869198,"BASF SE",154083453540,"2004-09-29","2004-09-29","2011-09-29","Term Loan","Construction",NA,"BASF AG",930834668.968068,30,"HSBC Holdings PLC","SAM-CAPEL-HSBC","Co-Arranger",31027822.2989356
"13342",4295869198,"BASF SE",154083457488,"2005-03-01","2005-03-24","2010-03-24","Term Loan","Working Capital","Bullet","Royal Dutch Petroleum Co",92592592.5925926,5,"KfW Bankengruppe","KFW-BANKEN","Co-Arranger",18518518.5185185
"13343",4295869198,"BASF SE",154083461276,"2005-05-20","2005-06-01","2012-06-01","Revolving Credit Facility","Project Finance",NA,"BASF AG",2.5e+09,1,"Landesbank Baden-Wurttemberg","LBW$","Co-Arranger",2.5e+09
"13344",4295869198,"BASF SE",154083473320,"2006-07-21","2006-07-27","2013-07-27","Term Loan","Construction",NA,"Cifa SpA",190439916.206437,2,"IMI - Intesa Sanpaolo","INTESA-SAN","Senior Lead Manager",95219958.1032185
"13345",4295869198,"BASF SE",154083474568,"2006-07-21","2006-07-27","2013-07-27","Term Loan","Working Capital",NA,"Cifa SpA",190439916.206437,5,"Bank of New York Mellon Corp","BNY-MELLON","Senior Lead Manager",38087983.2412874
"13346",4295869198,"BASF SE",154083474569,"2006-07-21","2006-07-27","2016-07-27","Mezzanine Debt","Refinancing",NA,"Cifa SpA",190439916.206437,4,"Mitsubishi UFJ Financial Group","MITSUBISHI-UFJ","Senior Lead Manager",47609979.0516092
"13347",4295869198,"BASF SE",154083474801,"2006-01-01","2006-01-27","2006-07-26","Revolving Credit Facility","Standby/CP Support","Bullet","BASF AG",3629412761.01527,7,"JP Morgan & Co Inc","JPM","Senior Lead Manager",518487537.287896
"13348",4295869198,"BASF SE",154083477960,"2006-07-21","2006-07-27","2013-07-27","Term Loan","Export/Import Financing",NA,"Cifa SpA",190439916.206437,20,"Barclays","BARCLAYS-CAP","Senior Lead Manager",9521995.81032185
"13349",4295869198,"BASF SE",154083477961,"2006-07-21","2006-07-27","2014-07-27","Term Loan","Finance Linked-Trade",NA,"Cifa SpA",190439916.206437,15,"UniCredit","UNICREDIT-SPA","Senior Lead Manager",12695994.4137625
"13350",4295869198,"BASF SE",154083477962,"2006-07-21","2006-07-27","2015-07-27","Term Loan","Project Finance",NA,"Cifa SpA",190439916.206437,3,"IMI - Intesa Sanpaolo","INTESA-SAN","Senior Lead Manager",63479972.0688123
"13351",4295869198,"BASF SE",154083481469,"2006-06-01","2006-06-06","2006-12-06","364 Day Revolver","Project Finance",NA,"BASF AG",1281903370.12396,27,"Societe Generale SA","SOC-GEN","Senior Lead Manager",47477902.5971837
"13352",4295869198,"BASF SE",154083483505,"2011-10-26","2011-10-26","2027-10-26","Term Loan","Refinance/Retiring Bank Debt","Amortizing","E ON AG",5421033610.40839,23,"Citi","CITI","Arranger",235697113.496017
"13353",4295869198,"BASF SE",154083483506,"2011-10-26","2011-10-26","2027-10-26","Term Loan","Refinancing","Amortizing","E ON AG",5421033610.40839,3,"BNP Paribas SA","BNP-PARIBAS","Lead Manager",1807011203.46946
"13354",4295869198,"BASF SE",154083483507,"2011-10-26","2011-10-26","2027-10-26","Term Loan","Refinance/Retiring Bank Debt","Amortizing","E ON AG",5421033610.40839,13,"BNP Paribas SA","BNP-PARIBAS","Lead Manager",417002585.41603
"13355",4295869198,"BASF SE",154083483508,"2011-10-26","2011-10-26","2021-10-26","Term Loan","Refinancing","Amortizing","E ON AG",5421033610.40839,3,"Mizuho Financial Group","MIZUHO-FINAN","Lead Manager",1807011203.46946
"13356",4295869198,"BASF SE",154083486716,"2008-09-27","2008-11-17","2009-11-17","Term Loan","Sponsored Buyout",NA,"BASF SE",2922511690.04676,16,"ING","ING","Lead Manager",182656980.627923
"13357",4295869198,"BASF SE",154083506162,"2007-04-23","2007-04-23","2014-04-23","Term Loan","Leveraged Buyout",NA,"BASF AG",2.25e+09,16,"SBI Holdings Inc","SBI-HOL","Lead Manager",140625000
"13358",4295869198,"BASF SE",154083511454,"2009-01-24",NA,NA,"Term Loan","Sponsored Buyout",NA,"OAO ""Gazprom""",6104847508.70266,3,"Portigon AG","PORTIGON","Lead Manager",2034949169.56755
"13359",4295869198,"BASF SE",154083515253,"2011-08-18","2011-08-18","2016-08-18","Revolving Credit Facility","Leveraged Buyout",NA,"BASF SE",4298979708.81577,4,"DBS Group Holdings","DBSGR","Manager",1074744927.20394
"13360",4295869198,"BASF SE",154083517474,"2010-06-22","2010-06-22","2011-06-17","Term Loan","Sponsored Buyout","Bullet","BASF SE",3679807668.71918,15,"HSBC Holdings PLC","SAM-CAPEL-HSBC","Manager",245320511.247945
"13361",4295869198,"BASF SE",154083525312,"2008-04-30","2008-07-23","2009-07-23","Bridge Loan","Leveraged Buyout",NA,"BASF SE",1254961017.77339,5,"Monte dei Paschi di Siena","MONTE","Paying Agent",250992203.554678
"13362",4295869198,"BASF SE",154083525466,"2009-04-08",NA,NA,"Bridge Loan","Sponsored Buyout",NA,"BASF SE",0,5,"NatWest","NATWEST-GRP","Lead Manager",0
"13363",4295869198,"BASF SE",154083526116,"2009-11-18","2010-03-16","2020-03-16","Term Loan","Leveraged Buyout",NA,"Gazprom PAO",5369903754.80193,10,"Hypo-bank","HYPO-BANK","Lead Manager",536990375.480193
"13364",4295869198,"BASF SE",154083526117,"2009-11-18","2010-03-16","2026-03-16","Term Loan","Sponsored Buyout",NA,"Gazprom PAO",5369903754.80193,24,"Bayerische Landesbank Girozentrale","BAYER-LANDES","Lead Manager",223745989.783414
"13365",4295869198,"BASF SE",154083534445,"2009-11-18","2010-03-16","2026-03-16","Term Loan","Leveraged Buyout",NA,"Gazprom PAO",5369903754.80193,13,"Deutsche Bank","DEUTSCHE-BANK","Lead Manager",413069519.600148
"13366",4295869198,"BASF SE",154083534446,"2009-11-18","2010-03-16","2026-03-16","Term Loan","General Corporate Purpose",NA,"Gazprom PAO",5369903754.80193,16,"Mizuho Financial Group","MIZUHO-FINAN","Lead Manager",335618984.675121
"13367",4295869198,"BASF SE",154083538435,"2007-09-01",NA,"2015-09-01","Term Loan","Working Capital",NA,"BASF AG",1495277391.13144,14,"Commerzbank AG","COMMERZBANK","Lead Manager",106805527.93796
"13368",4295869198,"BASF SE",154083538436,"2007-09-01",NA,"2008-09-01","Working Capital Facility","Refinance/Retiring Bank Debt",NA,"BASF AG",1495277391.13144,29,"ING","ING","Lead Manager",51561289.34936
"13369",4295869198,"BASF SE",154083539600,"2009-01-24",NA,"2019-01-24","Term Loan","Sponsored Buyout",NA,"OAO ""Gazprom""",6104847508.70266,7,"KfW Bankengruppe","KFW-BANKEN","Lead Manager",872121072.671808
"13370",4295869198,"BASF SE",154083542299,"2009-06-20","2010-05-07","2015-05-07","Revolving Credit or Term Loan","Leveraged Buyout",NA,"BASF SE",1275900785.95488,5,"Societe Generale SA","SOC-GEN","Lead Manager",255180157.190976
"13371",4295869198,"BASF SE",154083547345,"2011-02-23","2011-03-04","2020-12-31","Term Loan","Working Capital","Amortizing","BASF SE",3495476852.95228,3,"Portigon AG","PORTIGON","Lead Manager",1165158950.98409
"13372",4295869198,"BASF SE",154083547346,"2011-02-23","2011-03-04","2026-12-31","Term Loan","Sponsored Buyout","Amortizing","BASF SE",3495476852.95228,5,"Bankgesellschaft Berlin AG","B-BERLIN","Manager",699095370.590456
"13373",4295869198,"BASF SE",154083547347,"2011-02-23","2011-03-04","2026-12-31","Term Loan","Leveraged Buyout","Amortizing","BASF SE",3495476852.95228,12,"Oddo BHF SCA","ODDO-BHF-SCA","Manager",291289737.746023
"13374",4295869198,"BASF SE",154083547348,"2011-02-23","2011-03-04","2026-12-31","Term Loan","Working Capital","Amortizing","BASF SE",3495476852.95228,15,"UniCredit","UNICREDIT-SPA","Manager",233031790.196819
"13375",4295869198,"BASF SE",154083556026,"2006-12-05","2006-12-15","2012-06-06","Revolving Credit Facility","Sponsored Buyout",NA,"BASF AG",3.75e+09,1,"UniCredit","UNICREDIT-SPA","Manager",3.75e+09
"13376",4295869198,"BASF SE",154083579908,"2012-11-19","2012-11-19","2017-11-19","Revolving Credit Facility","Leveraged Buyout",NA,"Solvay SA",128109867.021958,7,"JP Morgan & Co Inc","JPM","Manager",18301409.5745654
"13377",4295869198,"BASF SE",154083584481,"2013-03-01","2013-03-22","2018-03-22","Revolving Credit Facility","Working Capital",NA,"BASF SE",3895496805.69262,7,"Citi","CITI","Manager",556499543.670374
"13378",4295869198,"BASF SE",154083587418,"2014-02-28","2014-05-22","2019-05-22","Term Loan","General Corporate Purpose",NA,"BASF SE",2252898046.12297,3,"UBS","UBS-BANK","Manager",750966015.374323
"13379",4295869198,"BASF SE",154083597094,"2015-05-22","2015-05-22","2020-03-25","Revolving Credit Facility","Sponsored Buyout",NA,"BASF SE",3304510657.04687,3,"DGZ-DekaBank","DGZ-DEKABANK","Manager",1101503552.34896
"13380",4295869198,"BASF SE",154083599815,"2015-05-22","2015-05-22","2020-05-22","Revolving Credit Facility","Leveraged Buyout",NA,"BASF SE",3304510657.04687,4,"NIBC NV","NIBC","Manager",826127664.261718
"13381",4295869198,"BASF SE",154083637533,"2017-11-14","2017-11-14","2020-05-31","Term Loan","Working Capital",NA,"BASF SE",1680939910.82171,4,"IKB Deutsche Industriebank","IKB-DEUTSCHE","Manager",420234977.705428
"13382",4295869198,"BASF SE",154083637534,"2017-11-14","2017-11-14","2020-05-31","Term Loan","Sponsored Buyout",NA,"BASF SE",1680939910.82171,1,"KBC Group NV","KBC-GROUP","Manager",1680939910.82171
"13383",4295869198,"BASF SE",154084988894,"2018-02-21",NA,"2021-02-21","Bridge Loan","Leveraged Buyout",NA,"E ON SE",8167526406.28838,7,"Landesbank Hessen-Thueringen Girozentrale","HESSEN-T","Manager",1166789486.61263
"13384",4295869198,"BASF SE",154085294446,"2018-12-03","2019-01-17","2024-01-17","Revolving Credit Facility","Working Capital","Bullet","BASF SE",6836983522.86971,1,"Landesbank Rheinland Pfalz Girozentrale","RHEINLAND","Manager",6836983522.86971
"13385",4295869198,"BASF SE",154085377228,"2019-03-01","2019-03-01","2024-03-01","Revolving Credit Facility","Sponsored Buyout",NA,"BASF SE",7332029117.37944,11,"BNP Paribas SA","BNP-PARIBAS","Manager",666548101.579949
"13386",4295869198,"BASF SE",154085377229,"2019-03-01","2019-03-01","2022-03-01","Term Loan","Leveraged Buyout",NA,"BASF SE",7332029117.37944,3,"UBS","UBS-BANK","Manager",2444009705.79315
"13387",4295869198,"BASF SE",154085386150,"2019-03-01","2019-03-01","2024-03-01","Term Loan","Working Capital",NA,"BASF SE",7332029117.37944,3,"UniCredit","UNICREDIT-SPA","Manager",2444009705.79315
"13388",4295869198,"BASF SE",154085386151,"2019-03-01","2019-03-01","2020-03-01","Bridge Loan","General Corporate Purpose",NA,"BASF SE",7332029117.37944,4,"Commerzbank AG","COMMERZBANK","Facility Agent",1833007279.34486
"13389",4295869198,"BASF SE",154085411660,"2019-06-20","2019-12-11","2026-12-11","Term Loan","Bridging Loan",NA,"BASF SE",862420000,5,"Mitsubishi UFJ Financial Group","MITSUBISHI-UFJ","Participant",1.3e+07
"13390",4295869198,"BASF SE",154085647867,"2020-03-26","2020-03-26","2030-05-31","Term Loan","Refinance/Retiring Bank Debt",NA,"BASF SE",1764485321.68773,3,"Mizuho Financial Group","MIZUHO-FINAN","Participant",1.3e+07
"13391",4295869198,"BASF SE",154085647868,"2020-03-26","2020-03-26","2025-05-31","Term Loan","Project Finance",NA,"BASF SE",1764485321.68773,3,"China Construction Bank (CH)","CHCOBK","Arranger",588161773.89591
"13392",4295869198,"BASF SE",154085677754,"2020-04-07","2020-04-07","2021-04-07","Revolving Credit Facility","Refinance/Retiring Bank Debt",NA,"BASF SE",3266692800.20907,1,"China Construction Bank (CH)","CHCOBK","Agent",3266692800.20907
"13393",4295869198,"BASF SE",154085681839,"2020-04-30","2020-04-30","2027-07-28","Term Loan B","Project Finance",NA,"BASF SE",7.45e+08,5,"Citi","CITI","Arranger",1.49e+08
"13394",4295869198,"BASF SE",154087324933,"2021-06-25","2021-06-25","2026-06-25","Revolving Credit Facility","Refinance/Retiring Bank Debt",NA,"BASF SE",4.8e+08,5,"UniCredit","UNICREDIT-SPA","Lender",9.6e+07
"13395",4295869198,"BASF SE",154087582373,"2022-05-18",NA,"2042-05-18","Term Loan","Project Finance",NA,"BASF SE",1046605335.594,5,"Agricultural Bank of China","ABCHIN","Lender",209321067.1188
"13396",4295869198,"BASF SE",154087607500,"2022-04-12","2022-04-12","2023-04-12","Revolving Credit Facility","Refinance/Retiring Bank Debt","Amortizing","BASF SE",3247807729.7824,3,"Bank of China Ltd","BK-CHINA-LTD","Lender",1082602576.59413
"13397",4295869198,"BASF SE",154088281395,"2023-11-23","2023-11-23","2038-11-23","Term Loan","Project Finance",NA,"BASF SE",5597928766.35645,7,"China Construction Bank (CH)","CHCOBK","Lender",799704109.479493
"13398",4295869198,"BASF SE",154088332398,"2023-11-13","2023-11-13","2038-11-13","Term Loan","Acquisition Finance",NA,"BASF SE",5488172987.21256,1,"China Development Bank","CHINA-D-BANK","Lender",5488172987.21256
"13399",4295869198,"BASF SE",154088662371,"2024-10-14","2024-10-14","2029-10-14","Revolving Credit Facility","General Corporate Purpose",NA,"BASF SE",6545430743.8882,1,"Industrial & Commercial Bank of China Ltd","CHCIB","Arranger",6545430743.8882
"13400",4295869198,"BASF SE",154088977899,"2025-05-08",NA,NA,"Term Loan","Construction",NA,"Gazprom PAO",1571779816.10176,2,"Citi","CITI","Arranger",785889908.05088
"13401",4295869198,"BASF SE",154089001795,"2025-03-21","2025-03-21","2028-03-21","Term Loan","General Corporate Purpose",NA,"BASF SE",460151000,3,"UniCredit","UNICREDIT-SPA","Lender",153383666.666667
"13402",4295869198,"BASF SE",154089147894,"2025-10-14","2026-05-07","2033-05-07","Term Loan B","Refinancing","Amortizing","BASF SE",3951321321.3345,1,"Agricultural Bank of China","ABCHIN","Lender",3951321321.3345
"13403",4295869198,"BASF SE",154089355345,"2025-10-14","2026-05-07","2033-05-07","Term Loan B","General Corporate Purpose",NA,"BASF SE",3951321321.3345,1,"Bank of China Ltd","BK-CHINA-LTD","Lender",3951321321.3345
"13404",4295869198,"BASF SE",154089355346,"2025-10-14","2026-05-07",NA,"Term Loan B","Acquisition Finance",NA,"BASF SE",3951321321.3345,1,"China Construction Bank (CH)","CHCOBK","Lender",3951321321.3345
"13405",4295869198,"BASF SE",154089882838,"2025-10-14","2026-05-07",NA,"Revolving Credit Facility","Standby/CP Support",NA,"BASF SE",3951321321.3345,1,"China Development Bank","CHINA-D-BANK","Lender",3951321321.3345
"14370",5059998878,"Nutrien Ltd",154083341553,"1986-09-15","1986-09-15","1987-09-15","Revolving Acceptance Credit Facility","General Corporate Purpose","Amortizing","Potash Corp Of Saskatchewan Incsaskatchewancanada",74044456.2915574,16,"UBS","UBS-BANK","Facility Agent",4627778.51822234
"14371",5059998878,"Nutrien Ltd",154083351973,"1997-12-31","1997-12-31",NA,"Revolving Credit Facility","General Corporate Purpose","Bullet","Potash Corp Of Saskatchewan Inc",1.45e+09,10,"Barclays","BARCLAYS-CAP","Tender Panerl",1.45e+08
"14372",5059998878,"Nutrien Ltd",154083356060,"1999-10-01","1999-10-01",NA,"Revolving Credit Facility","General Corporate Purpose","Bullet","Potash Corp Of Saskatchewan Inc",1.125e+09,18,"BNP Paribas SA","BNP-PARIBAS","Tender Panerl",62500000
"14373",5059998878,"Nutrien Ltd",154083359182,"2009-03-04","2009-03-04","2010-07-06","Revolving Credit Facility","General Corporate Purpose",NA,"Potash Corp Of Saskatchewan Inc",3.5e+08,19,"Scotiabank","SCOTIABANK","Tender Panerl",18421052.6315789
"14374",5059998878,"Nutrien Ltd",154083359565,"1996-10-04","1996-10-04",NA,"Term Loan","Refinancing","Bullet","Potash Corp Of Saskatchewan Inc",1.45e+09,20,"BofA Securities Inc","BOFA-SEC-INC","Tender Panerl",72500000
"14375",5059998878,"Nutrien Ltd",154083366706,"1995-05-26","1995-05-26","2000-05-26","Revolving Credit Facility","Refinancing","Bullet","Potash Corp Of Saskatchewan Inc",7.6e+08,18,"BMO Capital Markets","BMO-CAPITAL","Tender Panerl",42222222.2222222
"14376",5059998878,"Nutrien Ltd",154083388076,"1995-05-01","1995-05-01","2000-05-01","Revolving Credit Facility","Acquisition Finance",NA,"Potash Corp Of Saskatchewan Inc",7.6e+08,15,"Deutsche Bank","DEUTSCHE-BANK","Tender Panerl",50666666.6666667
"14377",5059998878,"Nutrien Ltd",154083461716,"2005-08-03",NA,"2011-01-01","Revolving Credit Facility","Future Acquisitions",NA,"Potash Corp Of Saskatchewan Inc",7.5e+08,17,"JP Morgan & Co Inc","JPM","Tender Panerl",44117647.0588235
"14378",5059998878,"Nutrien Ltd",154083498863,"2009-01-21","2009-01-21","2010-05-28","Revolving Credit Facility",NA,"Bullet","Potash Corp Of Saskatchewan Inc",1.5e+09,9,"CIBC World Markets Inc","CIBC-WORLD","Tender Panerl",166666666.666667
"14379",5059998878,"Nutrien Ltd",154083518111,"2009-12-11","2009-12-11","2012-12-11","Revolving Credit Facility","General Corporate Purpose","Bullet","Potash Corp Of Saskatchewan Inc",2358490566.03774,15,"Citi","CITI","Tender Panerl",157232704.402516
"14380",5059998878,"Nutrien Ltd",154083519557,"2011-09-21","2011-09-23","2016-09-26","Revolving Credit Facility","Refinancing","Bullet","Potash Corp Of Saskatchewan Inc",2.75e+09,25,"Credit Agricole Corporate & Investment Bank","CREDIT-AGRI-CIB","Tender Panerl",1.1e+08
"14381",5059998878,"Nutrien Ltd",154083548801,"2008-05-29","2008-05-29","2009-05-28","364 Day Revolver","General Corporate Purpose",NA,"Potash Corp Of Saskatchewan Inc",759032486.590426,20,"UBS","UBS-BANK","Tender Panerl",37951624.3295213
"14382",5059998878,"Nutrien Ltd",154083567861,"2013-05-24","2013-05-24","2018-05-31","Revolving Credit Facility","Refinancing",NA,"Potash Corp Of Saskatchewan Inc",3.5e+09,3,"JP Morgan & Co Inc","JPM","Tender Panerl",1166666666.66667
"14383",5059998878,"Nutrien Ltd",154083587243,"2014-06-19","2014-07-21","2019-05-31","Revolving Credit Facility","General Corporate Purpose",NA,"Potash Corp Of Saskatchewan Inc",3.5e+09,15,"JP Morgan & Co Inc","JPM","Tender Panerl",233333333.333333
"14384",5059998878,"Nutrien Ltd",154083624979,"2016-06-15","2016-06-27","2021-05-31","Revolving Credit Facility","Refinancing",NA,"Potash Corp Of Saskatchewan Inc",3.25e+09,18,"Lloyds Bank","LLOYDS-PLC","Tender Panerl",180555555.555556
"14385",5059998878,"Nutrien Ltd",154083627098,"2015-12-09","2016-01-25","2020-05-31","Revolving Credit Facility","General Corporate Purpose",NA,"Potash Corp Of Saskatchewan Inc",3.5e+09,19,"Mitsubishi UFJ Financial Group","MITSUBISHI-UFJ","Tender Panerl",184210526.315789
"14386",5059998878,"Nutrien Ltd",154085063217,"2018-03-17","2018-04-10","2023-04-09","Revolving Credit Facility","General Corporate Purpose",NA,"Nutrien Ltd",4.5e+09,19,"Sumitomo Mitsui Financial Group Inc","SUM-MIT-FIN-GRP","Tender Panerl",236842105.263158
"14387",5059998878,"Nutrien Ltd",154085063218,"2018-03-17","2018-04-10","2023-04-09","Revolving Credit Facility","Refinance/Retiring Bank Debt",NA,"Nutrien Ltd",4.5e+09,3,"TD Securities Inc","TD-SECURITIES","Tender Panerl",1.5e+09
"14388",5059998878,"Nutrien Ltd",154087199404,"2021-06-04","2021-06-04","2026-06-04","Revolving Credit Facility","Export/Import Financing",NA,"Nutrien Ltd",4.5e+09,7,"BMO Capital Markets","BMO-CAPITAL","Participant",642857142.857143
"14389",5059998878,"Nutrien Ltd",154087704287,"2022-09-14","2022-09-14","2023-09-13","364 Day Revolver","General Corporate Purpose",NA,"Nutrien Ltd",2e+09,17,"Scotiabank","SCOTIABANK","Arranger",117647058.823529
"14390",5059998878,"Nutrien Ltd",154087704299,"2022-09-14","2022-09-14","2026-09-14","Revolving Credit Facility","General Corporate Purpose",NA,"Nutrien Ltd",4.5e+09,10,"BNP Paribas SA","BNP-PARIBAS","Participant",4.5e+08
"14391",5059998878,"Nutrien Ltd",154088163601,"2023-09-12","2023-09-12","2024-09-10","364 Day Revolver","General Corporate Purpose",NA,"Nutrien Ltd",1.5e+09,4,"RBC Capital Markets","RBC-CAP-MKTS","Participant",3.75e+08
"14392",5059998878,"Nutrien Ltd",154088614822,"2024-09-04","2024-09-04","2025-09-03","364 Day Revolver","General Corporate Purpose",NA,"Nutrien Ltd",7.5e+08,7,"Scotiabank","SCOTIABANK","Arranger",107142857.142857
"14393",5059998878,"Nutrien Ltd",154088614824,"2024-09-04","2024-09-04","2029-09-04","Revolving Credit Facility","Acquisition Finance",NA,"Nutrien Ltd",4.5e+09,1,"BofA Securities Inc","BOFA-SEC-INC","Lead Manager",4.5e+09
"14394",5059998878,"Nutrien Ltd",154089079734,"2025-09-03","2025-09-03","2030-09-03","Revolving Credit Facility","General Corporate Purpose",NA,"Nutrien Ltd",4.5e+09,12,"Scotiabank","SCOTIABANK","Administration Agent",3.75e+08
"14395",5059998878,"Nutrien Ltd",154089079742,"2025-09-04","2025-09-04","2026-09-02","364 Day Revolver","Acquisition Finance",NA,"Nutrien Ltd",5e+08,2,"BMO Capital Markets","BMO-CAPITAL","Participant",2.5e+08
"14709",5000274109,"Mosaic Co",154083533625,"2012-03-23","2012-03-23","2012-12-18","Revolving Credit Facility","General Corporate Purpose",NA,"The Mosaic Co",9.5e+07,23,"BofA Securities Inc","BOFA-SEC-INC","Administration Agent",4130434.7826087
"14710",5000274109,"Mosaic Co",154083561918,"2014-01-27","2014-06-30","2030-12-30","Term Loan","Refinance/Retiring Bank Debt",NA,"Saudi Arabia",3783276450.51195,17,"First Citizens Bancshares Inc","FIRST-CITI-BANC","Participant",222545673.559526
"14711",5000274109,"Mosaic Co",154083570300,"2013-12-05","2013-12-05","2018-12-05","Revolving Credit Facility","Project Finance",NA,"The Mosaic Co",1.5e+09,17,"Allied Irish Banks PLC{AIB Group}","ALLIED-BKS","Participant",88235294.1176471
"14712",5000274109,"Mosaic Co",154083571128,"2013-12-10",NA,"2018-12-16","Revolving Credit Facility","General Corporate Purpose",NA,"The Mosaic Co",1.5e+09,17,"Mitsubishi UFJ Financial Group","MITSUBISHI-UFJ","Arranger",88235294.1176471
"14713",5000274109,"Mosaic Co",154083572559,"2014-03-20","2014-03-20","2017-03-20","Term Loan","General Corporate Purpose",NA,"The Mosaic Co",8e+08,5,"HSBC Holdings PLC","SAM-CAPEL-HSBC","Arranger",1.6e+08
"14714",5000274109,"Mosaic Co",154083572560,"2014-03-20","2014-03-20","2019-03-20","Term Loan A","Acquisition Finance",NA,"The Mosaic Co",8e+08,17,"KfW IPEX-Bank GmbH","KFW-IPEX","Arranger",47058823.5294118
"14715",5000274109,"Mosaic Co",154083581076,"2014-01-27","2014-06-30","2030-12-30","Term Loan","Acquisition Finance",NA,"Saudi Arabia",3783276450.51195,17,"Mizuho Financial Group","MIZUHO-FINAN","Arranger",222545673.559526
"14716",5000274109,"Mosaic Co",154083581077,"2014-01-27","2014-06-30","2030-12-30","Term Loan","Project Finance",NA,"Saudi Arabia",3783276450.51195,15,"Sumitomo Mitsui Financial Group Inc","SUM-MIT-FIN-GRP","Arranger",252218430.03413
"14717",5000274109,"Mosaic Co",154083581078,"2014-01-27","2014-06-30","2030-12-30","Term Loan","Project Finance",NA,"Saudi Arabia",3783276450.51195,10,"Wells Fargo & Co","WF","Administration Agent",378327645.051195
"14718",5000274109,"Mosaic Co",154083581079,"2014-01-27","2014-06-30","2030-12-30","Term Loan","Project Finance",NA,"Saudi Arabia",3783276450.51195,22,"BMO Capital Markets","BMO-CAPITAL","Syndication Agent",171967111.386907
"14719",5000274109,"Mosaic Co",154083581080,"2014-01-27","2014-06-30","2030-12-30","Islamic Financing","Project Finance",NA,"Saudi Arabia",3783276450.51195,22,"BNP Paribas SA","BNP-PARIBAS","Syndication Agent",171967111.386907
"14720",5000274109,"Mosaic Co",154083593750,"2014-01-27","2014-06-30","2029-06-30","Term Loan","Project Finance",NA,"Saudi Arabia",3783276450.51195,5,"JP Morgan & Co Inc","JPM","Syndication Agent",756655290.10239
"14721",5000274109,"Mosaic Co",154083622134,"2016-11-18","2016-11-18","2021-11-18","Revolving Credit Facility","Project Finance",NA,"The Mosaic Co",2.72e+09,5,"Santander Corporate & Investment Banking","SANTANDER-GBM","Syndication Agent",5.44e+08
"14722",5000274109,"Mosaic Co",154083622135,"2016-11-18","2016-11-18","2021-11-18","Term Loan A","General Corporate Purpose","Amortizing","The Mosaic Co",2.72e+09,3,"US Bancorp","USBANC","Syndication Agent",906666666.666667
"14723",5000274109,"Mosaic Co",154086852767,"2020-07-24","2020-07-24","2022-11-18","Revolving Credit Facility","Working Capital",NA,"The Mosaic Co",2.2e+09,12,"BofA Securities Inc","BOFA-SEC-INC","Participant",183333333.333333
"14724",5000274109,"Mosaic Co",154087280425,"2021-08-19","2021-08-19","2026-08-19","Revolving Credit Facility","General Corporate Purpose",NA,"The Mosaic Co",2.5e+09,5,"Barclays","BARCLAYS-CAP","Participant",5e+08
"14725",5000274109,"Mosaic Co",154087992704,"2023-05-10","2023-05-10","2026-08-19","Revolving Credit Facility","Working Capital",NA,"The Mosaic Co",2.5e+09,5,"UBS","UBS-BANK","Participant",5e+08
"14726",5000274109,"Mosaic Co",154088005526,"2023-05-18","2023-05-18","2033-05-18","Delayed Draw Term Loan","General Corporate Purpose",NA,"The Mosaic Co",7e+08,1,"Morgan Stanley","MORGAN-STANLEY","Participant",7e+08
"14727",5000274109,"Mosaic Co",154088905122,"2025-05-16","2025-05-16","2030-05-16","Revolving Credit Facility","Working Capital",NA,"The Mosaic Co",2.5e+09,5,"JP Morgan & Co Inc","JPM","Administration Agent",5e+08
"14728",5000274109,"Mosaic Co",154090050962,"2026-06-10","2026-06-10","2029-06-10","Delayed Draw Term Loan","General Corporate Purpose",NA,"The Mosaic Co",1e+09,7,"US Bancorp","USBANC","Syndication Agent",142857142.857143
"14729",5000274109,"Mosaic Co",154090050963,"2026-06-10","2026-06-10","2027-06-09","Delayed Draw Term Loan","General Corporate Purpose",NA,"The Mosaic Co",1e+09,7,"Scotiabank","SCOTIABANK","Syndication Agent",142857142.857143
"14946",4295885383,"Yara International ASA",154083409198,"2008-04-25","2008-04-25","2013-04-24","Revolving Credit Facility","Leveraged Buyout",NA,"Yara International ASA",468691413.573303,18,"Commerzbank AG","COMMERZBANK","Arranger",26038411.8651835
"14947",4295885383,"Yara International ASA",154083442942,"2004-01-23","2004-03-18","2009-03-18","Revolving Credit Facility","Demerger",NA,"Norsk Hydro ASA",1.5e+09,17,"Handelsbanken Capital Markets","SVENSKA","Arranger",88235294.1176471
"14948",4295885383,"Yara International ASA",154083444112,"2004-01-23","2004-03-18","2005-03-18","Term Loan","Refinancing",NA,"Norsk Hydro ASA",1.5e+09,15,"BNP Paribas SA","BNP-PARIBAS","Arranger",1e+08
"14949",4295885383,"Yara International ASA",154083458843,"2005-05-18","2005-06-24","2012-06-24","Revolving Credit Facility","Demerger",NA,"Yara International ASA",1e+09,18,"Barclays","BARCLAYS-CAP","Arranger",55555555.5555556
"14950",4295885383,"Yara International ASA",154083493189,"2007-10-17","2007-12-11","2017-12-11","Term Loan","Refinancing","Bullet","Qatar Petroleum",1.6e+09,15,"Credit Agricole Corporate & Investment Bank","CREDIT-AGRI-CIB","Arranger",106666666.666667
"14951",4295885383,"Yara International ASA",154083497649,"2007-06-20","2007-06-20","2008-06-18","Term Loan","Refinance/Retiring Bank Debt",NA,"Yara International ASA",5e+08,5,"Citi","CITI","Arranger",1e+08
"14952",4295885383,"Yara International ASA",154083529631,"2012-06-29","2012-06-29","2013-06-29","Revolving Credit Facility","Project Finance",NA,"Yara International ASA",8.4e+08,13,"Commerzbank AG","COMMERZBANK","Arranger",64615384.6153846
"14953",4295885383,"Yara International ASA",154083534943,"2007-10-17","2007-12-11","2012-12-11","Revolving Credit Facility","Acquisition Finance","Bullet","Qatar Petroleum",1.6e+09,15,"DNB Carnegie","DNB-CARNEGIE","Arranger",106666666.666667
"14954",4295885383,"Yara International ASA",154083538190,"2007-10-17","2007-12-11","2017-12-11","Term Loan","Refinancing","Bullet","Qatar Petroleum",1.6e+09,19,"Danske Bank","DEN-DANSKE-AKT","Arranger",84210526.3157895
"14955",4295885383,"Yara International ASA",154083564649,"2013-07-05","2013-07-05","2018-07-05","Revolving Credit Facility","Project Finance",NA,"Yara International ASA",1.75e+09,26,"ING","ING","Arranger",67307692.3076923
"14956",4295885383,"Yara International ASA",154083564650,"2013-07-05","2013-07-05","2014-07-05","Revolving Credit Facility","Project Finance",NA,"Yara International ASA",1.75e+09,11,"IMI - Intesa Sanpaolo","INTESA-SAN","Arranger",159090909.090909
"14957",4295885383,"Yara International ASA",154083599812,"2015-01-31","2015-01-31","2017-01-31","Term Loan","Refinancing",NA,"Yara International ASA",5e+08,14,"JP Morgan & Co Inc","JPM","Arranger",35714285.7142857
"14958",4295885383,"Yara International ASA",154085435586,"2019-07-12","2019-07-12","2024-07-12","Revolving Credit Facility","Refinancing",NA,"Yara International ASA",1.1e+09,6,"Nordea","NORDEA-BANK","Arranger",183333333.333333
"14959",4295885383,"Yara International ASA",154088842643,"2025-03-21","2025-03-27","2030-03-27","Revolving Credit Facility","General Corporate Purpose",NA,"Yara International ASA",1.4e+09,1,"Cooperatieve Rabobank UA","RABOBANK","Arranger",1.4e+09
"15139",4295903461,"CF Industries Holdings Inc",154083393853,"1997-09-30","1997-09-30","2002-09-30","Revolving Credit Facility","General Corporate Purpose",NA,"CF Industries Holdings Inc",2e+08,15,"Piper Sandler & Co","PIPER-SANDLER","Administration Agent",13333333.3333333
"15140",4295903461,"CF Industries Holdings Inc",154083459650,"2005-08-16","2005-08-16","2010-08-16","Revolving Credit Facility","General Corporate Purpose","Bullet","CF Industries Holdings Inc",2.5e+08,13,"RBC Capital Markets","RBC-CAP-MKTS","Documentation Agent",19230769.2307692
"15141",4295903461,"CF Industries Holdings Inc",154083516572,"2010-03-25","2010-04-05","2015-04-05","Term Loan B","Working Capital",NA,"CF Industries Holdings Inc",4.05e+09,13,"CoBank ACB","COBANK","Managing Agent",311538461.538462
"15142",4295903461,"CF Industries Holdings Inc",154083516851,"2010-03-25","2010-04-05","2015-04-05","Revolving Credit Facility","Acquisition Finance","Bullet","CF Industries Holdings Inc",4.05e+09,8,"BofA Securities Inc","BOFA-SEC-INC","Participant",506250000
"15143",4295903461,"CF Industries Holdings Inc",154083516852,"2010-03-25","2010-04-05","2011-04-05","Bridge Loan","Acquisition Finance",NA,"CF Industries Holdings Inc",4.05e+09,22,"BNP Paribas SA","BNP-PARIBAS","Participant",184090909.090909
"15144",4295903461,"CF Industries Holdings Inc",154083520078,"2007-07-30","2007-07-30","2012-07-30","Revolving Credit Facility","Acquisition Finance",NA,"CF Industries Holdings Inc",2.5e+08,16,"Credit Agricole Corporate & Investment Bank","CREDIT-AGRI-CIB","Participant",15625000
"15145",4295903461,"CF Industries Holdings Inc",154083547848,"2011-08-02","2012-05-01","2017-05-01","Revolving Credit Facility","General Corporate Purpose",NA,"CF Industries Holdings Inc",5e+08,22,"Northern Trust Corp","NORTHERN-T-CORP","Participant",22727272.7272727
"15146",4295903461,"CF Industries Holdings Inc",154083578877,"2013-04-22","2013-04-22","2018-05-01","Revolving Credit Facility","General Corporate Purpose",NA,"CF Industries Holdings Inc",1e+09,22,"Truist Financial Corp","TRUIST-FIN","Participant",45454545.4545455
"15147",4295903461,"CF Industries Holdings Inc",154083593776,"2015-08-13","2015-09-18","2016-09-17","Bridge Loan","Future Acquisitions","Bullet","CF Industries Holdings Inc",4e+09,15,"JP Morgan & Co Inc","JPM","Administration Agent",4.5e+07
"15148",4295903461,"CF Industries Holdings Inc",154083593777,"2015-08-13","2015-09-18","2016-09-17","Bridge Loan","Working Capital","Bullet","CF Industries Holdings Inc",4e+09,2,"BMO Capital Markets","BMO-CAPITAL","Syndication Agent",3.5e+07
"15149",4295903461,"CF Industries Holdings Inc",154083593887,"2015-09-03","2015-09-18","2020-09-18","Revolving Credit Facility","Stock Repurchase",NA,"CF Industries Holdings Inc",2e+09,11,"GE Capital","GE-CAPITAL","Syndication Agent",3.5e+07
"15150",4295903461,"CF Industries Holdings Inc",154083611248,"2015-03-17","2015-03-20","2020-03-20","Revolving Credit Facility","Capital Expenditures",NA,"CF Industries Holdings Inc",1.5e+09,15,"Citi","CITI","Documentation Agent",3e+07
"15151",4295903461,"CF Industries Holdings Inc",154085557888,"2019-12-05","2019-12-05","2024-12-05","Revolving Credit Facility","Refinance/Retiring Bank Debt",NA,"CF Industries Holdings Inc",7.5e+08,3,"BofA Securities Inc","BOFA-SEC-INC","Documentation Agent",2.7e+07
"15152",4295903461,"CF Industries Holdings Inc",154087357396,"2021-10-07","2021-10-07","2025-10-07","Term Loan","Working Capital",NA,"CF Industries Holdings Inc",47100000,11,"BofA Securities Inc","BOFA-SEC-INC","Participant",1.7e+07
"15153",4295903461,"CF Industries Holdings Inc",154087997611,"2023-05-12","2023-05-12","2024-12-05","Revolving Credit Facility","General Corporate Purpose",NA,"CF Industries Holdings Inc",7.5e+08,13,"CoBank ACB","COBANK","Participant",1.7e+07
"15154",4295903461,"CF Industries Holdings Inc",154088270384,"2023-10-26","2023-10-26","2028-10-26","Revolving Credit Facility","Acquisition Finance",NA,"CF Industries Holdings Inc",7.5e+08,4,"Wells Fargo & Co","WF","Participant",1.7e+07
"15155",4295903461,"CF Industries Holdings Inc",154088270385,"2023-10-26","2023-10-26","2028-10-26","Revolving Credit Facility","General Corporate Purpose",NA,"CF Industries Holdings Inc",7.5e+08,10,"Natixis","NATIXIS","Participant",1.7e+07
"15156",4295903461,"CF Industries Holdings Inc",154088976253,"2025-06-30","2025-06-30",NA,"Revolving Credit or Term Loan","Acquisition Finance",NA,"CF Industries Holdings Inc",1.04e+09,3,"Raiffeisen Bank International AG{RBI}","RAIFFEISEN-BI","Participant",1e+07
"15157",4295903461,"CF Industries Holdings Inc",154088976254,"2025-06-30","2025-06-30",NA,"Revolving Credit or Term Loan","General Corporate Purpose",NA,"CF Industries Holdings Inc",1.04e+09,4,"Morgan Stanley","MORGAN-STANLEY","Administration Agent",2.6e+08
"15158",4295903461,"CF Industries Holdings Inc",154089075704,"2025-09-04","2025-09-04","2030-09-04","Revolving Credit Facility","Working Capital",NA,"CF Industries Holdings Inc",7.5e+08,2,"Mitsubishi UFJ Financial Group","MITSUBISHI-UFJ","Syndication Agent",3.75e+08
"15159",4295903461,"CF Industries Holdings Inc",154089083138,"2025-09-04","2025-09-04","2030-09-04","Revolving Credit Facility","Capital Expenditures",NA,"CF Industries Holdings Inc",7.5e+08,1,"BMO Capital Markets","BMO-CAPITAL","Documentation Agent",7.5e+08
"15160",4295903461,"CF Industries Holdings Inc",154089284281,"2026-02-26","2026-02-26",NA,"Revolving Credit or Term Loan","General Corporate Purpose",NA,"CF Industries Holdings Inc",1345205303.95234,1,"Natixis","NATIXIS","Documentation Agent",1345205303.95234
"15161",4295903461,"CF Industries Holdings Inc",154089284282,"2026-02-26","2026-02-26",NA,"Revolving Credit or Term Loan","Working Capital",NA,"CF Industries Holdings Inc",1345205303.95234,1,"Wells Fargo & Co","WF","Documentation Agent",1345205303.95234
"15366",4295903104,"Deere & Co",154083342457,"1986-09-04","1986-09-04","1989-09-04","Revolving Credit Facility","General Corporate Purpose","Amortizing","Deere & Co",432962909.510752,27,"TD Securities Inc","TD-SECURITIES","Lead Manager",16035663.315213
"15367",4295903104,"Deere & Co",154083346305,"1988-07-27","1988-07-27",NA,"Revolving Credit Facility","General Corporate Purpose","Amortizing","Deere & Co",1e+09,19,"Scotiabank","SCOTIABANK","Participant",52631578.9473684
"15368",4295903104,"Deere & Co",154083346469,"1987-12-17","1987-12-17",NA,"Multiple Loan Facility","General Corporate Purpose","Amortizing","Deere & Co",5e+08,12,"BofA Securities Inc","BOFA-SEC-INC","Participant",41666666.6666667
"15369",4295903104,"Deere & Co",154083349502,"1985-06-07","1985-06-07","1990-06-07","Transferable Revolving Underwriting Facility","General Corporate Purpose","Amortizing","Deere & Co",1.3e+09,11,"BMO Capital Markets","BMO-CAPITAL","Participant",118181818.181818
"15370",4295903104,"Deere & Co",154083365729,"1994-10-01","1994-12-14",NA,"Term Loan","Refinancing",NA,"Deere & Co",8.25e+08,24,"JP Morgan & Co Inc","JPM","Participant",34375000
"15371",4295903104,"Deere & Co",154083370219,"1993-03-26","1993-03-26",NA,"Revolving Credit Facility","General Corporate Purpose","Bullet","Deere & Co",1.065e+09,21,"CIBC World Markets Inc","CIBC-WORLD","Participant",50714285.7142857
"15372",4295903104,"Deere & Co",154083370304,"1993-03-29","1993-03-29","1996-03-29","Revolving Credit Facility","General Corporate Purpose","Bullet","Deere & Co",821972734.562951,11,"RBC Capital Markets","RBC-CAP-MKTS","Participant",74724794.0511774
"15373",4295903104,"Deere & Co",154083371681,"1993-04-01","1993-04-01","1996-04-01","Term Loan","Standby/CP Support",NA,"Deere & Co",813621209.715828,22,"Gentra Inc","GENTRA","Participant",36982782.2598104
"15374",4295903104,"Deere & Co",154083372577,"1993-12-15",NA,"1999-01-01","Revolving Credit Facility","Refinancing","Bullet","Deere & Co",1.65e+09,24,"JP Morgan & Co Inc","JPM","Facility Agent",68750000
"15375",4295903104,"Deere & Co",154083372578,"1993-12-15",NA,"1994-01-01","Revolving Credit Facility","Refinancing","Bullet","Deere & Co",1.65e+09,4,"Barclays","BARCLAYS-CAP","Participant",412500000
"15376",4295903104,"Deere & Co",154083378497,"1992-09-01","1992-09-01",NA,"Revolving Credit Facility","General Corporate Purpose","Bullet","Deere & Co",2e+08,27,"BofA Securities Inc","BOFA-SEC-INC","Participant",7407407.40740741
"15377",4295903104,"Deere & Co",154083380499,"1989-12-15","1989-12-15","1994-12-15","Multiple Loan Facility","Refinancing","Amortizing","Deere & Co",7.5e+08,30,"BNP Paribas SA","BNP-PARIBAS","Participant",2.5e+07
"15378",4295903104,"Deere & Co",154083382352,"1989-11-30","1989-11-30",NA,"Revolving Credit Facility","General Corporate Purpose","Amortizing","Deere & Co",1.75e+09,11,"Scotiabank","SCOTIABANK","Participant",159090909.090909
"15379",4295903104,"Deere & Co",154083383033,"1996-02-27","1996-02-27",NA,"Revolving Credit Facility","General Corporate Purpose",NA,"Deere & Co",4.2e+09,9,"BofA Securities Inc","BOFA-SEC-INC","Participant",466666666.666667
"15380",4295903104,"Deere & Co",154083383034,"1996-02-27","1996-02-27","1997-02-25","Revolving Credit Facility","General Corporate Purpose",NA,"Deere & Co",4.2e+09,7,"Piper Sandler & Co","PIPER-SANDLER","Participant",6e+08
"15381",4295903104,"Deere & Co",154083383236,"1990-03-01","1990-03-01",NA,"Revolving Credit Facility","General Corporate Purpose","Amortizing","Deere & Co",671986560.268795,20,"Bank of New York Mellon Corp","BNY-MELLON","Participant",33599328.0134398
"15382",4295903104,"Deere & Co",154083386155,"1995-04-05","1995-04-05","1996-04-04","Revolving Credit Facility","General Corporate Purpose","Bullet","Deere & Co",5e+08,24,"Chicago-Tokyo Bank","BOTCB","Participant",20833333.3333333
"15383",4295903104,"Deere & Co",154083386194,"1995-04-05","1995-04-05","1996-04-04","Revolving Credit Facility","General Corporate Purpose","Bullet","Deere & Co",5e+08,24,"JP Morgan & Co Inc","JPM","Participant",20833333.3333333
"15384",4295903104,"Deere & Co",154083386196,"1995-04-05","1995-04-05","2000-04-04","Revolving Credit Facility","General Corporate Purpose","Bullet","Deere & Co",3.5e+09,24,"Deutsche Bank","DEUTSCHE-BANK","Participant",145833333.333333
"15385",4295903104,"Deere & Co",154083386347,"1995-04-05","1995-04-05","2000-04-04","Revolving Credit Facility","General Corporate Purpose","Bullet","Deere & Co",3.5e+09,11,"JP Morgan & Co Inc","JPM","Participant",318181818.181818
"15386",4295903104,"Deere & Co",154083392411,"1997-02-21","1997-02-21","1998-02-24","Revolving Credit Facility","Refinancing","Amortizing","Deere & Co",4e+09,11,"JP Morgan & Co Inc","JPM","Participant",363636363.636364
"15387",4295903104,"Deere & Co",154083392412,"1997-02-21","1997-02-21","2002-02-25","Revolving Credit Facility","Refinancing",NA,"Deere & Co",4e+09,8,"BofA Securities Inc","BOFA-SEC-INC","Participant",5e+08
"15388",4295903104,"Deere & Co",154083397748,"1998-02-24","1998-02-24","2003-02-24","Revolving Credit Facility","General Corporate Purpose","Bullet","Deere & Co",5e+09,8,"CIBC World Markets Inc","CIBC-WORLD","Participant",6.25e+08
"15389",4295903104,"Deere & Co",154083397749,"1998-02-24","1998-02-24","1998-02-24","Revolving Credit Facility","General Corporate Purpose","Bullet","Deere & Co",5e+09,30,"Citi","CITI","Participant",166666666.666667
"15390",4295903104,"Deere & Co",154083400929,"1999-02-23","1999-02-23","2000-02-22","Revolving Credit Facility","Refinancing","Bullet","Deere & Co",2e+09,29,"Commerzbank AG","COMMERZBANK","Participant",68965517.2413793
"15391",4295903104,"Deere & Co",154083406983,"2000-01-01",NA,"2000-12-30","Revolving Credit Facility","Standby/CP Support",NA,"Deere & Co",2e+09,11,"Deutsche Bank","DEUTSCHE-BANK","Participant",181818181.818182
"15392",4295903104,"Deere & Co",154083407165,"2000-02-22","2000-02-22","2001-02-20","Revolving Credit Facility","Standby/CP Support","Bullet","Deere & Co",4.5e+09,11,"Commerzbank AG","COMMERZBANK","Participant",409090909.090909
"15393",4295903104,"Deere & Co",154083407166,"2000-02-22","2000-02-22","2005-02-22","Revolving Credit Facility","General Corporate Purpose","Bullet","Deere & Co",4.5e+09,24,"JP Morgan & Co Inc","JPM","Participant",187500000
"15394",4295903104,"Deere & Co",154083414997,"2001-02-20","2001-02-20","2006-02-20","Revolving Credit Facility","Stock Repurchase","Bullet","Deere & Co",4.15e+09,20,"Bank of New York Mellon Corp","BNY-MELLON","Participant",207500000
"15395",4295903104,"Deere & Co",154083415486,"2001-02-20","2001-02-20","2002-02-19","Revolving Credit Facility","General Corporate Purpose","Bullet","Deere & Co",4.15e+09,20,"JP Morgan & Co Inc","JPM","Participant",207500000
"15396",4295903104,"Deere & Co",154083423371,"2002-01-25","2002-02-19","2003-02-18","Revolving Credit Facility","Stock Repurchase","Bullet","Deere & Co",1.85e+09,24,"Bank of New York Mellon Corp","BNY-MELLON","Participant",77083333.3333333
"15397",4295903104,"Deere & Co",154083435327,"2003-01-30","2003-02-18","2004-02-17","Revolving Credit Facility","General Corporate Purpose","Bullet","Deere & Co",1.35e+09,30,"Northern Trust Corp","NORTHERN-T-CORP","Participant",4.5e+07
"15398",4295903104,"Deere & Co",154083440853,"2004-02-11","2004-02-17","2005-02-15","364 Day Revolver","Future Acquisitions","Bullet","Deere & Co",2.5e+09,29,"RBC Capital Markets","RBC-CAP-MKTS","Participant",86206896.5517241
"15399",4295903104,"Deere & Co",154083443508,"2004-01-22",NA,"2005-01-20","364 Day Revolver","Stock Repurchase",NA,"Deere & Co",2.5e+09,26,"Societe Generale SA","SOC-GEN","Participant",96153846.1538462
"15400",4295903104,"Deere & Co",154083443509,"2004-01-22",NA,"2009-01-22","Revolving Credit Facility","General Corporate Purpose",NA,"Deere & Co",2.5e+09,7,"TD Securities Inc","TD-SECURITIES","Participant",357142857.142857
"15401",4295903104,"Deere & Co",154083443845,"2004-02-11","2004-02-17","2009-02-17","Revolving Credit Facility","Future Acquisitions","Bullet","Deere & Co",2.5e+09,24,"Barclays","BARCLAYS-CAP","Agent",104166666.666667
"15402",4295903104,"Deere & Co",154083457404,"2005-01-27","2005-02-15","2006-02-14","364 Day Revolver","Stock Repurchase","Bullet","Deere & Co",1.25e+09,18,"BNP Paribas SA","BNP-PARIBAS","Agent",69444444.4444444
"15403",4295903104,"Deere & Co",154083457405,"2005-01-27","2005-02-15","2010-02-15","Revolving Credit Facility","General Corporate Purpose","Bullet","Deere & Co",1.25e+09,10,"Deutsche Bank","DEUTSCHE-BANK","Agent",1.25e+08
"15404",4295903104,"Deere & Co",154083470338,"2006-02-14","2006-02-14","2011-02-14","Revolving Credit Facility","Stock Repurchase",NA,"Deere & Co",3e+09,22,"Deutsche Bank","DEUTSCHE-BANK","Facility Agent",136363636.363636
"15405",4295903104,"Deere & Co",154083471777,"2006-01-19",NA,"2011-01-19","Revolving Credit Facility","Standby/CP Support",NA,"Deere & Co",3e+09,24,"Commerzbank AG","COMMERZBANK","Lead Manager",1.25e+08
"15406",4295903104,"Deere & Co",154083489012,"2012-02-27","2012-02-27","2013-02-25","364 Day Revolver","General Corporate Purpose",NA,"Deere & Co",2.25e+09,22,"Commerzbank AG","COMMERZBANK","Lead Manager",102272727.272727
"15407",4295903104,"Deere & Co",154083489013,"2012-02-27","2012-02-27","2017-02-27","Revolving Credit Facility","Future Acquisitions",NA,"Deere & Co",2.25e+09,8,"Societe Generale SA","SOC-GEN","Lead Manager",281250000
"15408",4295903104,"Deere & Co",154083527035,"2008-03-04","2008-03-04","2009-03-03","364 Day Revolver","General Corporate Purpose","Bullet","Deere & Co",7.5e+08,21,"BofA Securities Inc","BOFA-SEC-INC","Co-Lead Manager",35714285.7142857
"15409",4295903104,"Deere & Co",154083528090,"2010-02-20",NA,"2013-02-20","Term Loan","Future Acquisitions",NA,"Deere & Co",1.5e+09,10,"HSBC Holdings PLC","SAM-CAPEL-HSBC","Co-Lead Manager",1.5e+08
"15410",4295903104,"Deere & Co",154083535669,"2009-03-03","2009-03-03","2010-03-02","364 Day Revolver","Refinancing",NA,"Deere & Co",7.5e+08,29,"BofA Securities Inc","BOFA-SEC-INC","Co-Lead Manager",25862068.9655172
"15411",4295903104,"Deere & Co",154083547972,"2011-02-09","2011-02-28","2015-03-28","Revolving Credit Facility","Refinancing","Bullet","Deere & Co",3.5e+09,7,"Credit Agricole Corporate & Investment Bank","CREDIT-AGRI-CIB","Co-Lead Manager",5e+08
"15412",4295903104,"Deere & Co",154083547973,"2011-02-09","2011-02-28","2012-02-27","364 Day Revolver","General Corporate Purpose","Bullet","Deere & Co",3.5e+09,6,"JP Morgan & Co Inc","JPM","Co-Lead Manager",583333333.333333
"15413",4295903104,"Deere & Co",154083548683,"2010-03-02","2010-03-02","2013-04-02","Revolving Credit Facility","Future Acquisitions",NA,"Deere & Co",1.5e+09,18,"BofA Securities Inc","BOFA-SEC-INC","Facility Agent",83333333.3333333
"15414",4295903104,"Deere & Co",154083553798,"2007-02-01",NA,"2012-02-01","Revolving Credit Facility","General Corporate Purpose",NA,"Deere & Co",3.75e+09,9,"Scotiabank","SCOTIABANK","Lead Manager",416666666.666667
"15415",4295903104,"Deere & Co",154083555317,"2007-02-28","2007-02-28","2012-02-28","Revolving Credit Facility","Refinance/Retiring Bank Debt","Bullet","Deere & Co",3.75e+09,11,"BofA Securities Inc","BOFA-SEC-INC","Lead Manager",340909090.909091
"15416",4295903104,"Deere & Co",154083571475,"2013-12-23","2013-12-23","2018-12-23","Term Loan B","General Corporate Purpose",NA,"Deere & Co",311700000,26,"BMO Capital Markets","BMO-CAPITAL","Lead Manager",11988461.5384615
"15417",4295903104,"Deere & Co",154083571476,"2013-12-23","2013-12-23","2018-12-23","Revolving Credit Facility","Refinance/Retiring Bank Debt",NA,"Deere & Co",311700000,24,"Bank of New York Mellon Corp","BNY-MELLON","Lead Manager",12987500
"15418",4295903104,"Deere & Co",154083572470,"2013-02-25","2013-02-25","2014-02-24","364 Day Revolver","General Corporate Purpose",NA,"Deere & Co",6e+09,11,"Deutsche Bank","DEUTSCHE-BANK","Lead Manager",545454545.454545
"15419",4295903104,"Deere & Co",154083572471,"2013-02-25","2013-02-25","2017-04-02","Revolving Credit Facility","Refinancing",NA,"Deere & Co",6e+09,26,"BofA Securities Inc","BOFA-SEC-INC","Lead Manager",230769230.769231
"15420",4295903104,"Deere & Co",154083572472,"2013-02-25","2013-02-25","2018-04-02","Revolving Credit Facility","Refinance/Retiring Bank Debt",NA,"Deere & Co",6e+09,5,"JP Morgan & Co Inc","JPM","Lead Manager",1.2e+09
"15421",4295903104,"Deere & Co",154083574559,"2014-02-24","2014-02-24","2019-02-24","Revolving Credit Facility","General Corporate Purpose",NA,"Deere & Co",3.5e+09,21,"JP Morgan & Co Inc","JPM","Lead Manager",166666666.666667
"15422",4295903104,"Deere & Co",154083574560,"2014-02-24","2014-02-24","2015-02-23","364 Day Revolver","Refinance/Retiring Bank Debt",NA,"Deere & Co",3.5e+09,1,"Deutsche Bank","DEUTSCHE-BANK","Lead Manager",3.5e+09
"15423",4295903104,"Deere & Co",154083585433,"2014-02-24","2014-02-24","2018-02-24","Revolving Credit Facility","General Corporate Purpose",NA,"Deere & Co",2.5e+09,24,"Commerzbank AG","COMMERZBANK","Lead Manager",104166666.666667
"15424",4295903104,"Deere & Co",154083590755,"2015-02-23","2015-02-23","2016-02-22","364 Day Revolver","Refinance/Retiring Bank Debt",NA,"Deere & Co",4.1e+09,9,"Wells Fargo & Co","WF","Lead Manager",455555555.555556
"15425",4295903104,"Deere & Co",154083590756,"2015-02-23","2015-02-23","2020-04-02","Revolving Credit Facility","General Corporate Purpose",NA,"Deere & Co",4.1e+09,21,"JP Morgan & Co Inc","JPM","Lead Manager",195238095.238095
"15426",4295903104,"Deere & Co",154083596551,"2015-02-23","2015-02-23","2019-04-02","Revolving Credit Facility","Stock Repurchase",NA,"Deere & Co",2.9e+09,29,"JP Morgan & Co Inc","JPM","Lead Manager",1e+08
"15427",4295903104,"Deere & Co",154083626236,"2016-02-08","2016-02-22","2020-04-02","Revolving Credit Facility",NA,NA,"Deere & Co",2.9e+09,6,"JP Morgan & Co Inc","JPM","Lead Manager",483333333.333333
"15428",4295903104,"Deere & Co",154083631590,"2016-02-08","2016-02-22","2021-04-02","Revolving Credit Facility","General Corporate Purpose",NA,"Deere & Co",4.1e+09,10,"UBS","UBS-BANK","Lead Manager",4.1e+08
"15429",4295903104,"Deere & Co",154083631591,"2016-02-08","2016-02-22","2017-02-21","364 Day Revolver","Refinance/Retiring Bank Debt",NA,"Deere & Co",4.1e+09,22,"BofA Securities Inc","BOFA-SEC-INC","Lead Manager",186363636.363636
"15430",4295903104,"Deere & Co",154083639269,"2017-02-17","2017-02-17","2021-04-02","Revolving Credit Facility","General Corporate Purpose",NA,"Deere & Co",2.5e+09,7,"Societe Generale SA","SOC-GEN","Lead Manager",357142857.142857
"15431",4295903104,"Deere & Co",154083643521,"2017-10-24","2017-10-24","2018-10-23","364 Day Revolver","Refinance/Retiring Bank Debt",NA,"Deere & Co",7.5e+08,22,"TD Securities Inc","TD-SECURITIES","Lead Manager",34090909.0909091
"15432",4295903104,"Deere & Co",154083649131,"2017-02-17","2017-02-17","2022-04-02","Revolving Credit Facility","General Corporate Purpose",NA,"Deere & Co",4.25e+09,5,"BNP Paribas SA","BNP-PARIBAS","Co-Lead Manager",8.5e+08
"15433",4295903104,"Deere & Co",154083649132,"2017-02-17","2017-02-17","2018-02-16","364 Day Revolver","Refinance/Retiring Bank Debt",NA,"Deere & Co",4.25e+09,9,"Credit Agricole Corporate & Investment Bank","CREDIT-AGRI-CIB","Co-Lead Manager",472222222.222222
"15434",4295903104,"Deere & Co",154084988249,"2018-02-16","2018-02-16","2019-02-15","364 Day Revolver","General Corporate Purpose",NA,"Deere & Co",1.75e+09,10,"Bank of New York Mellon Corp","BNY-MELLON","Co-Lead Manager",1.75e+08
"15435",4295903104,"Deere & Co",154085193942,"2018-08-31","2018-08-31","2019-10-22","Revolving Credit Facility","Refinance/Retiring Bank Debt",NA,"Deere & Co",7.5e+08,4,"National Australia Bank Ltd","NATL-AUST-BK","Co-Lead Manager",187500000
"15436",4295903104,"Deere & Co",154085362592,"2019-04-01","2019-04-01","2023-04-01","Revolving Credit Facility","General Corporate Purpose",NA,"Deere & Co",7.8e+09,12,"Aozora Bank Ltd","AOZORA-BANK","Co-Lead Manager",6.5e+08
"15437",4295903104,"Deere & Co",154085362593,"2019-04-01","2019-04-01","2024-04-01","Revolving Credit Facility","General Corporate Purpose",NA,"Deere & Co",7.8e+09,7,"RBC Capital Markets","RBC-CAP-MKTS","Co-Lead Manager",1114285714.28571
"15438",4295903104,"Deere & Co",154085362594,"2019-04-01","2019-04-01","2020-03-31","364 Day Revolver","Future Acquisitions",NA,"Deere & Co",7.8e+09,8,"Great Pacific Capital SA","PACIFIC","Manager",9.75e+08
"15439",4295903104,"Deere & Co",154086844437,"2020-03-30","2020-03-30","2021-03-29","364 Day Revolver","Leveraged Buyout",NA,"Deere & Co",8e+09,6,"SBI Holdings Inc","SBI-HOL","Manager",1333333333.33333
"15440",4295903104,"Deere & Co",154086844438,"2020-03-30","2020-03-30","2024-03-30","Revolving Credit Facility","Leveraged Buyout",NA,"Deere & Co",8e+09,9,"JP Morgan & Co Inc","JPM","Arranger",888888888.888889
"15441",4295903104,"Deere & Co",154086844439,"2020-03-30","2020-03-30","2025-03-30","Revolving Credit Facility","General Corporate Purpose",NA,"Deere & Co",8e+09,7,"Deutsche Bank","DEUTSCHE-BANK","Co-Arranger",1142857142.85714
"15442",4295903104,"Deere & Co",154087115050,"2021-03-19","2021-03-29","2022-03-28","364 Day Revolver","General Corporate Purpose",NA,"Deere & Co",8e+09,4,"Commerzbank AG","COMMERZBANK","Participant",2e+09
"15443",4295903104,"Deere & Co",154087115051,"2021-03-19","2021-03-29","2025-03-29","Revolving Credit Facility","Refinance/Retiring Bank Debt",NA,"Deere & Co",8e+09,8,"Societe Generale SA","SOC-GEN","Participant",1e+09
"15444",4295903104,"Deere & Co",154087115052,"2021-03-19","2021-03-29","2026-03-29","Revolving Credit Facility","General Corporate Purpose",NA,"Deere & Co",8e+09,3,"TD Securities Inc","TD-SECURITIES","Arranger",2666666666.66667
"15445",4295903104,"Deere & Co",154087507737,"2022-03-16","2022-03-28","2023-03-27","364 Day Revolver","General Corporate Purpose",NA,"Deere & Co",8e+09,12,"Scotiabank","SCOTIABANK","Participant",666666666.666667
"15446",4295903104,"Deere & Co",154087507738,"2022-03-16","2022-03-28","2026-03-28","Revolving Credit Facility","General Corporate Purpose",NA,"Deere & Co",8e+09,7,"CIBC World Markets Inc","CIBC-WORLD","Participant",1142857142.85714
"15447",4295903104,"Deere & Co",154087507739,"2022-03-16","2022-03-28","2027-03-28","Revolving Credit Facility","General Corporate Purpose",NA,"Deere & Co",8e+09,11,"RBC Capital Markets","RBC-CAP-MKTS","Participant",727272727.272727
"15448",4295903104,"Deere & Co",154087938712,"2023-03-18","2023-03-27","2024-03-26","364 Day Revolver","General Corporate Purpose",NA,"Deere & Co",1e+10,1,"Societe Generale SA","SOC-GEN","Participant",1e+10
"15449",4295903104,"Deere & Co",154087938713,"2023-03-18","2023-03-27","2027-03-27","Revolving Credit Facility","General Corporate Purpose",NA,"Deere & Co",1e+10,6,"TD Securities Inc","TD-SECURITIES","Arranger",1666666666.66667
"15450",4295903104,"Deere & Co",154087938714,"2023-03-18","2023-03-27","2028-03-27","Revolving Credit Facility","General Corporate Purpose",NA,"Deere & Co",1e+10,9,"Scotiabank","SCOTIABANK","Participant",1111111111.11111
"15451",4295903104,"Deere & Co",154088436435,"2024-03-25","2024-03-25","2028-03-25","Revolving Credit Facility","General Corporate Purpose",NA,"Deere & Co",1.05e+10,3,"BofA Securities Inc","BOFA-SEC-INC","Participant",3.5e+09
"15452",4295903104,"Deere & Co",154088436436,"2024-03-25","2024-03-25","2029-03-25","Revolving Credit Facility","General Corporate Purpose",NA,"Deere & Co",1.05e+10,1,"JP Morgan & Co Inc","JPM","Participant",1.05e+10
"15453",4295903104,"Deere & Co",154088436437,"2024-03-25","2024-03-25","2025-03-24","364 Day Revolver","General Corporate Purpose",NA,"Deere & Co",1.05e+10,1,"CIBC World Markets Inc","CIBC-WORLD","Participant",1.05e+10
"15454",4295903104,"Deere & Co",154088833419,"2025-03-16","2025-03-24","2028-03-25","Revolving Credit Facility","General Corporate Purpose",NA,"Deere & Co",1.15e+10,1,"UBS","UBS-BANK","Participant",1.15e+10
"15455",4295903104,"Deere & Co",154088833420,"2025-03-16","2025-03-24","2030-03-24","Revolving Credit Facility","General Corporate Purpose",NA,"Deere & Co",1.15e+10,1,"Deutsche Bank","DEUTSCHE-BANK","Participant",1.15e+10
"15456",4295903104,"Deere & Co",154088833421,"2025-03-16","2025-03-24","2026-03-23","364 Day Revolver","General Corporate Purpose",NA,"Deere & Co",1.15e+10,2,"Bank of New York Mellon Corp","BNY-MELLON","Participant",5.75e+09
"15457",4295903104,"Deere & Co",154089299430,"2026-03-13","2026-03-23","2029-03-23","Revolving Credit Facility","General Corporate Purpose",NA,"Deere & Co",1.2e+10,1,"JP Morgan & Co Inc","JPM","Participant",1.2e+10
"15458",4295903104,"Deere & Co",154089299431,"2026-03-13","2026-03-23","2031-03-23","Revolving Credit Facility","General Corporate Purpose",NA,"Deere & Co",1.2e+10,1,"RBC Capital Markets","RBC-CAP-MKTS","Participant",1.2e+10
"15459",4295903104,"Deere & Co",154089299432,"2026-03-13","2026-03-23","2027-03-22","364 Day Revolver","General Corporate Purpose",NA,"Deere & Co",1.2e+10,1,"Societe Generale SA","SOC-GEN","Participant",1.2e+10
"16669",5039844145,"CNH Industrial NV",154083486642,"2010-11-13","2010-12-23","2011-12-23","Term Loan","General Corporate Purpose","Bullet","Fiat SpA",5510003279.76386,21,"BNP Paribas SA","BNP-PARIBAS","Arranger",262381108.560184
"16670",5039844145,"CNH Industrial NV",154083499778,"2010-11-13","2010-12-23","2013-12-23","Revolving Credit Facility","Demerger","Bullet","Fiat SpA",5510003279.76386,33,"IMI - Intesa Sanpaolo","INTESA-SAN","Arranger",166969796.356481
"16671",5039844145,"CNH Industrial NV",154083581514,"2013-02-07","2013-02-07","2016-02-07","Revolving Credit Facility","Working Capital","Bullet","Fiat Chrysler Automobiles NV",2679205347.69387,32,"Barclays","BARCLAYS-CAP","Arranger",83725167.1154334
"16672",5039844145,"CNH Industrial NV",154083591546,"2014-11-21","2014-11-21","2019-11-21","Revolving Credit Facility","Refinancing",NA,"CNH Industrial NV",2167907535.64659,22,"Credit Agricole Corporate & Investment Bank","CREDIT-AGRI-CIB","Arranger",98541251.6202996
"16673",5039844145,"CNH Industrial NV",154083605202,"2014-09-05","2014-09-05","2016-09-06","Revolving Credit Facility","General Corporate Purpose",NA,"CNH Industrial NV",1e+08,18,"Citi","CITI","Facility Agent",5555555.55555556
"16674",5039844145,"CNH Industrial NV",154083617854,"2016-06-20","2016-06-20","2021-06-20","Revolving Credit Facility","Demerger",NA,"CNH Industrial NV",1979257382.63004,21,"NatWest","NATWEST-GRP","Arranger",94250351.5538114
"16675",5039844145,"CNH Industrial NV",154083624584,"2016-06-17","2016-06-17","2019-06-18","Revolving Credit Facility","Working Capital",NA,"CNH Industrial NV",3e+08,22,"Societe Generale SA","SOC-GEN","Arranger",13636363.6363636
"16676",5039844145,"CNH Industrial NV",154085334910,"2019-03-18","2019-03-18","2024-03-18","Revolving Credit Facility","Refinancing",NA,"CNH Industrial NV",4534376239.8685,21,"UniCredit","UNICREDIT-SPA","Arranger",215922678.088976
"16677",5039844145,"CNH Industrial NV",154087094253,"2020-02-28","2020-02-28","2025-03-18","Revolving Credit Facility","General Corporate Purpose",NA,"CNH Industrial NV",4409997464.25146,19,"Monte dei Paschi di Siena","MONTE","Arranger",232105129.697445
"16678",5039844145,"CNH Industrial NV",154087122606,"2021-03-25","2021-12-10","2026-03-18","Revolving Credit Facility","Refinance/Retiring Bank Debt","Bullet","CNH Industrial NV",4524375070.69336,18,"BPER Banca SpA","BPER-BANCA","Arranger",251354170.594076
"16679",5039844145,"CNH Industrial NV",154088460572,"2024-04-19","2024-04-19","2029-04-19","Revolving Credit Facility","General Corporate Purpose","Amortizing","CNH Industrial NV",3462566987.35364,3,"Banco BPM SpA","BANCO-BPM","Arranger",1154188995.78455
"16680",5039844145,"CNH Industrial NV",154089083205,"2025-09-13","2025-09-25","2030-09-24","Revolving Credit Facility","General Corporate Purpose",NA,"CNH Industrial NV",4e+08,4,"Santander Corporate & Investment Banking","SANTANDER-GBM","Arranger",1e+08
"16681",5039844145,"CNH Industrial NV",154089323329,"2026-03-31","2026-03-31","2031-04-18","Revolving Credit Facility","General Corporate Purpose",NA,"CNH Industrial NV",3754404204.93271,2,"BofA Securities Inc","BOFA-SEC-INC","Arranger",1877202102.46636
"16905",4295877395,"Kubota Corp",154083358654,"1999-10-01","1999-10-29","2000-10-29","Committed Credit Facility","General Corporate Purpose","Bullet","Kubota Corp",192122958.693564,5,"Mizuho Financial Group","MIZUHO-FINAN","Arranger",38424591.7387128
"16906",4295877395,"Kubota Corp",154083358655,"1999-10-01","1999-10-21","2001-10-21","Term Loan","General Corporate Purpose","Bullet","Kubota Corp",94401963.5608421,5,"Sumitomo Mitsui Financial Group Inc","SUM-MIT-FIN-GRP","Arranger",18880392.7121684
"16907",4295877395,"Kubota Corp",154083358971,"2000-03-01","2000-03-29","2001-03-29","Revolving Credit Facility","General Corporate Purpose","Bullet","Kubota Corp",283848992.336077,2,"Mitsubishi UFJ Financial Group","MITSUBISHI-UFJ","Participant",141924496.168038
"16908",4295877395,"Kubota Corp",154083358972,"2000-03-01","2000-03-29","2002-03-29","Term Loan","General Corporate Purpose","Bullet","Kubota Corp",283848992.336077,4,"Resona Holdings Inc","RESONA","Participant",70962248.0840192
"16909",4295877395,"Kubota Corp",154083416679,"2001-03-28","2001-03-28","2002-03-28","Committed Credit Facility","Refinancing","Bullet","Kubota Corp",245438926.613761,3,"Mizuho Financial Group","MIZUHO-FINAN","Participant",81812975.5379203
"16910",4295877395,"Kubota Corp",154083422883,"2002-03-29","2002-03-29","2003-03-28","Revolving Credit Facility","General Corporate Purpose","Bullet","Kubota Corp",113002862.739189,5,"Norinchukin Bank","NORINCHUKIN-BK","Participant",22600572.5478378
"16911",4295877395,"Kubota Corp",154083431924,"2003-03-01","2003-03-31","2004-03-29","Term Loan","General Corporate Purpose","Bullet","Kubota Corp",127194098.193844,2,"Mitsubishi UFJ Financial Group","MITSUBISHI-UFJ","Participant",63597049.096922
"16912",4295877395,"Kubota Corp",154083431926,"2003-03-01","2003-03-31","2004-03-29","Committed Credit Facility","Working Capital","Bullet","Kubota Corp",127194098.193844,4,"Sumitomo Mitsui Trust Holdings Inc","SUM-MIT-TR-HLDG","Participant",31798524.548461
"16913",4295877395,"Kubota Corp",154083434972,"2002-03-29","2002-03-29","2003-03-29","Committed Credit Facility","General Corporate Purpose","Bullet","Kubota Corp",113002862.739189,8,"Mizuho Financial Group","MIZUHO-FINAN","Arranger",14125357.8423986
"16914",4295877395,"Kubota Corp",154083436479,"2003-09-01","2003-09-26","2008-09-30","Term Loan","Working Capital","Bullet","Kubota Corp",44814914.4035135,3,"Sumitomo Mitsui Financial Group Inc","SUM-MIT-FIN-GRP","Arranger",14938304.8011712
"16915",4295877395,"Kubota Corp",154083447289,"2004-03-01","2004-03-30","2005-03-15","Committed Credit Facility","Working Capital","Bullet","Kubota Corp",141964792.731403,7,"Mitsubishi UFJ Financial Group","MITSUBISHI-UFJ","Participant",20280684.6759147
"16916",4295877395,"Kubota Corp",154083454510,"2005-03-01","2005-03-16","2006-03-14","Term Loan","General Corporate Purpose","Bullet","Kubota Corp",144023043.68699,3,"Sumitomo Mitsui Financial Group Inc","SUM-MIT-FIN-GRP","Arranger",48007681.2289967
"16917",4295877395,"Kubota Corp",154083457470,"2005-03-01","2005-03-16","2006-03-14","Term Loan","Working Capital","Bullet","Kubota Corp",144023043.68699,5,"Mizuho Financial Group","MIZUHO-FINAN","Arranger",28804608.737398
"16918",4295877395,"Kubota Corp",154083471237,"2006-03-01","2006-03-15","2007-03-14","Committed Credit Facility","Working Capital","Bullet","Kubota Corp",170444861.087438,4,"Mitsubishi UFJ Financial Group","MITSUBISHI-UFJ","Participant",42611215.2718595
"16919",4295877395,"Kubota Corp",154083486071,"2011-03-01","2011-03-17","2012-03-16","Revolving Credit Facility","Working Capital",NA,"Kubota Corp",253710516.300901,3,"Resona Holdings Inc","RESONA","Participant",84570172.1003003
"16920",4295877395,"Kubota Corp",154083496599,"2012-03-01","2012-03-19","2013-06-18","Revolving Credit Facility","Working Capital",NA,"Kubota Corp",239980801.535877,8,"Mizuho Financial Group","MIZUHO-FINAN","Participant",29997600.1919846
"16921",4295877395,"Kubota Corp",154083507920,"2007-04-01","2007-04-24","2010-02-26","Term Loan","General Corporate Purpose",NA,"Kubota Corp",1e+08,2,"Norinchukin Bank","NORINCHUKIN-BK","Participant",5e+07
"16922",4295877395,"Kubota Corp",154083508644,"2007-03-01","2007-03-15","2008-03-14","Committed Credit Facility","Working Capital",NA,"Kubota Corp",170256235.63463,5,"Mitsubishi UFJ Financial Group","MITSUBISHI-UFJ","Participant",34051247.126926
"16923",4295877395,"Kubota Corp",154083511531,"2008-09-01","2008-09-22","2011-09-26","Term Loan","General Corporate Purpose",NA,"Kubota Corp",1.5e+08,4,"Sumitomo Mitsui Trust Holdings Inc","SUM-MIT-TR-HLDG","Participant",37500000
"16924",4295877395,"Kubota Corp",154083517135,"2009-12-01","2009-12-29","2013-01-08","Term Loan","General Corporate Purpose",NA,"Kubota Corp",5e+07,3,"Sumitomo Mitsui Financial Group Inc","SUM-MIT-FIN-GRP","Arranger",16666666.6666667
"16925",4295877395,"Kubota Corp",154083517433,"2008-03-01","2008-03-13","2011-03-18","Term Loan","Operating Fund / Cash Reserve",NA,"Kubota Corp",1e+08,4,"Mizuho Financial Group","MIZUHO-FINAN","Arranger",2.5e+07
"16926",4295877395,"Kubota Corp",154083534428,"2010-03-01","2010-03-17","2011-03-16","Committed Credit Facility","Working Capital",NA,"Kubota Corp",221557549.573502,3,"Mitsubishi UFJ Financial Group","MITSUBISHI-UFJ","Participant",73852516.5245007
"16927",4295877395,"Kubota Corp",154083535290,"2009-03-01","2009-03-17","2010-03-16","Committed Credit Facility","Working Capital",NA,"Kubota Corp",253549695.740365,2,"Mizuho Financial Group","MIZUHO-FINAN","Arranger",126774847.870182
"16928",4295877395,"Kubota Corp",154083537714,"2008-06-01","2008-06-18","2011-06-20","Term Loan","Operating Fund / Cash Reserve",NA,"Kubota Corp",2e+08,2,"Sumitomo Mitsui Financial Group Inc","SUM-MIT-FIN-GRP","Arranger",1e+08
"16929",4295877395,"Kubota Corp",154083541431,"2007-09-01","2007-09-21","2010-09-21","Term Loan","General Corporate Purpose",NA,"Kubota Corp",1e+08,5,"Mitsubishi UFJ Financial Group","MITSUBISHI-UFJ","Participant",2e+07
"16930",4295877395,"Kubota Corp",154083545456,"2008-03-01","2008-03-17","2009-03-16","Committed Credit Facility","General Corporate Purpose",NA,"Kubota Corp",205359893.212856,2,"Resona Holdings Inc","RESONA","Participant",102679946.606428
"16931",4295877395,"Kubota Corp",154083553584,"2007-02-01","2007-02-22","2010-02-26","Term Loan","General Corporate Purpose",NA,"Kubota Corp",5e+07,2,"Mizuho Financial Group","MIZUHO-FINAN","Participant",2.5e+07
"16932",4295877395,"Kubota Corp",154083567592,"2014-03-13","2014-03-19","2015-03-18","364 Day Revolver","Working Capital",NA,"Kubota Corp",195446105.736343,2,"Mitsubishi UFJ Financial Group","MITSUBISHI-UFJ","Participant",97723052.8681715
"16933",4295877395,"Kubota Corp",154083583710,"2013-03-01","2013-03-19","2014-06-18","Revolving Credit Facility","Working Capital",NA,"Kubota Corp",210238620.834647,2,"Sumitomo Mitsui Trust Holdings Inc","SUM-MIT-TR-HLDG","Participant",105119310.417323
"16934",4295877395,"Kubota Corp",154083610129,"2014-12-22","2014-12-22","2021-12-27","Term Loan","Working Capital",NA,"Kubota Corp",166597251.145356,2,"Sumitomo Mitsui Financial Group Inc","SUM-MIT-FIN-GRP","Arranger",83298625.572678
"16935",4295877395,"Kubota Corp",154083610559,"2015-03-13","2015-03-19","2016-03-18","364 Day Revolver","Working Capital",NA,"Kubota Corp",165590329.524756,4,"Mitsubishi UFJ Financial Group","MITSUBISHI-UFJ","Participant",41397582.381189
"16936",4295877395,"Kubota Corp",154083625782,"2016-03-18","2016-03-22","2017-03-21","364 Day Revolver","Working Capital",NA,"Kubota Corp",177999288.002848,2,"Resona Holdings Inc","RESONA","Participant",88999644.001424
"16937",4295877395,"Kubota Corp",154083638676,"2017-03-31","2017-03-31","2018-03-30","364 Day Revolver","Working Capital",NA,"Kubota Corp",179565451.607111,2,"Mizuho Financial Group","MIZUHO-FINAN","Participant",89782725.8035555
"16938",4295877395,"Kubota Corp",154085072418,"2018-03-19","2018-03-30","2019-03-29","364 Day Revolver","Working Capital",NA,"Kubota Corp",188217579.521927,2,"Sumitomo Mitsui Trust Holdings Inc","SUM-MIT-TR-HLDG","Participant",94108789.7609635
"17026",4295903078,"AGCO Corp",154083365955,"1995-03-01",NA,NA,"Term Loan","General Corporate Purpose",NA,"AGCO Corp",7.5e+07,6,"BMO Capital Markets","BMO-CAPITAL","Arranger",12500000
"17027",4295903078,"AGCO Corp",154083383989,"1996-05-01","1996-06-01","2001-06-01","Revolving Credit Facility","Acquisition Finance",NA,"AGCO Corp",6.5e+08,27,"Deutsche Bank","DEUTSCHE-BANK","Agent",1e+07
"17028",4295903078,"AGCO Corp",154083383990,"1996-05-01","1996-06-01","2001-06-01","Revolving Credit Facility","Acquisition Finance",NA,"AGCO Corp",6.5e+08,11,"Cooperatieve Rabobank UA","RABOBANK","Agent",1e+07
"17029",4295903078,"AGCO Corp",154083391498,"1997-02-24","1997-02-24","2002-01-14","Revolving Credit Facility","Refinancing","Bullet","AGCO Corp",1.2e+09,18,"Truist Financial Corp","TRUIST-FIN","Agent",1e+07
"17030",4295903078,"AGCO Corp",154083391499,"1997-02-24","1997-02-24","2002-01-14","Revolving Credit Facility","General Corporate Purpose","Bullet","AGCO Corp",1.2e+09,25,"Credit Agricole Corporate & Investment Bank","CREDIT-AGRI-CIB","Co-Agent",4.8e+07
"17031",4295903078,"AGCO Corp",154083401881,"1999-03-18","1999-03-18","2002-01-14","Revolving Credit Facility","Refinance/Retiring Bank Debt","Bullet","AGCO Corp",1e+09,18,"JP Morgan & Co Inc","JPM","Co-Agent",55555555.5555556
"17032",4295903078,"AGCO Corp",154083401933,"1999-03-18","1999-03-18","2002-01-14","Revolving Credit Facility","Refinance/Retiring Bank Debt","Bullet","AGCO Corp",1e+09,33,"TD Securities Inc","TD-SECURITIES","Co-Agent",30303030.3030303
"17033",4295903078,"AGCO Corp",154083420655,"2001-04-17","2001-04-17","2005-10-17","Revolving Credit Facility","General Corporate Purpose","Bullet","AGCO Corp",3.5e+08,1,"Deutsche Bank","DEUTSCHE-BANK","Agent",3.5e+08
"17034",4295903078,"AGCO Corp",154083420933,"2001-04-17","2001-04-17","2005-10-17","Revolving Credit Facility","Working Capital","Bullet","AGCO Corp",3.5e+08,25,"Cooperatieve Rabobank UA","RABOBANK","Agent",1.4e+07
"17035",4295903078,"AGCO Corp",154083436697,"2003-09-25","2003-12-22","2006-01-31","Term Loan","Refinancing","Amortizing","AGCO Corp",805820645.912565,6,"Truist Financial Corp","TRUIST-FIN","Agent",134303440.985427
"17036",4295903078,"AGCO Corp",154083439401,"2003-09-25","2003-12-22","2006-01-31","Term Loan","General Corporate Purpose","Amortizing","AGCO Corp",805820645.912565,27,"Credit Agricole Corporate & Investment Bank","CREDIT-AGRI-CIB","Co-Agent",29845209.1078728
"17037",4295903078,"AGCO Corp",154083442448,"2003-09-25","2003-12-22","2006-01-31","Revolving Credit Facility","Working Capital","Bullet","AGCO Corp",805820645.912565,9,"JP Morgan & Co Inc","JPM","Co-Agent",89535627.3236183
"17038",4295903078,"AGCO Corp",154083442451,"2003-09-25","2003-12-22","2006-01-31","Revolving Credit Facility","Refinancing","Bullet","AGCO Corp",805820645.912565,5,"TD Securities Inc","TD-SECURITIES","Co-Agent",161164129.182513
"17039",4295903078,"AGCO Corp",154083442452,"2003-09-25","2004-01-05","2005-01-05","Bridge Loan","General Corporate Purpose","Bullet","AGCO Corp",1e+08,12,"Deutsche Bank","DEUTSCHE-BANK","Agent",8333333.33333333
"17040",4295903078,"AGCO Corp",154083447506,"2004-08-13",NA,NA,"Revolving Credit Facility","Refinance/Retiring Bank Debt",NA,"AGCO Corp",1e+08,9,"Cooperatieve Rabobank UA","RABOBANK","Agent",11111111.1111111
"17041",4295903078,"AGCO Corp",154083496884,"2011-10-03","2011-12-01","2016-12-01","Revolving Credit Facility","Working Capital",NA,"AGCO Corp",1e+09,5,"Truist Financial Corp","TRUIST-FIN","Agent",2e+08
"17042",4295903078,"AGCO Corp",154083497408,"2008-04-29","2008-05-16","2013-05-16","Revolving Credit Facility","Acquisition Finance","Bullet","AGCO Corp",3e+08,5,"Hypo-bank","HYPO-BANK","Co-Agent",6e+07
"17043",4295903078,"AGCO Corp",154083528421,"2011-10-03","2011-12-01","2016-12-01","Term Loan","General Corporate Purpose",NA,"AGCO Corp",1e+09,5,"BMO Capital Markets","BMO-CAPITAL","Co-Agent",2e+08
"17044",4295903078,"AGCO Corp",154083590528,"2014-06-18","2014-06-30","2019-06-28","Revolving Credit Facility","Refinance/Retiring Bank Debt",NA,"AGCO Corp",1.155e+09,4,"CIBC World Markets Inc","CIBC-WORLD","Co-Agent",288750000
"17045",4295903078,"AGCO Corp",154083590529,"2014-06-18","2014-06-30","2019-06-28","Term Loan A","Working Capital","Bullet","AGCO Corp",1.155e+09,4,"Credit Agricole Corporate & Investment Bank","CREDIT-AGRI-CIB","Co-Agent",288750000
"17046",4295903078,"AGCO Corp",154083600441,"2015-06-19","2015-06-19","2020-06-28","Term Loan A","Acquisition Finance","Bullet","AGCO Corp",1.155e+09,6,"Commerzbank AG","COMMERZBANK","Co-Agent",192500000
"17047",4295903078,"AGCO Corp",154083600442,"2015-06-19","2015-06-19","2020-06-28","Revolving Credit Facility","General Corporate Purpose",NA,"AGCO Corp",1.155e+09,4,"JP Morgan & Co Inc","JPM","Co-Agent",288750000
"17048",4295903078,"AGCO Corp",154085223613,"2018-10-17","2018-10-17","2023-10-17","Revolving Credit Facility","Refinance/Retiring Bank Debt",NA,"AGCO Corp",8e+08,4,"TD Securities Inc","TD-SECURITIES","Co-Agent",2e+08
"17049",4295903078,"AGCO Corp",154085662010,"2020-04-09","2020-04-09","2022-04-08","Term Loan","Working Capital",NA,"AGCO Corp",524285698.675642,5,"Wells Fargo & Co","WF","Co-Agent",104857139.735128
"17050",4295903078,"AGCO Corp",154085662011,"2020-04-09","2020-04-09","2022-04-08","Term Loan","Acquisition Finance",NA,"AGCO Corp",524285698.675642,1,"Natixis","NATIXIS","Lender",524285698.675642
"17051",4295903078,"AGCO Corp",154087573811,"2022-04-26","2022-04-26","2023-03-31","Revolving Credit Facility","General Corporate Purpose",NA,"AGCO Corp",239310784.939375,5,"BNP Paribas SA","BNP-PARIBAS","Lender",47862156.987875
"17052",4295903078,"AGCO Corp",154087864252,"2022-12-19","2022-12-19","2027-12-19","Revolving Credit Facility","Refinance/Retiring Bank Debt",NA,"AGCO Corp",1.25e+09,4,"Mitsubishi UFJ Financial Group","MITSUBISHI-UFJ","Lender",312500000
"17053",4295903078,"AGCO Corp",154087864253,"2022-12-19","2022-12-19","2027-12-19","Revolving Credit Facility","Working Capital",NA,"AGCO Corp",1.25e+09,1,"Nordea","NORDEA-BANK","Lender",1.25e+09
"17054",4295903078,"AGCO Corp",154088247513,"2023-10-18","2023-10-18","2024-10-16","Bridge Loan","Acquisition Finance",NA,"AGCO Corp",2e+09,2,"Deutsche GenossenschaftsZentralbank {DZ Bank}","DZ-BK","Lender",1e+09
"17055",4295903078,"AGCO Corp",154088633529,"2024-09-23","2024-11-01","2031-11-01","Term Loan B","Pay Fees And Expenses",NA,"AGCO Corp",4.1e+08,1,"IMI - Intesa Sanpaolo","INTESA-SAN","Lender",4.1e+08
"17056",4295903078,"AGCO Corp",154088711887,"2024-09-23","2024-11-01","2029-11-01","Revolving Credit Facility","Acquisition Finance",NA,"AGCO Corp",4.1e+08,1,"JP Morgan & Co Inc","JPM","Lender",4.1e+08
"17057",4295903078,"AGCO Corp",154088847177,"2025-03-25","2025-03-28","2031-11-01","Term Loan B","Refinancing",NA,"AGCO Corp",1e+08,4,"Bank of New York Mellon Corp","BNY-MELLON","Lender",2.5e+07
"17058",4295903078,"AGCO Corp",154090093259,"2026-06-15","2026-06-18","2031-11-01","Term Loan B","Refinance/Retiring Bank Debt",NA,"AGCO Corp",5.3e+08,1,"HSBC Holdings PLC","SAM-CAPEL-HSBC","Lender",5.3e+08
"17059",4295903078,"AGCO Corp",154090093260,"2026-06-15","2026-06-18","2031-11-01","Term Loan B","Acquisition Finance",NA,"AGCO Corp",5.3e+08,1,"National Australia Bank Ltd","NATL-AUST-BK","Lender",5.3e+08
"17060",4295903078,"AGCO Corp",154090093261,"2026-06-15","2026-06-18","2029-11-01","Revolving Credit Facility","General Corporate Purpose",NA,"AGCO Corp",5.3e+08,1,"National Bank of Canada Financial","NB-CANADA","Lender",5.3e+08
"17322",5037658928,"Zoetis Inc",154083580360,"2012-12-20","2012-12-20","2017-12-20","Revolving Credit Facility","General Corporate Purpose",NA,"Pfizer Inc",1e+09,13,"JP Morgan & Co Inc","JPM","Administration Agent",76923076.9230769
"17323",5037658928,"Zoetis Inc",154083608480,"2016-12-21","2016-12-21","2021-12-21","Revolving Credit Facility","General Corporate Purpose",NA,"Zoetis Inc",1e+09,13,"Citi","CITI","Syndication Agent",76923076.9230769
"17324",5037658928,"Zoetis Inc",154083663261,"2017-12-16","2017-12-21","2022-12-21","Revolving Credit Facility","General Corporate Purpose",NA,"Zoetis Inc",1e+09,14,"BofA Securities Inc","BOFA-SEC-INC","Syndication Agent",71428571.4285714
"17325",5037658928,"Zoetis Inc",154085259228,"2018-12-16","2018-12-21","2023-12-21","Revolving Credit Facility","General Corporate Purpose",NA,"Zoetis Inc",1e+09,1,"Barclays","BARCLAYS-CAP","Syndication Agent",1e+09
"17326",5037658928,"Zoetis Inc",154087847846,"2022-12-15","2022-12-21","2027-12-21","Revolving Credit Facility","General Corporate Purpose",NA,"Zoetis Inc",1e+09,13,"Deutsche Bank","DEUTSCHE-BANK","Syndication Agent",76923076.9230769
"17327",5037658928,"Zoetis Inc",154089058201,"2025-08-27","2025-08-27","2030-08-27","Revolving Credit Facility","General Corporate Purpose",NA,"Zoetis Inc",1.25e+09,8,"Mitsubishi UFJ Financial Group","MITSUBISHI-UFJ","Syndication Agent",156250000
"17384",4295904886,"Merck & Co Inc",154083387821,"1995-04-28","1995-04-28",NA,"Revolving Credit Facility","Backup Facility",NA,"Schering Plough Corp",5e+08,23,"JP Morgan & Co Inc","JPM","Administration Agent",21739130.4347826
"17385",4295904886,"Merck & Co Inc",154083388617,"1995-06-01","1995-06-01",NA,"Revolving Credit Facility","Future Acquisitions",NA,"Schering Plough Corp",5.5e+07,5,"Bank of New York Mellon Corp","BNY-MELLON","Co-Agent",1.1e+07
"17386",4295904886,"Merck & Co Inc",154083390398,"1996-12-09","1996-12-20",NA,"Revolving Credit Facility","Working Capital",NA,"Schering Plough Corp",1e+09,5,"JP Morgan & Co Inc","JPM","Co-Agent",2e+08
"17387",4295904886,"Merck & Co Inc",154083418660,"2001-04-20","2001-05-24","2002-05-23","Revolving Credit Facility","Standby/CP Support",NA,"Schering Plough Corp",1e+09,10,"Sumitomo Mitsui Financial Group Inc","SUM-MIT-FIN-GRP","Co-Agent",1e+08
"17388",4295904886,"Merck & Co Inc",154083421679,"2001-04-20","2001-05-24","2006-05-24","Revolving Credit Facility","General Corporate Purpose",NA,"Schering Plough Corp",1e+09,6,"JP Morgan & Co Inc","JPM","Administration Agent",166666666.666667
"17389",4295904886,"Merck & Co Inc",154083430345,"2002-05-15","2002-05-23","2003-05-22","Revolving Credit Facility","General Corporate Purpose",NA,"Schering Plough Corp",5e+08,9,"BofA Securities Inc","BOFA-SEC-INC","Lender",55555555.5555556
"17390",4295904886,"Merck & Co Inc",154083433015,"2003-05-20","2003-05-20","2004-05-19","Revolving Credit Facility","Standby/CP Support",NA,"Schering Plough Corp",5e+08,6,"JP Morgan & Co Inc","JPM","Administration Agent",83333333.3333333
"17391",4295904886,"Merck & Co Inc",154083437810,"2003-09-15","2003-09-15","2004-09-14","Revolving Credit Facility","Standby/CP Support",NA,"Schering Plough Corp",1e+09,6,"Bank of New York Mellon Corp","BNY-MELLON","Co-Agent",166666666.666667
"17392",4295904886,"Merck & Co Inc",154083448506,"2004-05-18","2004-05-18","2009-05-18","Revolving Credit Facility","General Corporate Purpose",NA,"Schering Plough Corp",1.25e+09,14,"Citi","CITI","Co-Agent",89285714.2857143
"17393",4295904886,"Merck & Co Inc",154083457927,"2005-02-22","2005-03-01","2009-06-18","Revolving Credit Facility","Refinancing",NA,"Schering Plough Corp",2.5e+08,4,"BofA Securities Inc","BOFA-SEC-INC","Co-Agent",62500000
"17394",4295904886,"Merck & Co Inc",154083464124,"2005-11-04","2005-11-04","2008-11-04","Revolving Credit Facility","Standby/CP Support",NA,"Schering Plough Corp",5.75e+08,9,"JP Morgan & Co Inc","JPM","Co-Agent",63888888.8888889
"17395",4295904886,"Merck & Co Inc",154083516139,"2010-04-22","2010-05-19","2011-05-18","364 Day Revolver","Refinance/Retiring Bank Debt","Bullet","Merck & Co Inc",2e+09,4,"Sumitomo Mitsui Financial Group Inc","SUM-MIT-FIN-GRP","Co-Agent",5e+08
"17396",4295904886,"Merck & Co Inc",154083521859,"2007-08-09","2007-08-09","2012-08-09","Revolving Credit Facility","Refinancing",NA,"Schering Plough Corp",2e+09,14,"Wells Fargo & Co","WF","Co-Agent",142857142.857143
"17397",4295904886,"Merck & Co Inc",154083527536,"2011-05-18","2011-05-18","2015-05-18","Revolving Credit Facility","General Corporate Purpose","Bullet","Merck & Co Inc",4e+09,6,"JP Morgan & Co Inc","JPM","Administration Agent",666666666.666667
"17398",4295904886,"Merck & Co Inc",154083527537,"2011-05-18","2011-05-18","2012-05-18","Revolving Credit Facility","Refinancing","Bullet","Merck & Co Inc",4e+09,5,"Citi","CITI","Syndication Agent",8e+08
"17399",4295904886,"Merck & Co Inc",154083532382,"2012-05-16","2012-05-16","2017-05-16","Revolving Credit Facility","Standby/CP Support",NA,"Merck & Co Inc",4e+09,6,"BofA Securities Inc","BOFA-SEC-INC","Documentation Agent",666666666.666667
"17400",4295904886,"Merck & Co Inc",154083535467,"2007-10-05","2007-10-05","2008-10-05","Bridge Loan","General Corporate Purpose",NA,"Schering Plough Corp",1.1e+10,9,"BofA Securities Inc","BOFA-SEC-INC","Documentation Agent",1222222222.22222
"17401",4295904886,"Merck & Co Inc",154083536991,"2007-10-24","2007-10-24","2012-10-24","Term Loan","Standby/CP Support",NA,"Schering Plough Corp",1783116030.92636,6,"Northern Trust Corp","NORTHERN-T-CORP","Co-Agent",297186005.154393
"17402",4295904886,"Merck & Co Inc",154083595045,"2014-08-05","2014-08-05","2019-08-05","Revolving Credit Facility","General Corporate Purpose",NA,"Merck & Co Inc",6e+09,4,"Bank of New York Mellon Corp","BNY-MELLON","Co-Agent",1.5e+09
"17403",4295904886,"Merck & Co Inc",154083608228,"2014-12-16","2014-12-22","2015-12-21","Bridge Loan","Refinancing",NA,"Merck & Co Inc",8e+09,8,"Mitsubishi UFJ Financial Group","MITSUBISHI-UFJ","Co-Agent",1e+09
"17404",4295904886,"Merck & Co Inc",154083627586,"2016-06-18","2016-06-30","2021-06-30","Revolving Credit Facility","General Corporate Purpose",NA,"Merck & Co Inc",6e+09,3,"BofA Securities Inc","BOFA-SEC-INC","Co-Agent",2e+09
"17405",4295904886,"Merck & Co Inc",154083640361,"2017-05-23","2017-05-23","2022-05-23","Revolving Credit Facility","Refinancing",NA,"Merck & Co Inc",6e+09,7,"ING","ING","Co-Agent",857142857.142857
"17406",4295904886,"Merck & Co Inc",154085131928,"2018-06-17","2018-06-18","2023-06-30","Revolving Credit Facility","General Corporate Purpose",NA,"Merck & Co Inc",6e+09,11,"JP Morgan & Co Inc","JPM","Administration Agent",545454545.454545
"17407",4295904886,"Merck & Co Inc",154085406244,"2019-06-03","2019-06-03","2024-06-30","Revolving Credit Facility","Refinancing",NA,"Merck & Co Inc",6e+09,6,"Citi","CITI","Syndication Agent",1e+09
"17408",4295904886,"Merck & Co Inc",154087210227,"2021-06-18","2021-06-30","2026-06-30","Revolving Credit Facility","Acquisition Finance",NA,"Merck & Co Inc",6e+09,6,"BofA Securities Inc","BOFA-SEC-INC","Documentation Agent",1e+09
"17409",4295904886,"Merck & Co Inc",154088022255,"2023-05-31","2023-05-31","2028-05-31","Revolving Credit Facility","Acquisition Finance",NA,"Merck & Co Inc",6e+09,2,"BofA Securities Inc","BOFA-SEC-INC","Documentation Agent",3e+09
"17410",4295904886,"Merck & Co Inc",154088521339,"2024-05-31","2024-05-31","2029-05-31","Revolving Credit Facility","General Corporate Purpose",NA,"Merck & Co Inc",6e+09,2,"Northern Trust Corp","NORTHERN-T-CORP","Co-Agent",3e+09
"17411",4295904886,"Merck & Co Inc",154088938522,"2025-06-02","2025-06-02","2030-05-31","Revolving Credit Facility","Acquisition Finance",NA,"Merck & Co Inc",6e+09,6,"Bank of New York Mellon Corp","BNY-MELLON","Co-Agent",1e+09
"17412",4295904886,"Merck & Co Inc",154089312859,"2026-03-24","2026-04-01","2027-03-31","Delayed Draw Term Loan","Standby/CP Support",NA,"Merck & Co Inc",6e+09,3,"Mitsubishi UFJ Financial Group","MITSUBISHI-UFJ","Co-Agent",2e+09
"17413",4295904886,"Merck & Co Inc",154089945152,"2026-06-01","2026-06-01","2031-06-01","Revolving Credit Facility","General Corporate Purpose",NA,"Merck & Co Inc",6e+09,4,"BofA Securities Inc","BOFA-SEC-INC","Co-Agent",1.5e+09
"17593",4295869234,"Boehringer Ingelheim GmbH",154083408297,"1998-02-20","1998-02-20","2005-02-01","Revolving Credit Facility","General Corporate Purpose","Bullet","CH Boehringer Sohn AG & Co KG",3e+08,4,"IMI - Intesa Sanpaolo","INTESA-SAN","Lead Manager",1.8e+07
"17594",4295869234,"Boehringer Ingelheim GmbH",154083495529,"2009-06-11","2009-06-11","2019-06-11","Term Loan","Acquisition Finance",NA,"CH Boehringer Sohn AG & Co KG",423119235.000423,17,"Commerzbank AG","COMMERZBANK","Lead Manager",1.8e+07
"17614",4296365146,"Elanco Animal Health Inc",154085194091,"2018-09-05","2018-09-05","2023-09-05","Revolving Credit Facility","Spinoff",NA,"Eli Lilly & Co",1.25e+09,10,"JP Morgan & Co Inc","JPM","Administration Agent",1.25e+08
"17615",4296365146,"Elanco Animal Health Inc",154085194092,"2018-09-05","2018-09-05","2021-09-07","Term Loan A","Spinoff",NA,"Eli Lilly & Co",1.25e+09,10,"Goldman Sachs & Co","GS","Syndication Agent",1.25e+08
"17616",4296365146,"Elanco Animal Health Inc",154085592214,"2020-01-28","2020-08-01","2027-08-01","Term Loan B","General Corporate Purpose","Amortizing","Elanco Animal Health Inc",5.025e+09,9,"UBS","UBS-BANK","Participant",558333333.333333
"17617",4296365146,"Elanco Animal Health Inc",154085592216,"2020-01-28","2020-08-01","2025-08-01","Revolving Credit Facility","Acquisition Finance",NA,"Elanco Animal Health Inc",5.025e+09,9,"Deutsche Bank","DEUTSCHE-BANK","Participant",558333333.333333
"17618",4296365146,"Elanco Animal Health Inc",154087661005,"2022-06-28","2022-06-28","2025-06-28","Term Loan A","General Corporate Purpose",NA,"Elanco Animal Health Inc",1.75e+08,4,"JP Morgan & Co Inc","JPM","Administration Agent",43750000
"17619",4296365146,"Elanco Animal Health Inc",154088535737,"2024-06-26","2024-07-03","2029-07-03","Revolving Credit Facility","Working Capital",NA,"Elanco Animal Health Inc",7.5e+08,8,"Goldman Sachs & Co","GS","Syndication Agent",93750000
"17620",4296365146,"Elanco Animal Health Inc",154089134105,"2025-10-20","2025-10-31","2032-10-31","Term Loan B","Acquisition Finance",NA,"Elanco Animal Health Inc",2101361014.99423,9,"UBS","UBS-BANK","Participant",233484557.221581
"17621",4296365146,"Elanco Animal Health Inc",154089134106,"2025-10-20","2025-10-31","2029-04-30","Term Loan A","General Corporate Purpose",NA,"Elanco Animal Health Inc",2101361014.99423,4,"Deutsche Bank","DEUTSCHE-BANK","Participant",525340253.748558
"17622",4296365146,"Elanco Animal Health Inc",154089134658,"2025-10-20","2025-10-31","2032-10-31","Term Loan","General Corporate Purpose",NA,"Elanco Animal Health Inc",2101361014.99423,4,"Goldman Sachs & Co","GS","Administration Agent",525340253.748558
